{"type":"FeatureCollection", "features": [
{"type":"Feature","geometry":{"type":"Polygon","coordinates":[[[-5.5132,10.4308],[-6.1965,10.2387],[-6.2462,10.7402],[-6.6419,10.6723],[-6.6783,10.3387],[-7.0644,10.1492],[-7.6261,10.462],[-7.9794,10.1703],[-8.143,9.5622],[-7.7336,9.065],[-7.9486,8.7887],[-7.7879,8.4766],[-8.1885,8.5068],[-7.9973,8.1978],[-8.2101,7.5368],[-8.471,7.5572],[-8.3201,6.8158],[-8.6015,6.5054],[-7.8226,6.1951],[-7.4306,5.8393],[-7.3899,5.2908],[-7.5992,4.896],[-7.527,4.1622],[-7.5,4.1623],[-5.7978,4.8422],[-4.0266,5.0434],[-3.1483,4.8959],[-2.757,5.1016],[-2.7601,5.5986],[-2.9665,5.6409],[-3.2588,6.6164],[-2.9528,7.2377],[-2.7814,7.9522],[-2.4929,8.2064],[-2.6872,9.4917],[-3.4064,9.93],[-3.8959,9.9057],[-4.2906,9.6232],[-4.9699,9.8986],[-5.1115,10.308],[-5.5132,10.4308]]]},"properties":{"tzid":"Africa/Abidjan"}},
{"type":"Feature","geometry":{"type":"Polygon","coordinates":[[[1.2733,5.9265],[0.5321,6.8288],[0.5847,8.0931],[0.7312,8.2873],[0.3743,8.7538],[0.567,9.4059],[0.3658,9.5759],[0.3916,10.3154],[-0.0902,10.7083],[-0.1362,11.1395],[-0.5692,10.9914],[-2.8337,11.0067],[-2.94,10.6114],[-2.7658,10.2654],[-2.6872,9.4917],[-2.4929,8.2064],[-2.7814,7.9522],[-2.9528,7.2377],[-3.2588,6.6164],[-2.9665,5.6409],[-2.7601,5.5986],[-2.757,5.1016],[-3.1483,4.8959],[-1.9223,4.5646],[-1.4859,4.8444],[-0.8073,5.0125],[0.3349,5.5808],[0.9958,5.5997],[1.2733,5.9265]]]},"properties":{"tzid":"Africa/Accra"}},
{"type":"Feature","geometry":{"type":"Polygon","coordinates":[[[36.5602,14.2576],[36.2486,13.3681],[36.1403,12.7042],[35.6618,12.6369],[35.0869,11.8075],[34.9753,10.8644],[34.6029,10.9058],[34.2947,10.585],[34.3338,10.119],[34.1067,9.5],[34.1738,8.5856],[33.7676,8.3676],[33.1899,8.4055],[33.0462,7.7901],[33.716,7.6628],[34.1936,7.0392],[35.0222,6.435],[35.126,5.6244],[35.8624,5.3198],[35.9442,4.6191],[36.0373,4.4497],[36.8447,4.4473],[38.1299,3.6058],[39.4979,3.4623],[39.8696,3.8747],[40.7477,4.2613],[41.1693,3.9426],[41.9068,3.9827],[42.0874,4.1791],[42.8249,4.2668],[43.0793,4.6022],[44.0317,4.9433],[44.978,4.9234],[45.4109,5.5364],[46.5111,6.5203],[47.9824,7.9998],[46.9931,8.0016],[43.9967,8.9998],[43.2982,9.6061],[42.7087,10.5781],[42.9616,10.9844],[42.6289,11.0956],[41.7943,10.9794],[41.7713,11.4938],[42.4042,12.4686],[41.6423,13.385],[41.2507,13.6104],[40.8103,14.172],[39.5866,14.6089],[39.1685,14.6492],[38.4553,14.4133],[37.9112,14.8939],[37.5276,14.1845],[37.312,14.4473],[36.5602,14.2576]]]},"properties":{"tzid":"Africa/Addis_Ababa"}},
{"type":"Feature","geometry":{"type":"Polygon","coordinates":[[[11.9973,23.5172],[11.6043,24.2647],[10.9497,24.5327],[10.3567,24.537],[10.0378,24.9656],[10.0321,25.3596],[9.399,26.1956],[9.8633,26.5199],[9.7825,27.2566],[9.962,27.886],[9.7799,29.4248],[9.3911,30.1673],[9.5592,30.2291],[9.0711,32.0942],[8.3568,32.5026],[8.1173,33.0998],[7.8322,33.1881],[7.5303,34.0611],[8.301,34.7322],[8.4765,35.2398],[8.2535,35.8859],[8.4046,36.4234],[8.1552,36.4991],[8.6694,36.8173],[8.5905,37.143],[7.5,37.269],[6.7562,37.179],[6.3767,37.2889],[5.9934,37.061],[5.1731,36.9803],[3.8707,37.1265],[2.3926,36.8459],[0.8448,36.6339],[-0.0132,36.2126],[-1.3488,35.8368],[-1.6621,35.4634],[-2.2064,35.3372],[-2.2185,35.0485],[-1.7393,34.7437],[-1.6703,33.2841],[-1.399,32.7627],[-1.0007,32.5059],[-1.2213,32.0799],[-2.0149,32.1822],[-2.8734,32.1114],[-2.8207,31.7936],[-3.6647,31.6335],[-3.7907,31.2362],[-3.5363,31.0137],[-3.6566,30.6723],[-4.3297,30.5215],[-5.2889,29.8811],[-5.5536,29.483],[-5.8137,29.6077],[-7.6136,29.3654],[-8.6687,28.6672],[-8.6678,27.6704],[-8.6681,27.3149],[-6.0344,25.7362],[-4.8333,25],[-3.6022,24.2031],[-1.668,22.9511],[1.1666,21.1164],[1.1641,20.7386],[1.5911,20.6004],[1.9225,20.2243],[3.2596,19.8176],[3.1226,19.1852],[3.3576,18.9681],[4.2667,19.1441],[5.8118,19.4441],[7.4597,20.8425],[8.997,21.7786],[11.9973,23.5172]]]},"properties":{"tzid":"Africa/Algiers"}},
{"type":"Feature","geometry":{"type":"Polygon","coordinates":[[[43.1511,12.7204],[43.2978,12.7923],[43.0788,13.1337],[42.8339,13.4275],[42.5967,13.7411],[42.4638,13.6685],[41.8758,14.1367],[41.2862,14.801],[40.685,15.1805],[41.0621,15.41],[41.0494,15.7271],[40.4823,16.0922],[40.2585,16.7355],[39.5654,16.6562],[39.322,16.8216],[38.7881,18.071],[38.2619,17.5353],[37.5021,17.3164],[37.404,17.0585],[36.9958,17.0739],[36.9575,16.4192],[36.5483,15.2519],[36.4334,15.1674],[36.5602,14.2576],[37.312,14.4473],[37.5276,14.1845],[37.9112,14.8939],[38.4553,14.4133],[39.1685,14.6492],[39.5866,14.6089],[40.8103,14.172],[41.2507,13.6104],[41.6423,13.385],[42.4042,12.4686],[42.6977,12.3642],[43.1421,12.7161],[43.1511,12.7204]]]},"properties":{"tzid":"Africa/Asmara"}},
{"type":"Feature","geometry":{"type":"Polygon","coordinates":[[[-7.9794,10.1703],[-7.6261,10.462],[-7.0644,10.1492],[-6.6783,10.3387],[-6.6419,10.6723],[-6.2462,10.7402],[-6.1965,10.2387],[-5.5132,10.4308],[-5.4893,11.0815],[-5.256,11.2441],[-5.2484,11.8378],[-4.723,12.0171],[-4.3963,12.3105],[-4.3474,13.1157],[-3.9625,13.4927],[-3.5523,13.1669],[-3.2341,13.289],[-3.2611,13.7145],[-2.874,13.6541],[-2.839,14.0544],[-2.4736,14.2995],[-2.1033,14.147],[-1.9805,14.4757],[-1.069,14.7851],[-0.724,15.084],[0.2322,14.9998],[1,15],[1.3115,15.2781],[3.4931,15.3579],[3.8562,15.6863],[4.1999,16.3951],[4.2667,17.0017],[4.2667,19.1441],[3.3576,18.9681],[3.1226,19.1852],[3.2596,19.8176],[1.9225,20.2243],[1.5911,20.6004],[1.1641,20.7386],[1.1666,21.1164],[-1.668,22.9511],[-3.6022,24.2031],[-4.8333,25],[-6.5719,25.0001],[-6.2805,22.5002],[-6.0006,20.0408],[-5.8263,18.4873],[-5.609,16.5001],[-5.3333,16.3333],[-5.5003,15.5],[-9.3312,15.5],[-10.0648,15.3616],[-10.7052,15.4435],[-10.9004,15.1097],[-11.4109,15.6368],[-11.7101,15.533],[-11.9408,14.7779],[-12.2403,14.7647],[-11.9746,14.1843],[-12.0729,13.7156],[-11.6275,13.3947],[-11.346,12.9438],[-11.3768,12.4124],[-11.2208,11.9992],[-11.0475,12.2216],[-10.6341,11.9061],[-10.3396,12.2269],[-9.7145,12.0281],[-9.0468,12.4754],[-8.8489,11.6546],[-8.3527,11.3763],[-8.6752,11.0036],[-8.3427,11.0623],[-8.3249,10.5905],[-7.9794,10.1703]]]},"properties":{"tzid":"Africa/Bamako"}},
{"type":"Feature","geometry":{"type":"Polygon","coordinates":[[[15.4934,7.5248],[15.2229,7.2472],[14.6184,5.8938],[14.7197,4.6421],[15.0083,4.4241],[15.2488,3.7111],[16.0831,2.8445],[16.1906,2.2229],[16.5012,2.8481],[16.6597,3.5333],[17.3603,3.6178],[17.8542,3.5375],[18.4714,3.6411],[18.6258,3.4712],[18.7175,4.369],[19.1071,4.9409],[19.8197,5.1073],[20.352,4.7667],[20.5805,4.4126],[21.7372,4.3121],[22.4334,4.1281],[22.8995,4.8148],[23.3756,4.5927],[24.5338,5.083],[24.7211,4.8964],[25.3121,5.031],[25.3929,5.3334],[26.1576,5.2615],[26.4814,5.0485],[27.1376,5.2063],[27.4488,5.0195],[27.2006,5.7439],[26.5689,6.0282],[26.3006,6.389],[26.4149,6.6535],[26.0229,7.0172],[25.3692,7.3443],[25.2707,7.8019],[24.8561,8.1742],[24.2306,8.285],[24.2561,8.6869],[23.4975,8.7728],[23.6963,9.6716],[23.3067,10.4589],[22.8778,10.9206],[22.4661,11.0014],[21.7164,10.6356],[21.6669,10.2358],[21.015,9.7386],[20.4339,9.1369],[19.0522,9.0131],[19.1236,8.6739],[18.5834,8.046],[17.6846,7.9832],[16.8369,7.5329],[16.591,7.7721],[15.8096,7.4411],[15.4934,7.5248]]]},"properties":{"tzid":"Africa/Bangui"}},
{"type":"Feature","geometry":{"type":"Polygon","coordinates":[[[-16.9486,13.0575],[-16.6898,13.167],[-15.8036,13.1667],[-15.0901,13.6005],[-14.3589,13.2297],[-13.8672,13.3228],[-13.9733,13.5831],[-14.3378,13.4539],[-14.8831,13.7931],[-15.4761,13.5933],[-16.8672,13.5933],[-16.9486,13.0575]]]},"properties":{"tzid":"Africa/Banjul"}},
{"type":"Feature","geometry":{"type":"Polygon","coordinates":[[[-16.8975,12.2403],[-16.6126,11.1191],[-16.2562,10.8393],[-15.5618,10.6667],[-14.9577,10.977],[-14.6636,11.505],[-13.7082,11.7074],[-13.7081,12.6756],[-15.1838,12.6819],[-15.6831,12.4249],[-16.2028,12.4613],[-16.8975,12.2403]]]},"properties":{"tzid":"Africa/Bissau"}},
{"type":"Feature","geometry":{"type":"Polygon","coordinates":[[[32.9594,-9.3999],[33.381,-9.9161],[33.7089,-10.5675],[33.2668,-10.8666],[33.4043,-11.1542],[33.2267,-11.5914],[33.2569,-12.1402],[33.5479,-12.3729],[33.0914,-12.5963],[32.7959,-13.6535],[33.0349,-14.0556],[33.2411,-13.9988],[33.6852,-14.6132],[34.391,-14.3948],[34.6037,-15.238],[34.2601,-15.9207],[34.4195,-16.2502],[35.1676,-16.9215],[35.3136,-16.2074],[35.76,-16.0745],[35.8721,-14.6756],[34.8672,-13.4831],[34.6072,-13.4831],[34.3782,-12.1717],[34.6369,-11.5736],[34.9592,-11.5737],[34.6118,-11.0291],[34.54,-10.0665],[34.0381,-9.4933],[33.94,-9.7189],[32.9594,-9.3999]]]},"properties":{"tzid":"Africa/Blantyre"}},
{"type":"Feature","geometry":{"type":"Polygon","coordinates":[[[13.2949,2.1706],[13.1326,1.5606],[13.2568,1.3166],[13.8013,1.4298],[14.3032,1.3049],[14.4966,0.8239],[13.8839,0.2218],[13.8894,-0.2382],[14.529,-0.6144],[14.5194,-1.4096],[14.2595,-2.341],[13.8667,-2.4678],[13.7622,-2.0895],[13.4898,-2.4353],[13.0282,-2.3215],[12.8445,-1.9386],[12.4631,-1.9388],[12.4715,-2.4654],[11.715,-2.5098],[11.533,-2.8425],[11.9634,-3.3118],[11.8683,-3.71],[11.4969,-3.5069],[11.0174,-4.1108],[11.5838,-4.6339],[11.8477,-5.1491],[12.392,-4.6105],[13.0972,-4.6363],[13.3801,-4.8686],[14.4099,-4.2878],[14.4148,-4.8959],[14.8481,-4.8071],[15.1958,-4.3256],[15.8762,-3.9589],[16.2015,-3.3518],[16.1936,-2.1806],[16.8072,-1.3164],[17.3438,-0.9901],[17.6942,-0.5573],[17.6767,-0.1678],[17.9683,0.4531],[17.845,1.0212],[18.0706,1.5286],[18.1106,2.2806],[18.62,3.1442],[18.6258,3.4712],[18.4714,3.6411],[17.8542,3.5375],[17.3603,3.6178],[16.6597,3.5333],[16.5012,2.8481],[16.1906,2.2229],[16.1484,1.6925],[15.745,1.9201],[14.6551,2.1301],[13.2949,2.1706]]]},"properties":{"tzid":"Africa/Brazzaville"}},
{"type":"Feature","geometry":{"type":"Polygon","coordinates":[[[30.5436,-2.413],[29.9594,-2.3275],[29.8928,-2.746],[29.0407,-2.7434],[29.2544,-3.0527],[29.2439,-3.928],[29.436,-4.449],[30.0416,-4.2766],[30.4508,-3.5607],[30.8426,-3.2537],[30.8498,-2.9795],[30.5064,-2.9534],[30.5436,-2.413]]]},"properties":{"tzid":"Africa/Bujumbura"}},
{"type":"Feature","geometry":{"type":"MultiPolygon","coordinates":[[[[34.7327,26.4887],[34.6618,26.1973],[35.0862,26.3139],[34.7327,26.4887]]],[[[25,22],[28.316,22],[31,22],[33.1667,22],[33.5529,21.725],[34,21.7667],[34.0799,22],[37.0905,22],[37.0188,22.3398],[36.5543,22.9578],[36.5627,23.5672],[35.9847,24.027],[35.41,24.7153],[35.0597,25.444],[34.497,26.1934],[34.2276,26.9223],[34.253,27.3735],[34.519,27.7135],[34.4572,27.9005],[34.8844,29.3752],[34.9212,29.4534],[34.2675,31.2201],[34.0547,31.4668],[33.6791,31.3269],[33.1411,31.4372],[32.6542,31.2928],[31.9485,31.7317],[30.9606,31.7919],[30.2244,31.6713],[29.0461,31.0816],[27.973,31.4222],[26.2949,31.7999],[25.3771,31.7218],[24.8627,31.4062],[25.0109,30.7818],[24.7403,30.0986],[24.9978,29.2489],[25.0003,27.0667],[24.9989,23.8992],[25,22]]]]},"properties":{"tzid":"Africa/Cairo"}},
{"type":"Feature","geometry":{"type":"Polygon","coordinates":[[[-2.2064,35.3372],[-2.6051,35.4402],[-2.9505,35.2656],[-2.7073,35.5019],[-4.298,35.3911],[-4.8432,35.5527],[-5.0213,35.8258],[-5.4,35.9965],[-6.0567,35.9595],[-6.5812,34.8423],[-7.002,34.1762],[-7.5,33.8977],[-8.7106,33.3888],[-9.5228,32.5553],[-9.5517,32.1514],[-10.0727,31.3842],[-10.1198,30.6516],[-9.8178,30.2844],[-10.3601,29.5198],[-11.2837,28.8641],[-11.6191,28.4912],[-13.0078,28.1458],[-13.4282,27.6273],[-11.5065,27.647],[-8.6678,27.6704],[-8.6687,28.6672],[-7.6136,29.3654],[-5.8137,29.6077],[-5.5536,29.483],[-5.2889,29.8811],[-4.3297,30.5215],[-3.6566,30.6723],[-3.5363,31.0137],[-3.7907,31.2362],[-3.6647,31.6335],[-2.8207,31.7936],[-2.8734,32.1114],[-2.0149,32.1822],[-1.2213,32.0799],[-1.0007,32.5059],[-1.399,32.7627],[-1.6703,33.2841],[-1.7393,34.7437],[-2.2185,35.0485],[-2.2064,35.3372]]]},"properties":{"tzid":"Africa/Casablanca"}},
{"type":"Feature","geometry":{"type":"MultiPolygon","coordinates":[[[[-5.4,35.9965],[-5.0213,35.8258],[-5.3378,36.0115],[-5.4,35.9965]]],[[[-2.7073,35.5019],[-2.9505,35.2656],[-2.6051,35.4402],[-2.7073,35.5019]]]]},"properties":{"tzid":"Africa/Ceuta"}},
{"type":"Feature","geometry":{"type":"Polygon","coordinates":[[[-13.4958,8.966],[-13.0818,9.0487],[-12.6854,9.4079],[-12.4885,9.8482],[-11.8947,9.9999],[-11.2081,10],[-10.6634,9.3107],[-10.4644,8.6775],[-10.678,8.3685],[-10.2793,8.485],[-9.6633,8.5017],[-9.3492,7.7465],[-9.4141,7.4283],[-9.0742,7.1998],[-8.471,7.5572],[-8.2101,7.5368],[-7.9973,8.1978],[-8.1885,8.5068],[-7.7879,8.4766],[-7.9486,8.7887],[-7.7336,9.065],[-8.143,9.5622],[-7.9794,10.1703],[-8.3249,10.5905],[-8.3427,11.0623],[-8.6752,11.0036],[-8.3527,11.3763],[-8.8489,11.6546],[-9.0468,12.4754],[-9.7145,12.0281],[-10.3396,12.2269],[-10.6341,11.9061],[-11.0475,12.2216],[-11.2208,11.9992],[-11.3768,12.4124],[-12.3563,12.3149],[-13.0513,12.6255],[-13.7081,12.6756],[-13.7082,11.7074],[-14.6636,11.505],[-14.9577,10.977],[-15.5618,10.6667],[-15.3767,10.4148],[-14.9144,10.573],[-14.5756,10.048],[-13.9392,9.667],[-13.9572,9.292],[-13.634,9.279],[-13.4958,8.966]]]},"properties":{"tzid":"Africa/Conakry"}},
{"type":"Feature","geometry":{"type":"Polygon","coordinates":[[[-16.8672,13.5933],[-15.4761,13.5933],[-14.8831,13.7931],[-14.3378,13.4539],[-13.9733,13.5831],[-13.8672,13.3228],[-14.3589,13.2297],[-15.0901,13.6005],[-15.8036,13.1667],[-16.6898,13.167],[-16.9486,13.0575],[-16.8975,12.2403],[-16.2028,12.4613],[-15.6831,12.4249],[-15.1838,12.6819],[-13.7081,12.6756],[-13.0513,12.6255],[-12.3563,12.3149],[-11.3768,12.4124],[-11.346,12.9438],[-11.6275,13.3947],[-12.0729,13.7156],[-11.9746,14.1843],[-12.2403,14.7647],[-12.8494,15.1992],[-13.2501,15.6508],[-13.3744,16.0525],[-13.8431,16.1072],[-14.3275,16.6327],[-15.7045,16.4706],[-16.2606,16.5245],[-16.5049,16.0664],[-16.7171,16.0672],[-16.7341,15.8601],[-17.2845,15.0564],[-17.6457,14.9186],[-17.627,14.5167],[-17.3182,14.4769],[-16.8672,13.5933]]]},"properties":{"tzid":"Africa/Dakar"}},
{"type":"Feature","geometry":{"type":"Polygon","coordinates":[[[34.9592,-11.5737],[35.9438,-11.4229],[36.5193,-11.7613],[36.8035,-11.5571],[37.4149,-11.6854],[37.8303,-11.3112],[38.4952,-11.4122],[39.9991,-10.8069],[40.6472,-10.3252],[39.9944,-9.7001],[39.7928,-8.5998],[40.1146,-7.7051],[40.1295,-6.908],[39.7985,-6.3197],[40.0504,-5.2537],[39.9872,-4.727],[39.6471,-4.6811],[39.4779,-4.8919],[37.7841,-3.6713],[37.5854,-3.4405],[37.6727,-3.0609],[35.4841,-1.8136],[33.9334,-1],[30.7996,-1],[30.4731,-1.0576],[30.8399,-1.6509],[30.8991,-2.0773],[30.5436,-2.413],[30.5064,-2.9534],[30.8498,-2.9795],[30.8426,-3.2537],[30.4508,-3.5607],[30.0416,-4.2766],[29.436,-4.449],[29.3825,-5.0522],[29.6319,-5.7483],[29.5047,-5.9458],[29.7458,-6.6417],[30.1883,-6.9625],[30.7962,-8.2765],[31.0281,-8.5921],[31.5383,-8.6788],[31.9894,-9.0786],[32.48,-9.1436],[32.9594,-9.3999],[33.94,-9.7189],[34.0381,-9.4933],[34.54,-10.0665],[34.6118,-11.0291],[34.9592,-11.5737]]]},"properties":{"tzid":"Africa/Dar_es_Salaam"}},
{"type":"Feature","geometry":{"type":"Polygon","coordinates":[[[43.1421,12.7161],[42.6977,12.3642],[42.4042,12.4686],[41.7713,11.4938],[41.7943,10.9794],[42.6289,11.0956],[42.9616,10.9844],[43.4253,11.7114],[43.6365,12.518],[43.2978,12.7923],[43.1511,12.7204],[43.1421,12.7161]]]},"properties":{"tzid":"Africa/Djibouti"}},
{"type":"Feature","geometry":{"type":"Polygon","coordinates":[[[16.1906,2.2229],[16.0831,2.8445],[15.2488,3.7111],[15.0083,4.4241],[14.7197,4.6421],[14.6184,5.8938],[15.2229,7.2472],[15.4934,7.5248],[15.5064,7.792],[15.109,8.6593],[14.4894,9.0592],[13.9766,9.6379],[14.2066,10.0021],[14.8024,9.9352],[15.6885,9.9929],[15.3042,10.3118],[15.0673,10.8237],[15.122,11.7886],[14.8544,12.5761],[14.4667,13.0833],[14.0833,13.0833],[14.2226,12.3619],[14.6772,12.16],[14.6179,11.5102],[13.9772,11.3118],[13.2486,10.0356],[13.2095,9.5571],[12.8786,9.3938],[12.784,8.7454],[12.2438,8.3866],[12.2141,7.9833],[11.631,6.9894],[11.5196,6.6154],[11.098,6.5198],[10.8414,6.9303],[10.2155,6.8894],[10.1505,7.0384],[9.7058,6.5119],[9.4661,6.4555],[8.8411,5.8248],[8.8212,5.1848],[8.388,4.3673],[8.8313,3.9604],[9.1253,3.7709],[9.6988,3.2264],[9.5893,2.3969],[9.9052,2.1975],[11.3591,2.1719],[11.701,2.319],[13.2949,2.1706],[14.6551,2.1301],[15.745,1.9201],[16.1484,1.6925],[16.1906,2.2229]]]},"properties":{"tzid":"Africa/Douala"}},
{"type":"Feature","geometry":{"type":"Polygon","coordinates":[[[-17.236,20.6673],[-16.9255,21.3343],[-15.1703,21.3369],[-12.9996,21.3367],[-13.084,22.5367],[-12.9983,23.0247],[-12.0003,23.4544],[-12.0006,26],[-8.6669,26.0003],[-8.6681,27.3149],[-8.6678,27.6704],[-11.5065,27.647],[-13.4282,27.6273],[-13.7536,26.8533],[-14.6674,26.2802],[-15.0633,25.2404],[-15.0986,24.8049],[-16.0799,23.938],[-16.6649,22.497],[-17.0283,22.2492],[-17.318,20.8231],[-17.236,20.6673]]]},"properties":{"tzid":"Africa/El_Aaiun"}},
{"type":"Feature","geometry":{"type":"Polygon","coordinates":[[[-11.6081,6.755],[-11.3522,7.1398],[-10.6043,7.7746],[-10.2793,8.485],[-10.678,8.3685],[-10.4644,8.6775],[-10.6634,9.3107],[-11.2081,10],[-11.8947,9.9999],[-12.4885,9.8482],[-12.6854,9.4079],[-13.0818,9.0487],[-13.4958,8.966],[-13.4306,8.004],[-13.2448,7.52],[-11.6081,6.755]]]},"properties":{"tzid":"Africa/Freetown"}},
{"type":"Feature","geometry":{"type":"Polygon","coordinates":[[[29.3777,-22.1936],[29.0772,-21.8181],[28.0218,-21.5758],[27.6931,-21.0874],[27.6953,-20.4907],[27.2887,-20.4989],[27.217,-20.0935],[26.7265,-19.9399],[26.1702,-19.5464],[25.7824,-18.6245],[25.2632,-17.7914],[25.2617,-17.7905],[24.5792,-18.0698],[24.3722,-17.9492],[23.6158,-18.5023],[23.297,-18.0008],[21.453,-18.3176],[20.999,-18.3176],[20.9987,-22.0003],[19.9991,-21.9998],[19.9991,-24.7638],[20.3832,-25.0338],[20.8631,-26.1324],[20.6233,-26.7865],[21.6947,-26.8613],[22.7209,-26.0186],[23.0544,-25.2895],[23.4669,-25.2771],[23.9477,-25.6379],[24.6823,-25.8238],[25.5813,-25.6379],[25.8484,-24.7539],[26.3934,-24.6368],[26.8694,-24.2442],[26.9714,-23.7028],[27.5284,-23.3856],[28.3451,-22.5714],[29.3777,-22.1936]]]},"properties":{"tzid":"Africa/Gaborone"}},
{"type":"Feature","geometry":{"type":"Polygon","coordinates":[[[31.3074,-22.4241],[32.4601,-21.3118],[32.4973,-20.6147],[33.0288,-20.0351],[32.8512,-19.6858],[32.8756,-18.5191],[33.0494,-17.3355],[32.8327,-16.923],[32.9839,-16.7068],[31.9111,-16.4078],[31.2779,-16.0048],[30.4241,-16],[30.4208,-15.6209],[29.8296,-15.6097],[29.2219,-15.7683],[28.8453,-16.0528],[28.8225,-16.4707],[27.8009,-17.0054],[27.041,-17.959],[26.5978,-18.0491],[25.2632,-17.7914],[25.7824,-18.6245],[26.1702,-19.5464],[26.7265,-19.9399],[27.217,-20.0935],[27.2887,-20.4989],[27.6953,-20.4907],[27.6931,-21.0874],[28.0218,-21.5758],[29.0772,-21.8181],[29.3777,-22.1936],[29.7736,-22.1414],[30.2829,-22.354],[30.8392,-22.2921],[31.3074,-22.4241]]]},"properties":{"tzid":"Africa/Harare"}},
{"type":"Feature","geometry":{"type":"MultiPolygon","coordinates":[[[[37.5,-47.1502],[38.1878,-46.9713],[38.2376,-46.5263],[37.5,-46.6783],[37.5,-47.1502]]],[[[22.5,-34.3507],[22.99,-34.2944],[24.818,-34.4134],[25.7877,-34.2172],[27.2456,-33.6911],[28.097,-33.167],[29.9995,-31.589],[30.7471,-30.7277],[31.3334,-29.7431],[31.901,-29.1321],[32.5423,-28.6961],[32.7757,-28.1864],[33.1024,-26.9209],[32.1346,-26.8403],[31.9778,-27.3175],[31.1506,-27.2021],[30.8132,-26.8444],[30.8051,-26.4667],[31.4153,-25.7183],[31.9752,-25.9526],[31.9853,-24.3052],[31.561,-23.482],[31.3074,-22.4241],[30.8392,-22.2921],[30.2829,-22.354],[29.7736,-22.1414],[29.3777,-22.1936],[28.3451,-22.5714],[27.5284,-23.3856],[26.9714,-23.7028],[26.8694,-24.2442],[26.3934,-24.6368],[25.8484,-24.7539],[25.5813,-25.6379],[24.6823,-25.8238],[23.9477,-25.6379],[23.4669,-25.2771],[23.0544,-25.2895],[22.7209,-26.0186],[21.6947,-26.8613],[20.6233,-26.7865],[20.8631,-26.1324],[20.3832,-25.0338],[19.9991,-24.7638],[19.9993,-26.4569],[19.9992,-28.4277],[19.5466,-28.543],[19.1183,-28.9694],[18.7287,-28.8317],[18.1938,-28.9153],[17.4228,-28.7234],[17.3341,-28.2262],[16.8997,-28.0734],[16.3335,-28.8004],[16.7562,-29.5164],[17.0572,-30.4044],[17.9975,-31.8174],[18.0877,-32.2337],[17.6953,-32.6048],[17.6372,-33.0245],[18.0881,-34.2021],[18.3656,-34.5365],[18.746,-34.5813],[19.6253,-34.9852],[20.1251,-35.0092],[20.9163,-34.6686],[21.994,-34.545],[22.5,-34.3507]],[[28.6314,-28.5825],[29.4556,-29.3412],[29.1632,-29.8844],[28.2068,-30.2907],[28.1231,-30.6674],[27.7419,-30.6035],[27.014,-29.6614],[27.7545,-28.8971],[28.6314,-28.5825]]],[[[-5.5,-86],[0,-86],[0,-68],[-5.5,-69],[-5.5,-86]]]]},"properties":{"tzid":"Africa/Johannesburg"}},
{"type":"Feature","geometry":{"type":"Polygon","coordinates":[[[33.9878,4.2341],[34.3875,4.61],[35.9442,4.6191],[35.8624,5.3198],[35.126,5.6244],[35.0222,6.435],[34.1936,7.0392],[33.716,7.6628],[33.0462,7.7901],[33.1899,8.4055],[33.7676,8.3676],[34.1738,8.5856],[34.1067,9.5],[33.8776,9.5],[33.995,10.0633],[33.2711,10.8279],[33.1364,11.6262],[33.2944,12.219],[32.7316,12.2364],[32.7456,11.9519],[32.0966,11.9509],[32.3911,11.7062],[32.4697,11.0433],[31.9886,10.6503],[31.2818,9.7596],[30.8379,9.75],[30,10.2881],[29.5374,10.0822],[29.5375,9.75],[29,9.6705],[29,10.1667],[27.8333,10.1667],[27.9072,9.6102],[26.3939,9.5641],[25.8385,10.4238],[25.0985,10.3172],[24.8414,9.8156],[23.6963,9.6716],[23.4975,8.7728],[24.2561,8.6869],[24.2306,8.285],[24.8561,8.1742],[25.2707,7.8019],[25.3692,7.3443],[26.0229,7.0172],[26.4149,6.6535],[26.3006,6.389],[26.5689,6.0282],[27.2006,5.7439],[27.4488,5.0195],[27.7925,4.6064],[28.4644,4.2952],[28.7288,4.5454],[29.2214,4.3411],[29.4903,4.6947],[30.8499,3.5004],[31.2901,3.7962],[31.8273,3.8184],[32.2034,3.506],[32.4153,3.7456],[33.0278,3.8936],[33.5111,3.7518],[33.9878,4.2341]]]},"properties":{"tzid":"Africa/Juba"}},
{"type":"Feature","geometry":{"type":"Polygon","coordinates":[[[30.8499,3.5004],[30.8841,2.8142],[30.7414,2.4487],[31.3056,2.1163],[30.4954,1.2061],[29.9889,0.8454],[29.7325,-0.0803],[29.5912,-1.3877],[29.9158,-1.4823],[30.4731,-1.0576],[30.7996,-1],[33.9334,-1],[33.9098,0.0989],[34.5265,1.107],[34.7952,1.2231],[34.9912,1.6644],[34.8973,2.588],[34.599,2.9247],[34.4632,3.6695],[33.9878,4.2341],[33.5111,3.7518],[33.0278,3.8936],[32.4153,3.7456],[32.2034,3.506],[31.8273,3.8184],[31.2901,3.7962],[30.8499,3.5004]]]},"properties":{"tzid":"Africa/Kampala"}},
{"type":"Feature","geometry":{"type":"Polygon","coordinates":[[[37.0905,22],[34.0799,22],[34,21.7667],[33.5529,21.725],[33.1667,22],[31,22],[28.316,22],[25,22],[25,20],[24,20],[24,19.5],[23.9992,17.0994],[23.9996,15.6973],[23.1107,15.7149],[23.0051,15.2313],[22.4059,14.5902],[22.5795,14.1845],[22.0726,13.7772],[22.2897,13.3529],[21.816,12.8172],[22.2103,12.7434],[22.6397,12.0698],[22.5533,11.6725],[22.9753,11.2158],[22.8778,10.9206],[23.3067,10.4589],[23.6963,9.6716],[23.4975,8.7728],[24.2561,8.6869],[24.5758,8.9139],[24.5555,9.2353],[24.8414,9.8156],[25.0985,10.3172],[25.8385,10.4238],[26.3939,9.5641],[27.9072,9.6102],[28.0361,9.3439],[28.7679,9.3521],[29,9.6705],[29.5375,9.75],[29.5374,10.0822],[30,10.2881],[30.8379,9.75],[31.2818,9.7596],[31.9886,10.6503],[32.4697,11.0433],[32.3911,11.7062],[32.0966,11.9509],[32.7456,11.9519],[32.7316,12.2364],[33.2944,12.219],[33.1364,11.6262],[33.2711,10.8279],[33.995,10.0633],[33.8776,9.5],[34.1067,9.5],[34.3338,10.119],[34.2947,10.585],[34.6029,10.9058],[34.9753,10.8644],[35.0869,11.8075],[35.6618,12.6369],[36.1403,12.7042],[36.2486,13.3681],[36.5602,14.2576],[36.4334,15.1674],[36.5483,15.2519],[36.9575,16.4192],[36.9958,17.0739],[37.404,17.0585],[37.5021,17.3164],[38.2619,17.5353],[38.7881,18.071],[39.0576,18.6276],[38.9287,18.9561],[38.451,19.0528],[37.9538,19.581],[37.5447,19.2444],[37.5009,19.5249],[37.4958,19.5441],[37.4935,20.6463],[37.503,20.6564],[37.5215,20.8947],[37.4898,20.9335],[37.5048,20.9615],[37.5,21.1729],[37.1892,21.5469],[37.0905,22]]]},"properties":{"tzid":"Africa/Khartoum"}},
{"type":"Feature","geometry":{"type":"Polygon","coordinates":[[[30.5436,-2.413],[30.8991,-2.0773],[30.8399,-1.6509],[30.4731,-1.0576],[29.9158,-1.4823],[29.5912,-1.3877],[29.1361,-1.8611],[29.1156,-2.2561],[28.8665,-2.4363],[29.0407,-2.7434],[29.8928,-2.746],[29.9594,-2.3275],[30.5436,-2.413]]]},"properties":{"tzid":"Africa/Kigali"}},
{"type":"Feature","geometry":{"type":"Polygon","coordinates":[[[19.9662,-7],[19.6994,-6.5387],[19.6912,-6.1647],[20.1499,-5.7768],[20.1834,-5.0918],[20.0293,-4.2805],[20.3226,-4.3805],[20.6751,-4.133],[20.6425,-3.5028],[20.8622,-2.5682],[21.4241,-2.5129],[21.701,-2.6663],[22.1522,-2.2764],[22.185,-1.9033],[22.6256,-1.8011],[23.4038,-2.0936],[24.006,-1.7638],[24.4124,-1.7179],[24.315,-1.3243],[23.5478,-0.972],[23.6839,-0.5433],[22.9501,-0.4059],[23.4131,-0.2406],[22.9456,0.4783],[22.6334,1.381],[22.2607,1.5315],[22.4908,1.9263],[23.0264,2.2191],[23.5795,2.1947],[23.5364,2.4513],[22.8997,2.7234],[23.0508,3.0336],[22.5953,3.1539],[22.6564,3.4381],[23.2404,3.7854],[22.4334,4.1281],[21.7372,4.3121],[20.5805,4.4126],[20.352,4.7667],[19.8197,5.1073],[19.1071,4.9409],[18.7175,4.369],[18.6258,3.4712],[18.62,3.1442],[18.1106,2.2806],[18.0706,1.5286],[17.845,1.0212],[17.9683,0.4531],[17.6767,-0.1678],[17.6942,-0.5573],[17.3438,-0.9901],[16.8072,-1.3164],[16.1936,-2.1806],[16.2015,-3.3518],[15.8762,-3.9589],[15.1958,-4.3256],[14.8481,-4.8071],[14.4148,-4.8959],[14.4099,-4.2878],[13.3801,-4.8686],[13.0972,-4.6363],[12.4634,-5.1032],[12.5284,-5.7421],[12.0391,-5.8896],[12.1146,-5.9902],[12.4444,-6.0782],[13.0424,-5.8636],[14.1876,-5.8406],[16.5834,-5.8782],[16.9768,-7.2889],[17.5412,-8.1135],[18.2256,-7.9753],[19.3813,-8],[19.5481,-7.0001],[19.9662,-7]]]},"properties":{"tzid":"Africa/Kinshasa"}},
{"type":"Feature","geometry":{"type":"Polygon","coordinates":[[[8.388,4.3673],[8.8212,5.1848],[8.8411,5.8248],[9.4661,6.4555],[9.7058,6.5119],[10.1505,7.0384],[10.2155,6.8894],[10.8414,6.9303],[11.098,6.5198],[11.5196,6.6154],[11.631,6.9894],[12.2141,7.9833],[12.2438,8.3866],[12.784,8.7454],[12.8786,9.3938],[13.2095,9.5571],[13.2486,10.0356],[13.9772,11.3118],[14.6179,11.5102],[14.6772,12.16],[14.2226,12.3619],[14.0833,13.0833],[13.6334,13.7082],[12.8711,13.5008],[12.4764,13.0571],[11.4592,13.3806],[10.6561,13.3607],[10.0113,13.1824],[9.6587,12.8077],[8.9779,12.8336],[7.8158,13.3423],[6.9421,13.0035],[6.4279,13.6004],[5.5298,13.8856],[4.4657,13.6814],[4.1416,13.4781],[4.1035,12.9877],[3.6535,12.5227],[3.6094,11.6936],[3.4763,11.4379],[3.8451,10.5944],[3.6794,10.1768],[3.1331,9.4411],[3.0883,9.1019],[2.783,9.0694],[2.696,8.3546],[2.7728,7.133],[2.7379,6.1778],[3.8957,6.2378],[4.3423,6.1671],[4.8158,5.7763],[5.5566,4.3775],[6.0882,4.0691],[7.5,4.2472],[8.388,4.3673]]]},"properties":{"tzid":"Africa/Lagos"}},
{"type":"Feature","geometry":{"type":"Polygon","coordinates":[[[11.0174,-4.1108],[11.4969,-3.5069],[11.8683,-3.71],[11.9634,-3.3118],[11.533,-2.8425],[11.715,-2.5098],[12.4715,-2.4654],[12.4631,-1.9388],[12.8445,-1.9386],[13.0282,-2.3215],[13.4898,-2.4353],[13.7622,-2.0895],[13.8667,-2.4678],[14.2595,-2.341],[14.5194,-1.4096],[14.529,-0.6144],[13.8894,-0.2382],[13.8839,0.2218],[14.4966,0.8239],[14.3032,1.3049],[13.8013,1.4298],[13.2568,1.3166],[13.1326,1.5606],[13.2949,2.1706],[11.701,2.319],[11.3591,2.1719],[11.3333,1],[9.5475,1.0226],[9.1493,0.7534],[9.1031,0.367],[8.5154,-0.5656],[8.5108,-0.7357],[9.1352,-2.0407],[9.7648,-2.8539],[10.2742,-3.2347],[11.0174,-4.1108]]]},"properties":{"tzid":"Africa/Libreville"}},
{"type":"Feature","geometry":{"type":"Polygon","coordinates":[[[-0.1362,11.1395],[-0.0902,10.7083],[0.3916,10.3154],[0.3658,9.5759],[0.567,9.4059],[0.3743,8.7538],[0.7312,8.2873],[0.5847,8.0931],[0.5321,6.8288],[1.2733,5.9265],[1.673,6.0399],[1.6102,6.6134],[1.6265,9.0073],[1.4069,9.3447],[1.355,9.9953],[0.7767,10.3767],[0.9122,10.9962],[-0.1362,11.1395]]]},"properties":{"tzid":"Africa/Lome"}},
{"type":"Feature","geometry":{"type":"MultiPolygon","coordinates":[[[[13.0972,-4.6363],[12.392,-4.6105],[11.8477,-5.1491],[12.0391,-5.8896],[12.5284,-5.7421],[12.4634,-5.1032],[13.0972,-4.6363]]],[[[12.1146,-5.9902],[12.0807,-6.1955],[13.1637,-8.3834],[12.8059,-8.9657],[13.1352,-10.0781],[13.6544,-11.0088],[13.5913,-11.7609],[13.2806,-12.3823],[13.0359,-12.4684],[12.3167,-13.4343],[12.0662,-14.7055],[11.8152,-15.5089],[11.5384,-15.8022],[11.4617,-16.5311],[11.5421,-17.25],[12.0809,-17.1423],[12.5986,-17.2339],[13.3522,-16.974],[13.9557,-17.433],[16.1071,-17.3904],[18.4215,-17.3896],[18.8944,-17.8162],[20.3323,-17.8666],[20.8021,-18.038],[21.4275,-18.0258],[23.434,-17.6373],[23.2405,-17.5479],[22.2526,-16.5741],[22.0007,-16.2065],[22.0037,-13.0001],[24.0563,-13.0001],[23.8952,-12.8443],[24.078,-12.3617],[23.9607,-11.6603],[23.9995,-10.8901],[23.1958,-11.1086],[22.5089,-11.0395],[22.2687,-11.1934],[22.328,-10.3863],[22.1917,-9.9329],[21.7916,-9.4188],[21.9416,-8.5582],[21.7892,-7.2833],[20.553,-7.2833],[20.6272,-6.9167],[19.9662,-7],[19.5481,-7.0001],[19.3813,-8],[18.2256,-7.9753],[17.5412,-8.1135],[16.9768,-7.2889],[16.5834,-5.8782],[14.1876,-5.8406],[13.0424,-5.8636],[12.4444,-6.0782],[12.1146,-5.9902]]]]},"properties":{"tzid":"Africa/Luanda"}},
{"type":"Feature","geometry":{"type":"Polygon","coordinates":[[[27.4488,5.0195],[27.1376,5.2063],[26.4814,5.0485],[26.1576,5.2615],[25.3929,5.3334],[25.3121,5.031],[24.7211,4.8964],[24.5338,5.083],[23.3756,4.5927],[22.8995,4.8148],[22.4334,4.1281],[23.2404,3.7854],[22.6564,3.4381],[22.5953,3.1539],[23.0508,3.0336],[22.8997,2.7234],[23.5364,2.4513],[23.5795,2.1947],[23.0264,2.2191],[22.4908,1.9263],[22.2607,1.5315],[22.6334,1.381],[22.9456,0.4783],[23.4131,-0.2406],[22.9501,-0.4059],[23.6839,-0.5433],[23.5478,-0.972],[24.315,-1.3243],[24.4124,-1.7179],[24.006,-1.7638],[23.4038,-2.0936],[22.6256,-1.8011],[22.185,-1.9033],[22.1522,-2.2764],[21.701,-2.6663],[21.4241,-2.5129],[20.8622,-2.5682],[20.6425,-3.5028],[20.6751,-4.133],[20.3226,-4.3805],[20.0293,-4.2805],[20.1834,-5.0918],[20.1499,-5.7768],[19.6912,-6.1647],[19.6994,-6.5387],[19.9662,-7],[20.6272,-6.9167],[20.553,-7.2833],[21.7892,-7.2833],[21.9416,-8.5582],[21.7916,-9.4188],[22.1917,-9.9329],[22.328,-10.3863],[22.2687,-11.1934],[22.5089,-11.0395],[23.1958,-11.1086],[23.9995,-10.8901],[24.3913,-11.1013],[24.5816,-11.454],[25.3542,-11.2008],[25.3565,-11.6528],[25.9798,-11.9479],[26.961,-11.9159],[27.0161,-11.6179],[27.6498,-12.2859],[28.3228,-12.4196],[28.8257,-13.005],[29.0057,-13.4232],[29.5856,-13.2037],[29.8148,-13.4445],[29.8134,-12.1503],[29.4794,-12.4602],[29.0404,-12.3835],[28.4356,-11.816],[28.3959,-11.4756],[28.6207,-10.7147],[28.6757,-9.8118],[28.3789,-9.2933],[28.7342,-9.0001],[29.0339,-8.4554],[30.7962,-8.2765],[30.1883,-6.9625],[29.7458,-6.6417],[29.5047,-5.9458],[29.6319,-5.7483],[29.3825,-5.0522],[29.436,-4.449],[29.2439,-3.928],[29.2544,-3.0527],[29.0407,-2.7434],[28.8665,-2.4363],[29.1156,-2.2561],[29.1361,-1.8611],[29.5912,-1.3877],[29.7325,-0.0803],[29.9889,0.8454],[30.4954,1.2061],[31.3056,2.1163],[30.7414,2.4487],[30.8841,2.8142],[30.8499,3.5004],[29.4903,4.6947],[29.2214,4.3411],[28.7288,4.5454],[28.4644,4.2952],[27.7925,4.6064],[27.4488,5.0195]]]},"properties":{"tzid":"Africa/Lubumbashi"}},
{"type":"Feature","geometry":{"type":"Polygon","coordinates":[[[30.7962,-8.2765],[29.0339,-8.4554],[28.7342,-9.0001],[28.3789,-9.2933],[28.6757,-9.8118],[28.6207,-10.7147],[28.3959,-11.4756],[28.4356,-11.816],[29.0404,-12.3835],[29.4794,-12.4602],[29.8134,-12.1503],[29.8148,-13.4445],[29.5856,-13.2037],[29.0057,-13.4232],[28.8257,-13.005],[28.3228,-12.4196],[27.6498,-12.2859],[27.0161,-11.6179],[26.961,-11.9159],[25.9798,-11.9479],[25.3565,-11.6528],[25.3542,-11.2008],[24.5816,-11.454],[24.3913,-11.1013],[23.9995,-10.8901],[23.9607,-11.6603],[24.078,-12.3617],[23.8952,-12.8443],[24.0563,-13.0001],[22.0037,-13.0001],[22.0007,-16.2065],[22.2526,-16.5741],[23.2405,-17.5479],[23.434,-17.6373],[24.2486,-17.4742],[25.0436,-17.588],[25.2617,-17.7905],[25.2632,-17.7914],[26.5978,-18.0491],[27.041,-17.959],[27.8009,-17.0054],[28.8225,-16.4707],[28.8453,-16.0528],[29.2219,-15.7683],[29.8296,-15.6097],[30.4208,-15.6209],[30.2167,-14.9974],[33.2411,-13.9988],[33.0349,-14.0556],[32.7959,-13.6535],[33.0914,-12.5963],[33.5479,-12.3729],[33.2569,-12.1402],[33.2267,-11.5914],[33.4043,-11.1542],[33.2668,-10.8666],[33.7089,-10.5675],[33.381,-9.9161],[32.9594,-9.3999],[32.48,-9.1436],[31.9894,-9.0786],[31.5383,-8.6788],[31.0281,-8.5921],[30.7962,-8.2765]]]},"properties":{"tzid":"Africa/Lusaka"}},
{"type":"Feature","geometry":{"type":"MultiPolygon","coordinates":[[[[5.634,-1.6732],[5.8262,-1.2976],[5.4274,-1.35],[5.634,-1.6732]]],[[[8.8313,3.9604],[8.6224,3.969],[8.2545,3.517],[8.382,3.083],[8.7589,3.027],[9.1253,3.7709],[8.8313,3.9604]]],[[[11.3591,2.1719],[9.9052,2.1975],[9.5893,2.3969],[9.5934,1.9776],[9.1457,1.2156],[9.1493,0.7534],[9.5475,1.0226],[11.3333,1],[11.3591,2.1719]]]]},"properties":{"tzid":"Africa/Malabo"}},
{"type":"Feature","geometry":{"type":"Polygon","coordinates":[[[40.6472,-10.3252],[39.9991,-10.8069],[38.4952,-11.4122],[37.8303,-11.3112],[37.4149,-11.6854],[36.8035,-11.5571],[36.5193,-11.7613],[35.9438,-11.4229],[34.9592,-11.5737],[34.6369,-11.5736],[34.3782,-12.1717],[34.6072,-13.4831],[34.8672,-13.4831],[35.8721,-14.6756],[35.76,-16.0745],[35.3136,-16.2074],[35.1676,-16.9215],[34.4195,-16.2502],[34.2601,-15.9207],[34.6037,-15.238],[34.391,-14.3948],[33.6852,-14.6132],[33.2411,-13.9988],[30.2167,-14.9974],[30.4208,-15.6209],[30.4241,-16],[31.2779,-16.0048],[31.9111,-16.4078],[32.9839,-16.7068],[32.8327,-16.923],[33.0494,-17.3355],[32.8756,-18.5191],[32.8512,-19.6858],[33.0288,-20.0351],[32.4973,-20.6147],[32.4601,-21.3118],[31.3074,-22.4241],[31.561,-23.482],[31.9853,-24.3052],[31.9752,-25.9526],[32.1346,-26.8403],[33.1024,-26.9209],[33.1832,-26.0887],[33.4919,-25.4353],[35.2988,-24.728],[35.7056,-24.1753],[35.6407,-23.5418],[35.8112,-22.9929],[35.6201,-21.3608],[35.3326,-21.3344],[35.3414,-20.9074],[34.9316,-20.4183],[34.9709,-20.0351],[35.9077,-19.2037],[36.3545,-19.072],[37.5,-17.8183],[38.06,-17.5344],[38.9016,-17.4492],[39.6554,-16.9792],[40.2258,-16.4615],[40.9937,-15.0997],[41.0546,-14.4689],[40.8218,-13.9215],[40.7606,-13.1039],[40.9334,-11.0365],[40.6472,-10.3252]]]},"properties":{"tzid":"Africa/Maputo"}},
{"type":"Feature","geometry":{"type":"Polygon","coordinates":[[[28.6314,-28.5825],[27.7545,-28.8971],[27.014,-29.6614],[27.7419,-30.6035],[28.1231,-30.6674],[28.2068,-30.2907],[29.1632,-29.8844],[29.4556,-29.3412],[28.6314,-28.5825]]]},"properties":{"tzid":"Africa/Maseru"}},
{"type":"Feature","geometry":{"type":"Polygon","coordinates":[[[31.9752,-25.9526],[31.4153,-25.7183],[30.8051,-26.4667],[30.8132,-26.8444],[31.1506,-27.2021],[31.9778,-27.3175],[32.1346,-26.8403],[31.9752,-25.9526]]]},"properties":{"tzid":"Africa/Mbabane"}},
{"type":"Feature","geometry":{"type":"Polygon","coordinates":[[[42.9616,10.9844],[42.7087,10.5781],[43.2982,9.6061],[43.9967,8.9998],[46.9931,8.0016],[47.9824,7.9998],[46.5111,6.5203],[45.4109,5.5364],[44.978,4.9234],[44.0317,4.9433],[43.0793,4.6022],[42.8249,4.2668],[42.0874,4.1791],[41.9068,3.9827],[40.9892,2.8283],[40.9933,1.2308],[40.9934,-0.8336],[41.7182,-1.8032],[42.7813,-0.3897],[43.5275,0.4017],[44.6932,1.4112],[46.1599,2.294],[46.9392,3.0599],[48.1561,4.4067],[49.2363,6.1311],[49.3954,6.6619],[50.2838,8.0676],[51.0463,9.4291],[51.1074,10.2028],[51.6118,10.3912],[51.3489,10.6831],[51.2977,11.3149],[51.475,11.913],[50.7694,12.1889],[50.012,11.7062],[48.9396,11.4427],[48.688,11.524],[48.0739,11.3296],[47.1292,11.3923],[46.4278,10.8919],[45.8721,11.0585],[44.8666,10.611],[44.3891,10.6069],[43.8353,11.0873],[43.6403,11.6202],[43.4253,11.7114],[42.9616,10.9844]]]},"properties":{"tzid":"Africa/Mogadishu"}},
{"type":"Feature","geometry":{"type":"Polygon","coordinates":[[[-7.527,4.1622],[-7.5992,4.896],[-7.3899,5.2908],[-7.4306,5.8393],[-7.8226,6.1951],[-8.6015,6.5054],[-8.3201,6.8158],[-8.471,7.5572],[-9.0742,7.1998],[-9.4141,7.4283],[-9.3492,7.7465],[-9.6633,8.5017],[-10.2793,8.485],[-10.6043,7.7746],[-11.3522,7.1398],[-11.6081,6.755],[-11.4667,6.537],[-10.5182,5.9759],[-9.1091,4.7942],[-7.7825,4.1732],[-7.527,4.1622]]]},"properties":{"tzid":"Africa/Monrovia"}},
{"type":"Feature","geometry":{"type":"Polygon","coordinates":[[[41.7182,-1.8032],[40.9934,-0.8336],[40.9933,1.2308],[40.9892,2.8283],[41.9068,3.9827],[41.1693,3.9426],[40.7477,4.2613],[39.8696,3.8747],[39.4979,3.4623],[38.1299,3.6058],[36.8447,4.4473],[36.0373,4.4497],[35.9442,4.6191],[34.3875,4.61],[33.9878,4.2341],[34.4632,3.6695],[34.599,2.9247],[34.8973,2.588],[34.9912,1.6644],[34.7952,1.2231],[34.5265,1.107],[33.9098,0.0989],[33.9334,-1],[35.4841,-1.8136],[37.6727,-3.0609],[37.5854,-3.4405],[37.7841,-3.6713],[39.4779,-4.8919],[39.6471,-4.6811],[40.4187,-3.0857],[41.3267,-2.2708],[41.7182,-1.8032]]]},"properties":{"tzid":"Africa/Nairobi"}},
{"type":"Feature","geometry":{"type":"Polygon","coordinates":[[[22.8778,10.9206],[22.9753,11.2158],[22.5533,11.6725],[22.6397,12.0698],[22.2103,12.7434],[21.816,12.8172],[22.2897,13.3529],[22.0726,13.7772],[22.5795,14.1845],[22.4059,14.5902],[23.0051,15.2313],[23.1107,15.7149],[23.9996,15.6973],[23.9992,17.0994],[24,19.5],[21.6614,20.7408],[19.6717,21.7506],[17.7886,22.661],[16,23.4508],[14.9986,23.0012],[15.2025,21.4958],[15.6272,20.9553],[15.5758,20.7664],[15.9967,20.3531],[15.7539,19.9325],[15.6025,18.7822],[15.5056,16.8979],[14.3848,15.7316],[13.4934,14.4746],[13.6334,13.7082],[14.0833,13.0833],[14.4667,13.0833],[14.8544,12.5761],[15.122,11.7886],[15.0673,10.8237],[15.3042,10.3118],[15.6885,9.9929],[14.8024,9.9352],[14.2066,10.0021],[13.9766,9.6379],[14.4894,9.0592],[15.109,8.6593],[15.5064,7.792],[15.4934,7.5248],[15.8096,7.4411],[16.591,7.7721],[16.8369,7.5329],[17.6846,7.9832],[18.5834,8.046],[19.1236,8.6739],[19.0522,9.0131],[20.4339,9.1369],[21.015,9.7386],[21.6669,10.2358],[21.7164,10.6356],[22.4661,11.0014],[22.8778,10.9206]]]},"properties":{"tzid":"Africa/Ndjamena"}},
{"type":"Feature","geometry":{"type":"Polygon","coordinates":[[[11.9973,23.5172],[8.997,21.7786],[7.4597,20.8425],[5.8118,19.4441],[4.2667,19.1441],[4.2667,17.0017],[4.1999,16.3951],[3.8562,15.6863],[3.4931,15.3579],[1.3115,15.2781],[1,15],[0.2322,14.9998],[0.169,14.5221],[0.6178,13.7669],[1.2114,13.3803],[0.9907,13.104],[2.262,12.4136],[2.0656,12.3474],[2.409,11.9025],[2.3735,12.2422],[2.8696,12.3894],[3.6094,11.6936],[3.6535,12.5227],[4.1035,12.9877],[4.1416,13.4781],[4.4657,13.6814],[5.5298,13.8856],[6.4279,13.6004],[6.9421,13.0035],[7.8158,13.3423],[8.9779,12.8336],[9.6587,12.8077],[10.0113,13.1824],[10.6561,13.3607],[11.4592,13.3806],[12.4764,13.0571],[12.8711,13.5008],[13.6334,13.7082],[13.4934,14.4746],[14.3848,15.7316],[15.5056,16.8979],[15.6025,18.7822],[15.7539,19.9325],[15.9967,20.3531],[15.5758,20.7664],[15.6272,20.9553],[15.2025,21.4958],[14.9986,23.0012],[14.2344,22.6136],[13.4169,23.2139],[11.9973,23.5172]]]},"properties":{"tzid":"Africa/Niamey"}},
{"type":"Feature","geometry":{"type":"Polygon","coordinates":[[[-8.6681,27.3149],[-8.6669,26.0003],[-12.0006,26],[-12.0003,23.4544],[-12.9983,23.0247],[-13.084,22.5367],[-12.9996,21.3367],[-15.1703,21.3369],[-16.9255,21.3343],[-17.236,20.6673],[-16.726,19.2761],[-16.3898,18.8707],[-16.2549,17.7317],[-16.6258,16.7217],[-16.7171,16.0672],[-16.5049,16.0664],[-16.2606,16.5245],[-15.7045,16.4706],[-14.3275,16.6327],[-13.8431,16.1072],[-13.3744,16.0525],[-13.2501,15.6508],[-12.8494,15.1992],[-12.2403,14.7647],[-11.9408,14.7779],[-11.7101,15.533],[-11.4109,15.6368],[-10.9004,15.1097],[-10.7052,15.4435],[-10.0648,15.3616],[-9.3312,15.5],[-5.5003,15.5],[-5.3333,16.3333],[-5.609,16.5001],[-5.8263,18.4873],[-6.0006,20.0408],[-6.2805,22.5002],[-6.5719,25.0001],[-4.8333,25],[-6.0344,25.7362],[-8.6681,27.3149]]]},"properties":{"tzid":"Africa/Nouakchott"}},
{"type":"Feature","geometry":{"type":"Polygon","coordinates":[[[0.9453,11.0351],[1.4482,11.4811],[2.0274,11.4354],[2.409,11.9025],[2.0656,12.3474],[2.262,12.4136],[0.9907,13.104],[1.2114,13.3803],[0.6178,13.7669],[0.169,14.5221],[0.2322,14.9998],[-0.724,15.084],[-1.069,14.7851],[-1.9805,14.4757],[-2.1033,14.147],[-2.4736,14.2995],[-2.839,14.0544],[-2.874,13.6541],[-3.2611,13.7145],[-3.2341,13.289],[-3.5523,13.1669],[-3.9625,13.4927],[-4.3474,13.1157],[-4.3963,12.3105],[-4.723,12.0171],[-5.2484,11.8378],[-5.256,11.2441],[-5.4893,11.0815],[-5.5132,10.4308],[-5.1115,10.308],[-4.9699,9.8986],[-4.2906,9.6232],[-3.8959,9.9057],[-3.4064,9.93],[-2.6872,9.4917],[-2.7658,10.2654],[-2.94,10.6114],[-2.8337,11.0067],[-0.5692,10.9914],[-0.1362,11.1395],[0.9122,10.9962],[0.9453,11.0351]]]},"properties":{"tzid":"Africa/Ouagadougou"}},
{"type":"Feature","geometry":{"type":"Polygon","coordinates":[[[2.409,11.9025],[2.0274,11.4354],[1.4482,11.4811],[0.9453,11.0351],[0.9122,10.9962],[0.7767,10.3767],[1.355,9.9953],[1.4069,9.3447],[1.6265,9.0073],[1.6102,6.6134],[1.673,6.0399],[2.7379,6.1778],[2.7728,7.133],[2.696,8.3546],[2.783,9.0694],[3.0883,9.1019],[3.1331,9.4411],[3.6794,10.1768],[3.8451,10.5944],[3.4763,11.4379],[3.6094,11.6936],[2.8696,12.3894],[2.3735,12.2422],[2.409,11.9025]]]},"properties":{"tzid":"Africa/Porto-Novo"}},
{"type":"Feature","geometry":{"type":"Polygon","coordinates":[[[7.5,1.8912],[7.2108,1.8325],[6.3232,0.4239],[6.3182,-0.0595],[6.5408,-0.2122],[6.935,0.1426],[7.5,1.2105],[7.667,1.7234],[7.5,1.8912]]]},"properties":{"tzid":"Africa/Sao_Tome"}},
{"type":"Feature","geometry":{"type":"Polygon","coordinates":[[[14.9986,23.0012],[16,23.4508],[17.7886,22.661],[19.6717,21.7506],[21.6614,20.7408],[24,19.5],[24,20],[25,20],[25,22],[24.9989,23.8992],[25.0003,27.0667],[24.9978,29.2489],[24.7403,30.0986],[25.0109,30.7818],[24.8627,31.4062],[25.3771,31.7218],[25.2493,32.0197],[24.7158,32.2236],[23.4791,32.3864],[23.22,32.8114],[22.5,33.05],[21.6672,33.138],[20.4222,32.7005],[17.4116,32.7005],[14.6309,32.7005],[14.3335,32.8791],[13.2437,33.12],[12.6839,32.9965],[11.6642,33.3488],[11.5489,32.4087],[10.6582,31.9777],[10.139,31.4901],[10.2721,30.8005],[9.9442,30.3834],[9.5592,30.2291],[9.3911,30.1673],[9.7799,29.4248],[9.962,27.886],[9.7825,27.2566],[9.8633,26.5199],[9.399,26.1956],[10.0321,25.3596],[10.0378,24.9656],[10.3567,24.537],[10.9497,24.5327],[11.6043,24.2647],[11.9973,23.5172],[13.4169,23.2139],[14.2344,22.6136],[14.9986,23.0012]]]},"properties":{"tzid":"Africa/Tripoli"}},
{"type":"Feature","geometry":{"type":"Polygon","coordinates":[[[11.6642,33.3488],[11.3696,33.4754],[11.1598,34.0067],[11.2726,34.4443],[11.7436,34.6028],[11.8775,34.8874],[11.2939,35.4025],[11.2521,35.9087],[10.8172,35.9891],[11.384,36.9002],[11.1298,37.2741],[10.147,37.5579],[9.1847,37.4395],[8.802,37.7204],[8.5905,37.143],[8.6694,36.8173],[8.1552,36.4991],[8.4046,36.4234],[8.2535,35.8859],[8.4765,35.2398],[8.301,34.7322],[7.5303,34.0611],[7.8322,33.1881],[8.1173,33.0998],[8.3568,32.5026],[9.0711,32.0942],[9.5592,30.2291],[9.9442,30.3834],[10.2721,30.8005],[10.139,31.4901],[10.6582,31.9777],[11.5489,32.4087],[11.6642,33.3488]]]},"properties":{"tzid":"Africa/Tunis"}},
{"type":"Feature","geometry":{"type":"Polygon","coordinates":[[[19.9991,-24.7638],[19.9991,-21.9998],[20.9987,-22.0003],[20.999,-18.3176],[21.453,-18.3176],[23.297,-18.0008],[23.6158,-18.5023],[24.3722,-17.9492],[24.5792,-18.0698],[25.2617,-17.7905],[25.0436,-17.588],[24.2486,-17.4742],[23.434,-17.6373],[21.4275,-18.0258],[20.8021,-18.038],[20.3323,-17.8666],[18.8944,-17.8162],[18.4215,-17.3896],[16.1071,-17.3904],[13.9557,-17.433],[13.3522,-16.974],[12.5986,-17.2339],[12.0809,-17.1423],[11.5421,-17.25],[11.5974,-18.0077],[11.838,-18.5743],[12.396,-19.2083],[13.2355,-20.9845],[13.7802,-21.8959],[14.2036,-22.3857],[14.2334,-23.997],[14.5615,-24.838],[14.7144,-26.3121],[15.0936,-27.4118],[15.5475,-28.1318],[16.3335,-28.8004],[16.8997,-28.0734],[17.3341,-28.2262],[17.4228,-28.7234],[18.1938,-28.9153],[18.7287,-28.8317],[19.1183,-28.9694],[19.5466,-28.543],[19.9992,-28.4277],[19.9993,-26.4569],[19.9991,-24.7638]]]},"properties":{"tzid":"Africa/Windhoek"}},
{"type":"Feature","geometry":{"type":"MultiPolygon","coordinates":[[[[-169.3487,53.0829],[-169.9209,53.2616],[-171.5071,52.6704],[-171.4176,52.2602],[-169.497,52.6188],[-169.3487,53.0829]]],[[[-172.5046,52.59],[-172.9626,52.2995],[-173.67,52.3493],[-174.0249,52.6028],[-174.852,52.3318],[-175.5474,52.3848],[-176.976,52.1215],[-179.0024,52.0053],[-179.3309,51.7075],[-179.4335,51.1316],[-179.0679,51.0121],[-178.5829,51.343],[-177.3929,51.4921],[-176.9345,51.3911],[-175.2603,51.8075],[-173.0612,51.8159],[-172.5027,52.048],[-172.4971,52.0484],[-172.0172,52.4451],[-172.499,52.5906],[-172.5046,52.59]]],[[[180,52.1384],[179.4588,52.2164],[179.184,51.8884],[180,51.7941],[180,52.1384]]],[[[177.9391,52.2193],[177.1172,52.2511],[176.8709,51.8874],[177.3658,51.6077],[177.7534,51.7383],[179.0256,51.1902],[179.8014,51.408],[178.861,51.8366],[178.7563,52.1315],[177.9391,52.2193]]],[[[175.5163,52.4057],[175.7887,52.1471],[176.2789,52.2793],[175.779,52.5845],[175.5163,52.4057]]],[[[172.4965,53.1869],[172.1523,52.8144],[172.4982,52.6476],[172.5023,52.6452],[173.3243,52.1931],[173.8334,52.1644],[174.1026,52.5052],[174.8119,52.7298],[173.1404,53.1918],[172.5019,53.1882],[172.4965,53.1869]]]]},"properties":{"tzid":"America/Adak"}},
{"type":"Feature","geometry":{"type":"MultiPolygon","coordinates":[[[[-146.7299,59.5112],[-146.6502,59.2325],[-145.9274,59.3141],[-146.2934,59.7361],[-146.7299,59.5112]]],[[[-155.7755,55.5738],[-155.2918,55.6493],[-155.2865,56.0304],[-155.7812,56.0876],[-156.1168,55.7344],[-155.7755,55.5738]]],[[[-157.5,55.9702],[-157.5054,55.5838],[-157.5,55.5829],[-157.4948,55.9709],[-157.5,55.9702]]],[[[-157.5023,71.3102],[-160.1016,70.9281],[-160.9139,70.6036],[-162,70.5261],[-162,64.28],[-161.3145,63.9144],[-162,63.7744],[-162,58.3918],[-159.7516,58.4293],[-158.8537,58.191],[-158.1969,58.3825],[-158.0753,57.7476],[-159.0204,57.073],[-160.6591,56.399],[-160.7852,56.2287],[-162,56.065],[-162,54.42],[-161.1064,54.9554],[-159.6078,54.5554],[-158.8704,54.9865],[-159.3056,55.4519],[-157.5,56.1158],[-157.4957,56.1178],[-157.0932,55.9412],[-156.2802,55.9967],[-156.627,56.5996],[-155.9402,57.2367],[-155.1826,57.5046],[-154.6649,56.7911],[-155.1555,56.3965],[-154.8181,56.2025],[-153.6336,56.3852],[-153.4194,56.71],[-151.9871,57.2385],[-151.9536,57.9632],[-151.4325,58.4],[-151.9355,58.6844],[-151.5675,58.9012],[-149.505,59.3266],[-148.9731,59.7308],[-147.7789,59.5655],[-145.9885,60.1761],[-144.8388,59.9991],[-144.7693,59.5832],[-144.1063,59.7679],[-142.5,59.8539],[-142.4999,59.8539],[-141.6462,59.7148],[-141.002,60.3064],[-141.0014,63.0221],[-141.0013,64.9918],[-141.0011,67.5986],[-141.0006,69.6466],[-140.7557,69.829],[-142.5,70.2243],[-143.5881,70.3473],[-144.7751,70.2022],[-147.9851,70.6962],[-151.0163,70.6759],[-151.914,71.0001],[-153.8239,71.0906],[-156.357,71.5853],[-157.4965,71.3132],[-157.5023,71.3102]]]]},"properties":{"tzid":"America/Anchorage"}},
{"type":"Feature","geometry":{"type":"Polygon","coordinates":[[[-63.3606,18.0615],[-62.7674,18.1629],[-62.8695,18.4875],[-63.2422,18.487],[-63.4674,18.7906],[-63.6247,18.5082],[-63.3606,18.0615]]]},"properties":{"tzid":"America/Anguilla"}},
{"type":"Feature","geometry":{"type":"Polygon","coordinates":[[[-61.9426,16.774],[-61.4478,17.0609],[-61.6921,17.8922],[-62.073,17.8128],[-62.3762,17.2996],[-62.5548,16.8974],[-62.4475,16.7557],[-61.9426,16.774]]]},"properties":{"tzid":"America/Antigua"}},
{"type":"Feature","geometry":{"type":"Polygon","coordinates":[[[-69.7356,12.2578],[-69.6939,12.55],[-70.2144,12.75],[-70.1629,12.3489],[-69.7356,12.2578]]]},"properties":{"tzid":"America/Aruba"}},
{"type":"Feature","geometry":{"type":"Polygon","coordinates":[[[-45.7235,-10.1554],[-45.9711,-10.3589],[-46.327,-10.183],[-46.94,-9.063],[-46.912,-8.591],[-46.543,-8.319],[-46.597,-7.899],[-47.1073,-7.9904],[-47.643,-7.1444],[-47.377,-6.266],[-47.483,-5.565],[-47.872,-5.272],[-48.3623,-5.1695],[-48.7558,-5.3497],[-48.1381,-5.6027],[-48.3826,-6.3779],[-49.214,-6.938],[-49.378,-7.497],[-49.148,-7.807],[-49.2833,-8.3796],[-50.0378,-9.2894],[-50.2248,-9.8412],[-50.7413,-11.4441],[-50.6376,-11.8942],[-50.7073,-12.6075],[-50.5099,-12.8617],[-50.3107,-12.7919],[-49.3683,-13.2723],[-49.121,-12.79],[-48.8702,-12.8032],[-48.4577,-13.2825],[-48.1434,-13.1525],[-47.679,-13.467],[-46.75,-12.969],[-46.3645,-12.9908],[-46.113,-12.918],[-46.328,-12.9547],[-46.29,-12.377],[-46.3617,-11.631],[-46.5522,-11.2628],[-45.7235,-10.1554]]]},"properties":{"tzid":"America/Araguaina"}},
{"type":"Feature","geometry":{"type":"Polygon","coordinates":[[[-63.3856,-35.0023],[-63.3856,-37.1483],[-63.3848,-38.755],[-63.3794,-40.7102],[-62.9601,-40.8168],[-62.6039,-41.2318],[-62.0996,-40.9906],[-61.713,-40.5385],[-61.8392,-39.6067],[-61.4029,-39.192],[-60.8573,-39.1813],[-58.9381,-38.871],[-57.7527,-38.4808],[-57.3483,-38.2254],[-56.4182,-36.8871],[-56.4672,-36.3311],[-55.705,-35.7825],[-56.7167,-35.1717],[-57.9517,-34.6667],[-58.3874,-33.9854],[-58.6334,-34.0392],[-60.2602,-33.2616],[-60.5233,-33.6488],[-60.8194,-33.5402],[-61.7177,-34.3857],[-63.3913,-34.3865],[-63.3856,-35.0023]]]},"properties":{"tzid":"America/Argentina/Buenos_Aires"}},
{"type":"Feature","geometry":{"type":"MultiPolygon","coordinates":[[[[-65.4231,-30.1196],[-64.9379,-29.8475],[-64.7853,-29.2624],[-65.1266,-28.7164],[-65.1708,-27.9465],[-65.5759,-28.0139],[-66.1408,-27.2611],[-65.8326,-26.7379],[-66.1711,-26.6311],[-66.0998,-26.2205],[-66.3821,-26.4167],[-66.8466,-25.9701],[-66.5593,-25.2986],[-68.5072,-25.1686],[-68.5887,-25.4501],[-68.3811,-26.1782],[-68.5877,-26.4923],[-68.2985,-27.0389],[-68.8412,-27.1546],[-69.0952,-27.7948],[-68.5879,-27.8188],[-67.8464,-28.3755],[-66.5708,-28.2885],[-66.4034,-28.8564],[-65.8147,-29.181],[-65.4231,-30.1196]]],[[[-65.3007,-46],[-65.0932,-45.1545],[-65.2201,-44.9187],[-64.8327,-44.4653],[-64.9962,-43.6796],[-64.7685,-43.392],[-63.444,-42.91],[-63.3979,-41.992],[-67.0283,-41.9921],[-69.4169,-41.9921],[-71.7776,-41.9921],[-72.1729,-42.1404],[-72.1428,-42.8979],[-71.7606,-43.1647],[-71.7358,-44.0658],[-71.8138,-44.418],[-71.1295,-44.4716],[-71.5597,-44.9779],[-71.3332,-45.3191],[-71.8015,-45.7194],[-71.6477,-46],[-67.3066,-46],[-65.3007,-46]]]]},"properties":{"tzid":"America/Argentina/Catamarca"}},
{"type":"Feature","geometry":{"type":"Polygon","coordinates":[[[-63.3856,-35.0023],[-63.3913,-34.3865],[-61.7177,-34.3857],[-60.8194,-33.5402],[-60.5233,-33.6488],[-60.2602,-33.2616],[-58.6334,-34.0392],[-58.3874,-33.9854],[-58.3603,-33.1202],[-58.0843,-33.001],[-58.2066,-31.8741],[-57.981,-31.5905],[-57.6489,-30.1939],[-56.4253,-29.0818],[-55.776,-28.271],[-54.9069,-27.6465],[-53.8456,-27.1612],[-53.6411,-26.2156],[-53.8619,-25.659],[-54.5935,-25.5928],[-54.6187,-26.2089],[-54.8124,-26.6679],[-55.4228,-26.9953],[-55.7369,-27.4452],[-56.0628,-27.306],[-56.3749,-27.589],[-56.6012,-27.421],[-57.4875,-27.4442],[-57.9145,-27.2653],[-58.599,-27.2998],[-58.0847,-26.1118],[-57.555,-25.4484],[-57.8599,-25.0851],[-58.6724,-24.8319],[-60.0391,-24.0116],[-60.9899,-23.8181],[-61.0882,-23.6139],[-61.9744,-23.0279],[-62.342,-22.4775],[-62.3425,-24.392],[-63.4761,-25.7098],[-64.2683,-25.7007],[-64.4953,-26.2193],[-64.9882,-27.7339],[-65.1708,-27.9465],[-65.1266,-28.7164],[-64.7853,-29.2624],[-64.9379,-29.8475],[-65.4231,-30.1196],[-65.7713,-31.044],[-65.7701,-31.8886],[-64.9254,-32.3255],[-65.1426,-33.1945],[-65.1177,-35.0154],[-63.3856,-35.0023]]]},"properties":{"tzid":"America/Argentina/Cordoba"}},
{"type":"Feature","geometry":{"type":"Polygon","coordinates":[[[-65.1866,-22.0853],[-65.7483,-22.1091],[-66.2413,-21.7894],[-66.2877,-22.0847],[-66.7393,-22.2385],[-67.1805,-22.8141],[-66.9905,-23.0004],[-67.2129,-23.6945],[-66.84,-24.0681],[-66.3777,-24.1166],[-66.1845,-23.4151],[-65.991,-23.9817],[-65.6534,-24.3803],[-64.6475,-24.6134],[-64.1818,-24.2646],[-64.1563,-23.5188],[-64.8529,-23.4902],[-65.3469,-22.6059],[-65.1866,-22.0853]]]},"properties":{"tzid":"America/Argentina/Jujuy"}},
{"type":"Feature","geometry":{"type":"Polygon","coordinates":[[[-69.6295,-28.394],[-69.316,-28.4116],[-68.9296,-28.8402],[-69.0133,-29.6482],[-68.4856,-29.6493],[-67.5897,-30.2985],[-67.0796,-30.8862],[-67.1,-31.3833],[-66.6613,-31.9236],[-65.7701,-31.8886],[-65.7713,-31.044],[-65.4231,-30.1196],[-65.8147,-29.181],[-66.4034,-28.8564],[-66.5708,-28.2885],[-67.8464,-28.3755],[-68.5879,-27.8188],[-69.0952,-27.7948],[-69.6295,-28.394]]]},"properties":{"tzid":"America/Argentina/La_Rioja"}},
{"type":"Feature","geometry":{"type":"Polygon","coordinates":[[[-67.3299,-32.3587],[-67.9465,-32.11],[-68.9169,-32.3368],[-69.1284,-31.9994],[-69.5968,-32.1414],[-69.7046,-32.4958],[-70.1259,-32.5764],[-69.8052,-34.2461],[-70.2169,-34.611],[-70.432,-35.3186],[-70.3986,-36.0529],[-70.3439,-36.3334],[-69.7543,-37.0704],[-68.25,-37.5748],[-68.2965,-35.9994],[-66.6378,-36.0006],[-66.4779,-35.1409],[-66.812,-34.3451],[-66.6632,-33.9852],[-67.1355,-33.4648],[-67.3299,-32.3587]]]},"properties":{"tzid":"America/Argentina/Mendoza"}},
{"type":"Feature","geometry":{"type":"Polygon","coordinates":[[[-73.4511,-49.7894],[-73.5218,-50.1537],[-73.0699,-50.7891],[-72.2862,-50.6599],[-72.297,-51.6994],[-71.9226,-51.9999],[-69.9955,-52.0007],[-68.4186,-52.3325],[-68.5148,-52.5213],[-68.2165,-52.6034],[-68.0565,-52.2383],[-68.5736,-51.6743],[-68.8232,-50.7499],[-68.6161,-50.4689],[-67.5014,-49.9565],[-67.5,-49.9541],[-67.2908,-49.1247],[-65.6252,-48.2062],[-65.5567,-47.0442],[-65.3007,-46],[-67.3066,-46],[-71.6477,-46],[-71.9153,-46.1397],[-71.6466,-46.6878],[-71.9485,-46.8098],[-71.8682,-47.2336],[-72.3428,-47.4572],[-72.4978,-47.9615],[-72.2262,-48.3234],[-72.5314,-48.7967],[-73.1433,-49.2115],[-73.0975,-49.2839],[-73.473,-49.2046],[-73.4511,-49.7894]]]},"properties":{"tzid":"America/Argentina/Rio_Gallegos"}},
{"type":"Feature","geometry":{"type":"MultiPolygon","coordinates":[[[[-62.6039,-41.2318],[-62.9601,-40.8168],[-63.3794,-40.7102],[-63.3848,-38.755],[-63.3856,-37.1483],[-63.3856,-35.0023],[-65.1177,-35.0154],[-65.117,-35.9996],[-66.6378,-36.0006],[-68.2965,-35.9994],[-68.25,-37.5748],[-69.7543,-37.0704],[-70.3439,-36.3334],[-70.3986,-36.0529],[-71.0384,-36.4775],[-71.2106,-37.6981],[-70.9303,-38.7641],[-71.4254,-38.9216],[-71.3947,-39.341],[-71.6778,-39.5651],[-71.657,-40.3643],[-71.9639,-40.7196],[-71.7776,-41.9921],[-69.4169,-41.9921],[-67.0283,-41.9921],[-63.3979,-41.992],[-62.8825,-41.3103],[-62.6039,-41.2318]]],[[[-65.1866,-22.0853],[-65.3469,-22.6059],[-64.8529,-23.4902],[-64.1563,-23.5188],[-64.1818,-24.2646],[-64.6475,-24.6134],[-65.6534,-24.3803],[-65.991,-23.9817],[-66.1845,-23.4151],[-66.3777,-24.1166],[-66.84,-24.0681],[-67.2129,-23.6945],[-67.3223,-24.0344],[-68.2455,-24.3962],[-68.5679,-24.7974],[-68.5072,-25.1686],[-66.5593,-25.2986],[-66.8466,-25.9701],[-66.3821,-26.4167],[-66.0998,-26.2205],[-65.6885,-26.1173],[-64.9509,-26.3068],[-64.4953,-26.2193],[-64.2683,-25.7007],[-63.4761,-25.7098],[-62.3425,-24.392],[-62.342,-22.4775],[-62.6407,-22.2362],[-62.8112,-21.9988],[-63.9315,-21.9994],[-64.2674,-22.7578],[-64.6252,-22.2028],[-65.1866,-22.0853]]]]},"properties":{"tzid":"America/Argentina/Salta"}},
{"type":"Feature","geometry":{"type":"Polygon","coordinates":[[[-70.1259,-32.5764],[-69.7046,-32.4958],[-69.5968,-32.1414],[-69.1284,-31.9994],[-68.9169,-32.3368],[-67.9465,-32.11],[-67.3299,-32.3587],[-67.4645,-31.8593],[-66.6613,-31.9236],[-67.1,-31.3833],[-67.0796,-30.8862],[-67.5897,-30.2985],[-68.4856,-29.6493],[-69.0133,-29.6482],[-68.9296,-28.8402],[-69.316,-28.4116],[-69.6295,-28.394],[-69.7871,-29.1301],[-70.0185,-29.3206],[-69.8985,-30.3556],[-70.24,-30.6157],[-70.5669,-31.6002],[-70.1259,-32.5764]]]},"properties":{"tzid":"America/Argentina/San_Juan"}},
{"type":"Feature","geometry":{"type":"Polygon","coordinates":[[[-65.1177,-35.0154],[-65.1426,-33.1945],[-64.9254,-32.3255],[-65.7701,-31.8886],[-66.6613,-31.9236],[-67.4645,-31.8593],[-67.3299,-32.3587],[-67.1355,-33.4648],[-66.6632,-33.9852],[-66.812,-34.3451],[-66.4779,-35.1409],[-66.6378,-36.0006],[-65.117,-35.9996],[-65.1177,-35.0154]]]},"properties":{"tzid":"America/Argentina/San_Luis"}},
{"type":"Feature","geometry":{"type":"Polygon","coordinates":[[[-66.0998,-26.2205],[-66.1711,-26.6311],[-65.8326,-26.7379],[-66.1408,-27.2611],[-65.5759,-28.0139],[-65.1708,-27.9465],[-64.9882,-27.7339],[-64.4953,-26.2193],[-64.9509,-26.3068],[-65.6885,-26.1173],[-66.0998,-26.2205]]]},"properties":{"tzid":"America/Argentina/Tucuman"}},
{"type":"Feature","geometry":{"type":"MultiPolygon","coordinates":[[[[-66.0783,-55.1833],[-64.0779,-55.0731],[-63.4598,-54.7852],[-64.2229,-54.4499],[-64.7973,-54.5814],[-66.2492,-54.3033],[-67.5,-53.584],[-67.507,-53.5809],[-68.2165,-52.6034],[-68.5148,-52.5213],[-68.6068,-52.659],[-68.6097,-54.9119],[-67.2729,-54.9051],[-66.0783,-55.1833]]],[[[-67.5,-86],[-58,-86],[-45,-86],[-35,-86],[-35,-75],[-58,-74],[-54,-63],[-57,-61.6],[-59,-61.8],[-58.8,-62.25],[-57.3,-63.4],[-64,-64],[-63.8,-64.8],[-65.5,-65.25],[-67.5,-66],[-67.5,-86]]],[[[-45,-60],[-47.5,-60.5],[-46,-61.5],[-43.5,-61],[-43.5,-60],[-45,-60]]]]},"properties":{"tzid":"America/Argentina/Ushuaia"}},
{"type":"Feature","geometry":{"type":"Polygon","coordinates":[[[-54.2862,-24.0682],[-54.6698,-23.8126],[-55.4463,-23.9168],[-55.6253,-22.6282],[-55.8532,-22.2803],[-56.3939,-22.0786],[-56.6368,-22.2631],[-57.9938,-22.0902],[-57.856,-20.848],[-58.1697,-20.1671],[-58.236,-19.775],[-59.0689,-19.2876],[-59.9778,-19.2947],[-61.7352,-19.6344],[-62.2663,-20.563],[-62.2609,-21.0586],[-62.6407,-22.2362],[-62.342,-22.4775],[-61.9744,-23.0279],[-61.0882,-23.6139],[-60.9899,-23.8181],[-60.0391,-24.0116],[-58.6724,-24.8319],[-57.8599,-25.0851],[-57.555,-25.4484],[-58.0847,-26.1118],[-58.599,-27.2998],[-57.9145,-27.2653],[-57.4875,-27.4442],[-56.6012,-27.421],[-56.3749,-27.589],[-56.0628,-27.306],[-55.7369,-27.4452],[-55.4228,-26.9953],[-54.8124,-26.6679],[-54.6187,-26.2089],[-54.5935,-25.5928],[-54.2605,-24.3704],[-54.2862,-24.0682]]]},"properties":{"tzid":"America/Asuncion"}},
{"type":"Feature","geometry":{"type":"MultiPolygon","coordinates":[[[[-92.052,48.3539],[-91.5675,48.0438],[-91.0075,48.1996],[-91.0079,49.0017],[-91.7527,49.0015],[-92.052,48.3539]]],[[[-85.0004,80.2685],[-86.4895,80.2978],[-86.3161,79.7497],[-85.0006,79.5787],[-85.0004,80.2685]]],[[[-90,50.75],[-90,52],[-90.75,51.5],[-90.5,51],[-90,50.75]]],[[[-85.0001,60.2529],[-80.0317,62.9164],[-80.0208,63.9148],[-82.4552,65.4872],[-84.0602,65.4867],[-85.0033,66.0919],[-86.3991,65.6604],[-86.4625,65.1174],[-87.3081,63.4951],[-85.0002,62.6958],[-85.0001,60.2529]]]]},"properties":{"tzid":"America/Atikokan"}},
{"type":"Feature","geometry":{"type":"Polygon","coordinates":[[[-38.2378,-9.3295],[-38.3186,-8.9916],[-39.2325,-8.7073],[-39.4156,-8.5411],[-40.2681,-9.0737],[-40.6303,-9.4826],[-40.921,-8.835],[-41.3583,-8.7076],[-41.8418,-9.2438],[-42.3131,-9.3162],[-42.7715,-9.6197],[-43.4381,-9.2661],[-43.8379,-9.5252],[-43.6929,-10.0774],[-44.1392,-10.6399],[-44.3145,-10.5573],[-44.9315,-10.9281],[-45.437,-10.615],[-45.7235,-10.1554],[-46.5522,-11.2628],[-46.3617,-11.631],[-46.29,-12.377],[-46.328,-12.9547],[-46.113,-12.918],[-46.2755,-13.0202],[-46.2215,-14.1068],[-45.9072,-14.3552],[-45.969,-15.1483],[-45.674,-15.08],[-44.3159,-14.2389],[-43.818,-14.3157],[-43.8811,-14.6578],[-43.5299,-14.8166],[-43.1775,-14.6508],[-42.096,-15.182],[-41.8034,-15.0997],[-41.356,-15.4984],[-41.3312,-15.7447],[-40.819,-15.6463],[-40.2311,-15.8038],[-39.8568,-16.1134],[-40.549,-16.9898],[-40.5994,-17.3918],[-40.2229,-17.9793],[-39.461,-18.3935],[-39.3614,-18.1874],[-38.426,-18.0344],[-39.0046,-17.2429],[-38.6448,-15.8822],[-38.8158,-14.8676],[-38.6128,-13.2766],[-38.2076,-13.1032],[-37.5,-12.1926],[-37.4999,-12.1923],[-37.1772,-11.576],[-37.9669,-11.4008],[-38.2091,-10.7119],[-37.8099,-10.6888],[-37.7434,-10.3384],[-37.997,-9.916],[-37.9996,-9.5018],[-38.2378,-9.3295]]]},"properties":{"tzid":"America/Bahia"}},
{"type":"Feature","geometry":{"type":"Polygon","coordinates":[[[-105.8833,20.6855],[-105.3009,20.6475],[-104.9688,20.909],[-105.5178,21.1016],[-105.8833,20.6855]]]},"properties":{"tzid":"America/Bahia_Banderas"}},
{"type":"Feature","geometry":{"type":"Polygon","coordinates":[[[-59.53,12.845],[-59.2359,13.056],[-59.5038,13.505],[-59.8314,13.402],[-59.8321,13.056],[-59.53,12.845]]]},"properties":{"tzid":"America/Barbados"}},
{"type":"Feature","geometry":{"type":"Polygon","coordinates":[[[-54.8731,2.435],[-54.7448,1.7758],[-54.3777,1.7637],[-54.0887,1.492],[-53.5334,1.3224],[-53.1057,0.6795],[-53.1753,0.3817],[-52.9327,-0.1423],[-52.5352,-0.5741],[-52.4201,-1.0527],[-51.7784,-1.1404],[-51.8465,-1.5162],[-52.2524,-1.6921],[-52.0299,-2.7208],[-51.6103,-3.1517],[-51.8477,-3.614],[-52.1655,-3.2198],[-52.5777,-3.7869],[-52.7549,-4.7507],[-52.9225,-5.0099],[-52.5969,-6.0341],[-52.0195,-6.8816],[-52.4362,-7.0149],[-52.7973,-7.8636],[-52.5499,-8.5405],[-52.298,-8.6227],[-52.0016,-9.2809],[-52.1925,-9.6366],[-52.6195,-9.6807],[-50.2248,-9.8412],[-50.0378,-9.2894],[-49.2833,-8.3796],[-49.148,-7.807],[-49.378,-7.497],[-49.214,-6.938],[-48.3826,-6.3779],[-48.1381,-5.6027],[-48.7558,-5.3497],[-47.8162,-4.6147],[-47.6119,-4.5574],[-47.0793,-3.8432],[-46.4193,-2.5338],[-45.9434,-0.7582],[-47.6152,-0.3452],[-49.7881,1.8496],[-50.2883,2.3044],[-50.7561,2.9636],[-50.8708,4.0318],[-51.5045,4.6587],[-51.6587,4.0528],[-51.971,3.707],[-52.5517,2.5207],[-52.9044,2.1905],[-53.7679,2.3753],[-54.1063,2.1208],[-54.6012,2.3376],[-54.8731,2.435]]]},"properties":{"tzid":"America/Belem"}},
{"type":"Feature","geometry":{"type":"Polygon","coordinates":[[[-89.1519,17.8156],[-89.2276,15.8961],[-88.6083,16.0724],[-88.2134,15.9343],[-88.0738,16.028],[-87.3435,17.1142],[-87.3784,17.6364],[-87.7436,17.872],[-87.6268,18.187],[-88.0312,18.1675],[-88.0304,18.4148],[-88.5171,18.4638],[-88.717,18.0604],[-89.152,17.9396],[-89.1519,17.8156]]]},"properties":{"tzid":"America/Belize"}},
{"type":"Feature","geometry":{"type":"Polygon","coordinates":[[[-63,52.0001],[-63.0001,49.768],[-61.8833,49.3756],[-61.6432,49.1392],[-62.9023,49.1653],[-62.903,48.5149],[-60.4587,48.5285],[-60.4768,48.7814],[-58.5015,50.2709],[-57.7361,50.9986],[-57.1075,51.3771],[-57.1075,52.0001],[-58.8991,52.0001],[-63,52.0001]]]},"properties":{"tzid":"America/Blanc-Sablon"}},
{"type":"Feature","geometry":{"type":"Polygon","coordinates":[[[-60.7376,5.2019],[-60.5829,4.9572],[-60.9931,4.5211],[-62.145,4.0768],[-62.7339,4.0402],[-62.9965,3.6148],[-63.2088,3.9456],[-63.5497,3.8644],[-64.2961,4.1626],[-64.7729,4.0566],[-64.2369,3.6506],[-64.0615,2.5044],[-63.3549,2.3844],[-63.372,2.2118],[-62.7033,1.9338],[-62.8053,1.5913],[-62.471,1.087],[-62.518,0.444],[-62.188,-0.33],[-62.4981,-0.7794],[-61.604,-1.448],[-61.4573,-0.654],[-61.096,-0.499],[-60.5357,-0.8692],[-60.037,0.264],[-58.8954,0.2635],[-58.8953,1.2272],[-59.7487,1.8532],[-59.7199,2.2371],[-59.9908,2.6832],[-59.8695,3.5592],[-59.5153,3.9449],[-59.6694,4.3727],[-60.1611,4.5177],[-59.9723,5.0753],[-60.2096,5.2696],[-60.7376,5.2019]]]},"properties":{"tzid":"America/Boa_Vista"}},
{"type":"Feature","geometry":{"type":"MultiPolygon","coordinates":[[[[-78.4306,15.8072],[-78.7214,16.0307],[-78.7773,15.7062],[-78.4306,15.8072]]],[[[-80.0653,15.7667],[-79.7846,15.6094],[-79.8395,15.9941],[-80.0653,15.7667]]],[[[-82,12.0277],[-81.2662,12.3248],[-81.3659,12.6419],[-81.869,12.7518],[-82,12.0277]]],[[[-80.0946,13.7718],[-80.2998,13.5683],[-80.0112,13.2826],[-79.8302,13.5013],[-80.0946,13.7718]]],[[[-81.6218,13.3441],[-81.4464,13.1052],[-81.142,13.2862],[-81.1362,13.6265],[-81.485,13.6751],[-81.6218,13.3441]]],[[[-81.3603,14.2575],[-81.1298,13.9255],[-80.9279,14.0521],[-80.9256,14.6126],[-81.2373,14.6251],[-81.3603,14.2575]]],[[[-80.4452,14.4816],[-80.4843,14.19],[-80.1351,14.1176],[-79.9661,14.5443],[-80.4452,14.4816]]],[[[-79.1739,1.4696],[-78.8687,1.4696],[-77.9655,0.8244],[-77.4918,0.6624],[-77.5303,0.4095],[-76.4111,0.2423],[-76.2603,0.4036],[-75.7525,0.0369],[-75.2582,-0.116],[-75.0775,-0.0818],[-74.4224,-0.4993],[-74.276,-0.9772],[-73.6728,-1.2432],[-73.2121,-1.7541],[-73.1766,-2.1972],[-72.9387,-2.4507],[-72.3758,-2.4907],[-71.7196,-2.1598],[-71.396,-2.4113],[-70.8778,-2.2227],[-70.0608,-2.7595],[-70.7132,-3.7955],[-70.2841,-3.824],[-69.9467,-4.2281],[-69.9452,-4.2268],[-69.4506,-1.5299],[-69.4225,-1.014],[-69.6069,-0.509],[-70.0432,-0.19],[-70.0471,0.5631],[-69.1182,0.6555],[-69.321,1.0886],[-69.8427,1.0727],[-69.8429,1.715],[-68.1636,1.7278],[-67.3908,2.2278],[-67.1538,1.8315],[-67.0892,1.1657],[-66.8559,1.2269],[-67.1844,2.3463],[-67.8231,2.8906],[-67.3121,3.394],[-67.6113,3.7564],[-67.8488,4.5113],[-67.8352,5.3191],[-67.6253,5.4637],[-67.4526,6.1901],[-67.8313,6.3258],[-68.6716,6.1321],[-69.4367,6.1057],[-70.1174,6.98],[-70.5552,7.0792],[-72.0497,7.0416],[-72.4394,7.4031],[-72.3921,8.358],[-72.6551,8.6147],[-72.7634,9.0929],[-73.0111,9.2913],[-73.3474,9.1736],[-72.9454,9.8376],[-72.8907,10.4531],[-72.4978,11.083],[-72.2457,11.1452],[-71.9714,11.6463],[-71.324,11.8483],[-71.115,12.4586],[-71.1469,12.5234],[-71.6566,12.6654],[-74.2889,11.525],[-74.9423,11.2937],[-75.5039,10.8807],[-75.9846,10.2587],[-76.345,9.5365],[-77.2999,8.8879],[-77.4477,8.4722],[-77.1796,7.9172],[-77.5482,7.5222],[-77.698,7.6927],[-78.0364,7.0509],[-77.6967,6.168],[-77.7299,4.2571],[-78.3264,3.1327],[-79.2115,1.7301],[-79.1739,1.4696]]]]},"properties":{"tzid":"America/Bogota"}},
{"type":"Feature","geometry":{"type":"Polygon","coordinates":[[[-114.0414,41.9937],[-111.0468,42.0016],[-111.0525,44.4762],[-112.2887,44.5679],[-113.002,44.4499],[-113.4962,44.9477],[-113.9391,45.6958],[-114.5649,45.5577],[-115.5075,45.3766],[-116.3155,45.4128],[-116.2959,45.8583],[-117.2201,44.3014],[-117.9716,44.4433],[-118.2321,44.2561],[-118.215,42.4485],[-117.0266,42.4514],[-117.0262,42.0003],[-114.0414,41.9937]]]},"properties":{"tzid":"America/Boise"}},
{"type":"Feature","geometry":{"type":"Polygon","coordinates":[[[-110.0027,79.13],[-110.0024,76.4872],[-110.0022,74.8439],[-110.0019,72.9808],[-110.0017,70.0005],[-117.1169,70.0004],[-116.6325,69.6364],[-120,69.5768],[-120.6806,69.5563],[-120.6803,68.0003],[-120,67.8255],[-115.1745,66.4219],[-112.5013,65.5003],[-110.6679,65.5003],[-109.3344,64.8336],[-102.0006,64.2337],[-102,67],[-89,67],[-89,69.2603],[-89.6061,70.0179],[-92.1662,71.8781],[-97.0776,72.7053],[-102.0015,73.4297],[-102,75.5503],[-102,77.6875],[-102.001,80.123],[-106.1456,79.5459],[-110.0027,79.13]]]},"properties":{"tzid":"America/Cambridge_Bay"}},
{"type":"Feature","geometry":{"type":"Polygon","coordinates":[[[-53.0724,-18.034],[-53.9448,-17.9074],[-53.6801,-17.2536],[-54.0764,-17.6157],[-54.5023,-17.4807],[-55.1273,-17.6527],[-56.0441,-17.1714],[-56.7351,-17.3102],[-57.0457,-17.7304],[-57.5177,-17.8628],[-57.7518,-17.5662],[-57.557,-18.24],[-57.784,-19.033],[-58.131,-19.758],[-57.858,-19.9703],[-58.1697,-20.1671],[-57.856,-20.848],[-57.9938,-22.0902],[-56.6368,-22.2631],[-56.3939,-22.0786],[-55.8532,-22.2803],[-55.6253,-22.6282],[-55.4463,-23.9168],[-54.6698,-23.8126],[-54.2862,-24.0682],[-53.5468,-22.8901],[-52.484,-22.213],[-51.8689,-21.3541],[-51.8785,-21.1372],[-51.35,-20.363],[-51.0583,-20.2332],[-51.0555,-19.3318],[-51.6519,-19.1361],[-52.4484,-18.6918],[-52.9649,-18.55],[-53.0724,-18.034]]]},"properties":{"tzid":"America/Campo_Grande"}},
{"type":"Feature","geometry":{"type":"Polygon","coordinates":[[[-89.152,17.9396],[-88.717,18.0604],[-88.5171,18.4638],[-88.0304,18.4148],[-88.0312,18.1675],[-87.6268,18.187],[-87.5386,18.4789],[-87.1171,18.552],[-87.3852,18.9522],[-87.2034,19.5921],[-87.2631,20.0667],[-86.9557,20.0703],[-86.5772,20.4132],[-86.4966,21.1656],[-86.6114,21.6251],[-87.0453,21.8037],[-87.511,21.6904],[-87.5331,20.9996],[-88.1365,20.2814],[-88.7835,20.0082],[-89.1467,19.4239],[-89.152,17.9396]]]},"properties":{"tzid":"America/Cancun"}},
{"type":"Feature","geometry":{"type":"MultiPolygon","coordinates":[[[[-71.1469,12.5234],[-71.115,12.4586],[-70.9239,12.1565],[-70.6615,12.4539],[-70.8501,12.7042],[-71.1469,12.5234]]],[[[-63.3981,15.6882],[-63.647,15.9148],[-63.7212,15.4839],[-63.3981,15.6882]]],[[[-63.1281,11.1434],[-62.839,11.4175],[-63.3143,11.4957],[-63.1281,11.1434]]],[[[-64.841,11.9132],[-64.3475,11.5153],[-64.187,11.725],[-64.608,12.0993],[-64.841,11.9132]]],[[[-65.318,10.6897],[-65.0479,10.7727],[-65.1429,11.1476],[-65.5914,11.0978],[-65.318,10.6897]]],[[[-67.0014,11.5549],[-65.9756,11.6294],[-65.9389,11.999],[-66.3957,11.8815],[-66.6649,12.1687],[-67.1017,12.0033],[-67.0014,11.5549]]],[[[-67.5,12.1772],[-67.5037,12.1757],[-67.8504,12.1852],[-67.7748,11.8049],[-67.5,11.7472],[-67.4865,11.7441],[-67.2183,11.8884],[-67.5,12.1772]]],[[[-60.7376,5.2019],[-61.3827,5.9387],[-61.1376,6.1769],[-61.224,6.5917],[-60.3755,6.9306],[-60.7144,7.5408],[-59.819,8.3095],[-59.7707,8.6039],[-60.4042,8.7813],[-60.5154,9.2431],[-60.8537,9.7176],[-61.2074,9.8745],[-62.0831,10.0461],[-62.0286,10.1801],[-62.3716,10.3345],[-61.9219,10.4427],[-61.7306,10.9062],[-62.7384,10.9638],[-63.6291,10.8431],[-63.3944,11.2095],[-63.5437,11.5041],[-64.4848,11.2168],[-64.4902,10.5731],[-65.1362,10.288],[-65.8457,10.5398],[-65.9304,10.9402],[-67.495,10.7366],[-67.5,10.7358],[-68.0043,10.7169],[-68.067,11.0741],[-68.7644,11.6337],[-69.5436,11.7048],[-69.7356,12.2578],[-70.1629,12.3489],[-70.4892,11.9523],[-70.408,11.5158],[-71.36,11.1645],[-71.7555,11.4473],[-71.1405,11.7455],[-71.324,11.8483],[-71.9714,11.6463],[-72.2457,11.1452],[-72.4978,11.083],[-72.8907,10.4531],[-72.9454,9.8376],[-73.3474,9.1736],[-73.0111,9.2913],[-72.7634,9.0929],[-72.6551,8.6147],[-72.3921,8.358],[-72.4394,7.4031],[-72.0497,7.0416],[-70.5552,7.0792],[-70.1174,6.98],[-69.4367,6.1057],[-68.6716,6.1321],[-67.8313,6.3258],[-67.4526,6.1901],[-67.6253,5.4637],[-67.8352,5.3191],[-67.8488,4.5113],[-67.6113,3.7564],[-67.3121,3.394],[-67.8231,2.8906],[-67.1844,2.3463],[-66.8559,1.2269],[-66.3104,0.7449],[-65.5578,0.9913],[-65.4417,0.6932],[-64.8004,1.3154],[-64.1315,1.5761],[-64.0613,1.9242],[-63.372,2.2118],[-63.3549,2.3844],[-64.0615,2.5044],[-64.2369,3.6506],[-64.7729,4.0566],[-64.2961,4.1626],[-63.5497,3.8644],[-63.2088,3.9456],[-62.9965,3.6148],[-62.7339,4.0402],[-62.145,4.0768],[-60.9931,4.5211],[-60.5829,4.9572],[-60.7376,5.2019]]]]},"properties":{"tzid":"America/Caracas"}},
{"type":"Feature","geometry":{"type":"Polygon","coordinates":[[[-53.8641,5.9839],[-54.0078,5.5511],[-54.4776,4.9055],[-54.3581,4.0515],[-54.0029,3.6448],[-54.1856,2.8385],[-54.6012,2.3376],[-54.1063,2.1208],[-53.7679,2.3753],[-52.9044,2.1905],[-52.5517,2.5207],[-51.971,3.707],[-51.6587,4.0528],[-51.5045,4.6587],[-52.5,5.4815],[-53.8641,5.9839]]]},"properties":{"tzid":"America/Cayenne"}},
{"type":"Feature","geometry":{"type":"MultiPolygon","coordinates":[[[[-80.2684,19.7955],[-80.0655,19.4583],[-79.5232,19.6831],[-79.7002,19.9543],[-80.2684,19.7955]]],[[[-81.3375,19.0678],[-80.8807,19.2717],[-81.0398,19.5467],[-81.5375,19.5493],[-81.3375,19.0678]]]]},"properties":{"tzid":"America/Cayman"}},
{"type":"Feature","geometry":{"type":"Polygon","coordinates":[[[-85.2691,29.4667],[-85.3913,30.0274],[-85.0386,29.7812],[-85.1395,30.1714],[-84.8585,30.6959],[-85.108,31.1881],[-85.073,32.355],[-85.6052,34.9847],[-84.6806,35.9085],[-84.9037,36.1511],[-84.7857,36.6034],[-85.0643,36.8588],[-84.8357,36.9976],[-85.1765,37.312],[-86.0476,37.4499],[-86.4907,38.0457],[-86.7915,38.2051],[-87.0731,38.2326],[-87.4629,38.5327],[-87.5229,38.9024],[-87.526,40.7369],[-86.9308,40.9124],[-86.9309,41.1722],[-86.5247,41.4329],[-86.5242,41.7597],[-87.2078,41.761],[-87.0199,42.4938],[-87.1472,43.3799],[-87.0132,44.1319],[-86.6863,44.881],[-86.2501,45.2357],[-87.1011,45.4442],[-87.4425,45.0764],[-87.8881,45.3547],[-88.0952,45.9161],[-90.1199,46.3369],[-90.4185,46.5661],[-89.4834,48.0137],[-91.0075,48.1996],[-91.5675,48.0438],[-92.052,48.3539],[-92.3699,48.2203],[-92.9846,48.6238],[-93.7934,48.5163],[-94.5876,48.7176],[-94.8255,49.2944],[-95.1532,48.9989],[-98.2106,49.0003],[-101.362,48.9995],[-104.0487,48.9999],[-104.0441,47.9971],[-103.6096,47.5155],[-103.0262,47.6793],[-102.2034,47.5734],[-101.4299,47.5619],[-101.2568,47.2682],[-100.9351,46.9826],[-100.5902,46.4279],[-101.0502,46.2806],[-101.334,45.9442],[-100.5118,45.9437],[-100.2983,45.7068],[-100.281,45.0236],[-100.7287,44.778],[-100.3897,44.4434],[-100.5632,44.1684],[-101.0469,44.1683],[-101.2282,43.7795],[-101.2277,42.9979],[-100.9014,42.9979],[-100.8439,41.7404],[-101.4045,41.7432],[-101.2702,41.3959],[-101.3225,40.0027],[-102.0518,40.0032],[-102.0498,39.5682],[-101.3902,39.5686],[-101.5671,38.6997],[-101.527,37.7364],[-102.042,37.7385],[-102.0421,36.9931],[-103.0024,37.0001],[-103.0436,34.0036],[-103.0646,32.0004],[-104.9187,32.0003],[-104.9797,30.6292],[-104.8685,30.4726],[-104.5089,29.6331],[-103.3076,29.0035],[-102.8682,29.2229],[-102.691,29.7222],[-101.4533,29.7862],[-100.795,29.2437],[-100.294,28.2846],[-99.4787,27.4794],[-99.4452,27.0202],[-99.0836,26.3974],[-97.3738,25.8398],[-96.924,25.9757],[-97.1532,26.9871],[-96.7114,27.9025],[-96.1251,28.3056],[-95.2513,28.6991],[-94.4542,29.3049],[-93.2235,29.5728],[-92.143,29.362],[-90.8048,28.8362],[-89.635,29.0437],[-89.4847,28.7099],[-88.7776,29.0431],[-88.9048,29.4031],[-88.6014,30.02],[-88.0641,30.0083],[-86.6438,30.196],[-86.0525,30.0704],[-85.2691,29.4667]]]},"properties":{"tzid":"America/Chicago"}},
{"type":"Feature","geometry":{"type":"Polygon","coordinates":[[[-106.9944,25.6617],[-106.6305,25.5858],[-106.547,25.9521],[-106.0474,26.8448],[-105.489,26.5184],[-104.5745,26.3405],[-104.2279,26.7771],[-103.6991,26.7253],[-103.96,27.8353],[-103.6422,28.5449],[-104.2931,28.5835],[-105.1324,29.0494],[-105.4428,29.5026],[-105.8382,29.6466],[-105.5697,30.3449],[-105.7124,30.772],[-106.3049,31.1513],[-107.0449,31.0861],[-107.2629,30.7562],[-107.9837,30.8115],[-108.2047,30.3761],[-108.6176,30.236],[-108.7453,29.1622],[-108.4886,28.375],[-109.075,28.2725],[-108.5026,26.9874],[-108.1943,27.0321],[-107.8561,26.2261],[-107.4161,26.1412],[-106.9944,25.6617]]]},"properties":{"tzid":"America/Chihuahua"}},
{"type":"Feature","geometry":{"type":"Polygon","coordinates":[[[-104.8685,30.4726],[-104.9797,30.6292],[-105.3959,30.8492],[-106.5282,31.7839],[-108.2085,31.7837],[-108.2085,31.3334],[-108.7559,31.3324],[-108.9392,30.9076],[-108.6176,30.236],[-108.2047,30.3761],[-107.9837,30.8115],[-107.2629,30.7562],[-107.0449,31.0861],[-106.3049,31.1513],[-105.7124,30.772],[-105.5697,30.3449],[-104.8685,30.4726]]]},"properties":{"tzid":"America/Ciudad_Juarez"}},
{"type":"Feature","geometry":{"type":"Polygon","coordinates":[[[-83.6082,11.1249],[-83.6711,10.7969],[-84.2008,10.7817],[-84.6805,11.0844],[-84.9107,10.944],[-85.6099,11.2196],[-86.0223,11.0971],[-86.1787,10.9],[-86.0362,10.1501],[-85.8341,9.7833],[-83.6769,8.2715],[-82.9817,7.8539],[-83.0428,8.3154],[-82.7119,8.9223],[-82.9344,9.0839],[-82.8569,9.6198],[-82.4299,9.722],[-82.4965,9.7947],[-82.5,9.7971],[-83.2451,10.5009],[-83.6082,11.1249]]]},"properties":{"tzid":"America/Costa_Rica"}},
{"type":"Feature","geometry":{"type":"Polygon","coordinates":[[[-76.0314,-48.7841],[-74.9959,-48.5877],[-73.9674,-48.7166],[-73.1433,-49.2115],[-72.5314,-48.7967],[-72.2262,-48.3234],[-72.4978,-47.9615],[-72.3428,-47.4572],[-71.8682,-47.2336],[-71.9485,-46.8098],[-71.6466,-46.6878],[-71.9153,-46.1397],[-71.6477,-46],[-71.8015,-45.7194],[-71.3332,-45.3191],[-71.5597,-44.9779],[-71.1295,-44.4716],[-71.8138,-44.418],[-71.7358,-44.0658],[-72.3299,-43.6781],[-73.0833,-43.7403],[-73.9116,-43.588],[-75.1325,-43.8115],[-75.0864,-44.4647],[-75.4851,-44.8335],[-75.2452,-45.606],[-75.8549,-46.5294],[-75.7085,-47.6706],[-75.9984,-48.1004],[-76.0314,-48.7841]]]},"properties":{"tzid":"America/Coyhaique"}},
{"type":"Feature","geometry":{"type":"Polygon","coordinates":[[[-116.0492,49.0008],[-115.7284,49.0009],[-116.6794,49.803],[-116.8697,49.8092],[-116.9215,48.9995],[-116.0492,49.0008]]]},"properties":{"tzid":"America/Creston"}},
{"type":"Feature","geometry":{"type":"Polygon","coordinates":[[[-52.6195,-9.6807],[-54.613,-9.535],[-56.671,-9.367],[-57.5932,-8.7175],[-57.6411,-8.2087],[-58.1379,-7.349],[-58.3858,-7.8381],[-58.2862,-8.068],[-58.4429,-8.7994],[-61.5831,-8.7987],[-61.628,-9.257],[-61.461,-10.42],[-61.55,-10.986],[-60.4596,-10.9889],[-59.996,-11.1457],[-60.0938,-11.5594],[-59.7737,-12.3427],[-60.029,-12.6185],[-60.3862,-13.4518],[-60.7104,-13.6912],[-60.4642,-13.7996],[-60.4543,-14.3134],[-60.245,-15.0974],[-60.5752,-15.0977],[-60.2392,-15.4749],[-60.1738,-16.2667],[-58.4308,-16.3224],[-58.474,-16.935],[-58.246,-17.354],[-57.7518,-17.5662],[-57.5177,-17.8628],[-57.0457,-17.7304],[-56.7351,-17.3102],[-56.0441,-17.1714],[-55.1273,-17.6527],[-54.5023,-17.4807],[-54.0764,-17.6157],[-53.6801,-17.2536],[-53.9448,-17.9074],[-53.0724,-18.034],[-53.2476,-17.6478],[-53.039,-16.9121],[-52.6064,-16.4866],[-52.6828,-16.3022],[-52.2541,-15.8933],[-51.8923,-15.8311],[-51.6498,-15.1743],[-51.0864,-14.9227],[-50.833,-14.089],[-50.8737,-13.7321],[-50.5099,-12.8617],[-50.7073,-12.6075],[-50.6376,-11.8942],[-50.7413,-11.4441],[-50.2248,-9.8412],[-52.6195,-9.6807]]]},"properties":{"tzid":"America/Cuiaba"}},
{"type":"Feature","geometry":{"type":"Polygon","coordinates":[[[-68.6211,12.217],[-69.096,12.585],[-69.3604,12.281],[-68.6835,11.781],[-68.4413,11.9331],[-68.6211,12.217]]]},"properties":{"tzid":"America/Curacao"}},
{"type":"Feature","geometry":{"type":"Polygon","coordinates":[[[-16.7723,79.5337],[-19.4463,79.4978],[-22.6703,79.6515],[-22.9119,75.954],[-19.4744,75.742],[-17.4898,75.8154],[-17.8755,76.4776],[-16.545,77.7278],[-16.907,78.7433],[-16.5788,79.2039],[-15.1911,79.4983],[-16.7723,79.5337]]]},"properties":{"tzid":"America/Danmarkshavn"}},
{"type":"Feature","geometry":{"type":"Polygon","coordinates":[[[-141.0006,69.6466],[-141.0011,67.5986],[-141.0013,64.9918],[-141.0014,63.0221],[-141.002,60.3064],[-139.9811,60.182],[-139.0748,60.3525],[-139.0613,59.9996],[-138,60.0007],[-138,61.9577],[-138,64.2746],[-137.9996,69.4796],[-138.6574,69.7906],[-140.7557,69.829],[-141.0006,69.6466]]]},"properties":{"tzid":"America/Dawson"}},
{"type":"Feature","geometry":{"type":"Polygon","coordinates":[[[-120.0013,53.7987],[-120.0014,56.1347],[-120.0013,58],[-124.9421,58],[-124.4491,57.6484],[-123.6642,56.6517],[-123.4531,55.8839],[-121.4896,54.6079],[-120.7918,54.4709],[-120.0013,53.7987]]]},"properties":{"tzid":"America/Dawson_Creek"}},
{"type":"Feature","geometry":{"type":"Polygon","coordinates":[[[-104.9797,30.6292],[-104.9187,32.0003],[-103.0646,32.0004],[-103.0436,34.0036],[-103.0024,37.0001],[-102.0421,36.9931],[-102.042,37.7385],[-101.527,37.7364],[-101.5671,38.6997],[-101.3902,39.5686],[-102.0498,39.5682],[-102.0518,40.0032],[-101.3225,40.0027],[-101.2702,41.3959],[-101.4045,41.7432],[-100.8439,41.7404],[-100.9014,42.9979],[-101.2277,42.9979],[-101.2282,43.7795],[-101.0469,44.1683],[-100.5632,44.1684],[-100.3897,44.4434],[-100.7287,44.778],[-100.281,45.0236],[-100.2983,45.7068],[-100.5118,45.9437],[-101.334,45.9442],[-101.0502,46.2806],[-101.2997,46.63],[-102.0939,46.7171],[-102.097,46.9809],[-102.2034,47.5734],[-103.0262,47.6793],[-103.6096,47.5155],[-104.0441,47.9971],[-104.0487,48.9999],[-107.8653,48.9998],[-110.0051,48.9996],[-113.6947,48.9975],[-115.7284,49.0009],[-116.0492,49.0008],[-116.0491,47.9773],[-114.6131,46.6385],[-114.3207,46.6469],[-114.5649,45.5577],[-113.9391,45.6958],[-113.4962,44.9477],[-113.002,44.4499],[-112.2887,44.5679],[-111.0525,44.4762],[-111.0468,42.0016],[-114.0414,41.9937],[-114.0484,40.1186],[-114.0501,36.9998],[-111.4059,37.0017],[-111.8904,36.3705],[-111.6932,35.7451],[-111.32,35.757],[-111.243,35.1565],[-109.5066,35.1535],[-109.5265,34.9045],[-109.0459,34.905],[-109.0468,33.3653],[-109.05,31.3324],[-108.7559,31.3324],[-108.2085,31.3334],[-108.2085,31.7837],[-106.5282,31.7839],[-105.3959,30.8492],[-104.9797,30.6292]],[[-110.0007,35.8535],[-110.2507,35.5186],[-111.0007,35.549],[-111.0007,36.2814],[-110.3131,36.4306],[-110.4028,36.0431],[-110.0007,35.8535]]]},"properties":{"tzid":"America/Denver"}},
{"type":"Feature","geometry":{"type":"Polygon","coordinates":[[[-87.1011,45.4442],[-86.2501,45.2357],[-86.6863,44.881],[-87.0132,44.1319],[-87.1472,43.3799],[-87.0199,42.4938],[-87.2078,41.761],[-86.5242,41.7597],[-84.806,41.6961],[-83.4159,41.7338],[-83.1126,41.9594],[-83.128,42.2387],[-82.5234,42.6073],[-82.1228,43.5912],[-82.5186,45.3386],[-83.9555,46.0568],[-84.129,46.5305],[-84.5568,46.4608],[-84.8601,46.8889],[-88.3699,48.3061],[-89.4834,48.0137],[-90.4185,46.5661],[-89.8637,46.7654],[-89.7406,46.5056],[-88.1165,46.4199],[-87.3676,45.9852],[-87.1011,45.4442]]]},"properties":{"tzid":"America/Detroit"}},
{"type":"Feature","geometry":{"type":"Polygon","coordinates":[[[-61.1383,15.7017],[-61.6798,15.6444],[-61.349,15.0075],[-61.1589,15.0792],[-61.1383,15.7017]]]},"properties":{"tzid":"America/Dominica"}},
{"type":"Feature","geometry":{"type":"MultiPolygon","coordinates":[[[[-110.0051,48.9996],[-110.0055,52.6654],[-108.8835,52.8043],[-109.0781,53.2862],[-110.0056,53.6036],[-110.0058,54.6489],[-110.006,57.9912],[-110.0064,59.9996],[-106.067,59.9986],[-102.0076,59.9994],[-102.0037,62.5059],[-102.0006,64.2337],[-109.3344,64.8336],[-110.6679,65.5003],[-112.5013,65.5003],[-115.1745,66.4219],[-120,67.8255],[-120.0014,60.0005],[-120.0013,58],[-120.0014,56.1347],[-120.0013,53.7987],[-119.9012,53.5166],[-118.9477,53.2366],[-118.4031,52.8416],[-118.2199,52.3841],[-118.5545,52.2783],[-117.9241,51.7152],[-117.9917,51.5023],[-116.6549,50.5984],[-116.4487,50.1255],[-116.6794,49.803],[-115.7284,49.0009],[-113.6947,48.9975],[-110.0051,48.9996]]],[[[-120,69.5768],[-116.6325,69.6364],[-117.1169,70.0004],[-110.0017,70.0005],[-110.0019,72.9808],[-110.0022,74.8439],[-110.0024,76.4872],[-110.0027,79.13],[-112.5,78.8228],[-115.0199,78.4535],[-116.8756,77.7898],[-120,77.4183],[-120,69.5768]]]]},"properties":{"tzid":"America/Edmonton"}},
{"type":"Feature","geometry":{"type":"Polygon","coordinates":[[[-69.9467,-4.2281],[-70.7477,-4.1612],[-70.9334,-4.3794],[-71.9193,-4.5297],[-72.8697,-5.1782],[-73.248,-6.1089],[-73.2067,-6.5771],[-73.6383,-6.7545],[-73.7984,-7.1131],[-72.5847,-7.552],[-70.055,-7.8451],[-68.6472,-9.0494],[-67.5586,-9.5414],[-69.9452,-4.2268],[-69.9467,-4.2281]]]},"properties":{"tzid":"America/Eirunepe"}},
{"type":"Feature","geometry":{"type":"Polygon","coordinates":[[[-90.2209,13.5634],[-89.8582,13.3295],[-88.8815,13.0607],[-87.8916,12.9522],[-87.5971,13.1707],[-87.8217,13.4095],[-87.7084,13.804],[-88.8313,14.1046],[-89.356,14.4206],[-90.0802,13.8777],[-90.2209,13.5634]]]},"properties":{"tzid":"America/El_Salvador"}},
{"type":"Feature","geometry":{"type":"Polygon","coordinates":[[[-124.9421,58],[-120.0013,58],[-120.0014,60.0005],[-123.8103,60.001],[-127.7343,60.0011],[-127.7428,59.6263],[-126.5819,58.5856],[-124.8871,58.2286],[-124.9421,58]]]},"properties":{"tzid":"America/Fort_Nelson"}},
{"type":"Feature","geometry":{"type":"MultiPolygon","coordinates":[[[[-33.7118,-3.6728],[-33.9881,-3.9813],[-33.6546,-4.0132],[-33.7118,-3.6728]]],[[[-34.5774,-7.5875],[-34.6402,-6.834],[-35.0799,-5.3948],[-35.2754,-5.0757],[-36.1993,-4.6791],[-36.4403,-4.8628],[-37.0767,-4.7199],[-37.5,-4.4227],[-38.3086,-3.5733],[-39.837,-2.673],[-40.5515,-2.5901],[-41.4982,-2.6917],[-41.7926,-2.5208],[-42.7105,-2.3472],[-43.2978,-2.1231],[-44.8356,-1.086],[-45.9434,-0.7582],[-46.4193,-2.5338],[-47.0793,-3.8432],[-47.6119,-4.5574],[-47.8162,-4.6147],[-48.7558,-5.3497],[-48.3623,-5.1695],[-47.872,-5.272],[-47.483,-5.565],[-47.377,-6.266],[-47.643,-7.1444],[-47.1073,-7.9904],[-46.597,-7.899],[-46.543,-8.319],[-46.912,-8.591],[-46.94,-9.063],[-46.327,-10.183],[-45.9711,-10.3589],[-45.7235,-10.1554],[-45.437,-10.615],[-44.9315,-10.9281],[-44.3145,-10.5573],[-44.1392,-10.6399],[-43.6929,-10.0774],[-43.8379,-9.5252],[-43.4381,-9.2661],[-42.7715,-9.6197],[-42.3131,-9.3162],[-41.8418,-9.2438],[-41.3583,-8.7076],[-40.8374,-8.3811],[-40.5442,-7.9646],[-40.7153,-7.488],[-40.263,-7.301],[-39.741,-7.326],[-39.1061,-7.7601],[-38.7054,-7.622],[-38.077,-7.83],[-37.2342,-7.2739],[-36.9842,-7.4823],[-37.3574,-7.975],[-36.9602,-8.3005],[-36.43,-7.8271],[-35.905,-7.792],[-35.2486,-7.3747],[-34.5774,-7.5875]]]]},"properties":{"tzid":"America/Fortaleza"}},
{"type":"Feature","geometry":{"type":"Polygon","coordinates":[[[-62.3455,45.3452],[-62.7121,45.2756],[-61.9577,44.7132],[-60.7637,45.1143],[-60.4938,45.4028],[-59.4866,45.8579],[-59.4069,46.13],[-59.9124,46.4294],[-60.0488,46.9597],[-59.2887,47.3734],[-60.4038,47.7611],[-61.3505,47.0097],[-61.5814,46.4376],[-62.3381,45.9113],[-62.1488,45.3745],[-62.1925,45.368],[-62.3134,45.35],[-62.3455,45.3452]]]},"properties":{"tzid":"America/Glace_Bay"}},
{"type":"Feature","geometry":{"type":"Polygon","coordinates":[[[-64.5175,60.3044],[-64.8895,59.6622],[-64.4603,58.9815],[-63.8078,58.4897],[-64.4217,58.1867],[-63.6926,57.6527],[-64.0874,56.2569],[-63.6654,55.4231],[-63.3198,55.4118],[-63.924,54.7784],[-64.5569,54.7137],[-65.0858,54.9696],[-65.6932,54.7082],[-66.8187,55.3553],[-66.5899,54.813],[-67.767,54.4368],[-67.3769,53.5972],[-66.9067,53.3953],[-67.3419,52.8962],[-66.4404,52.635],[-65.9915,52.0585],[-65.1828,51.7694],[-64.2766,51.7454],[-64.1224,52.7354],[-63.6468,52.0438],[-63,52.0001],[-58.8991,52.0001],[-57.1075,52.0001],[-57.1075,53.25],[-55.4993,53.7013],[-56.2814,54.1364],[-56.6192,54.851],[-57.1142,54.8875],[-59.1203,55.4843],[-60.1229,56.3269],[-60.9354,57.2515],[-61.3346,58.0183],[-62.2377,58.6032],[-63.1516,59.7288],[-64.0261,60.477],[-64.5175,60.3044]]]},"properties":{"tzid":"America/Goose_Bay"}},
{"type":"Feature","geometry":{"type":"Polygon","coordinates":[[[-70.9791,21.1489],[-71.0123,21.6802],[-71.9918,22.1631],[-72.5499,21.9487],[-72.6773,21.5401],[-71.9368,21.0166],[-71.18,20.9794],[-70.9791,21.1489]]]},"properties":{"tzid":"America/Grand_Turk"}},
{"type":"Feature","geometry":{"type":"Polygon","coordinates":[[[-61.6631,12.6097],[-61.9949,11.9326],[-61.4587,11.9425],[-61.2105,12.3984],[-61.6631,12.6097]]]},"properties":{"tzid":"America/Grenada"}},
{"type":"Feature","geometry":{"type":"Polygon","coordinates":[[[-61.1383,15.7017],[-60.8138,16.245],[-60.852,16.482],[-61.4226,16.71],[-61.9555,16.48],[-61.975,16.025],[-61.6798,15.6444],[-61.1383,15.7017]]]},"properties":{"tzid":"America/Guadeloupe"}},
{"type":"Feature","geometry":{"type":"Polygon","coordinates":[[[-90.2209,13.5634],[-90.0802,13.8777],[-89.356,14.4206],[-89.1541,15.069],[-88.2278,15.7238],[-88.2134,15.9343],[-88.6083,16.0724],[-89.2276,15.8961],[-89.1519,17.8156],[-90.9877,17.8153],[-90.9873,17.2513],[-91.44,17.2509],[-90.373,16.3738],[-90.4422,16.0738],[-91.7316,16.0739],[-92.2105,15.2606],[-92.0612,15.073],[-92.3649,14.3812],[-91.3536,13.7553],[-90.6674,13.725],[-90.2209,13.5634]]]},"properties":{"tzid":"America/Guatemala"}},
{"type":"Feature","geometry":{"type":"Polygon","coordinates":[[[-75.2582,-0.116],[-75.7525,0.0369],[-76.2603,0.4036],[-76.4111,0.2423],[-77.5303,0.4095],[-77.4918,0.6624],[-77.9655,0.8244],[-78.8687,1.4696],[-79.1739,1.4696],[-79.5598,1.4696],[-80.1739,0.985],[-81.2607,-1.1692],[-81.2125,-2.1855],[-81.3443,-3.3921],[-80.3066,-3.3923],[-80.1264,-3.8953],[-80.4465,-3.9984],[-80.3866,-4.4875],[-80.1064,-4.2913],[-79.4878,-4.5303],[-79.2657,-4.9668],[-79.0125,-5.0121],[-78.706,-4.6239],[-78.3238,-3.391],[-77.8439,-3.0004],[-76.6327,-2.5911],[-76.0444,-2.1249],[-75.5554,-1.5469],[-75.2279,-0.5508],[-75.5308,-0.1809],[-75.2582,-0.116]]]},"properties":{"tzid":"America/Guayaquil"}},
{"type":"Feature","geometry":{"type":"Polygon","coordinates":[[[-56.469,1.9492],[-56.6846,2.0261],[-57.2229,2.8972],[-57.3062,3.3897],[-57.6276,3.4652],[-58.0407,3.9921],[-57.9207,4.834],[-57.3194,5.0367],[-57.024,6.2065],[-57.8827,6.946],[-58.2684,7.144],[-58.3137,7.452],[-58.9894,8.179],[-59.7707,8.6039],[-59.819,8.3095],[-60.7144,7.5408],[-60.3755,6.9306],[-61.224,6.5917],[-61.1376,6.1769],[-61.3827,5.9387],[-60.7376,5.2019],[-60.2096,5.2696],[-59.9723,5.0753],[-60.1611,4.5177],[-59.6694,4.3727],[-59.5153,3.9449],[-59.8695,3.5592],[-59.9908,2.6832],[-59.7199,2.2371],[-59.7487,1.8532],[-58.8953,1.2272],[-58.4962,1.268],[-58.3224,1.597],[-57.5376,1.7005],[-57.1116,2.0295],[-56.469,1.9492]]]},"properties":{"tzid":"America/Guyana"}},
{"type":"Feature","geometry":{"type":"MultiPolygon","coordinates":[[[[-59.8092,44.2096],[-60.4251,43.9079],[-59.9011,43.7254],[-59.4393,43.9118],[-59.8092,44.2096]]],[[[-61.9577,44.7132],[-62.7121,45.2756],[-62.3455,45.3452],[-62.3134,45.35],[-62.1925,45.368],[-62.1488,45.3745],[-62.3381,45.9113],[-61.5814,46.4376],[-61.3505,47.0097],[-60.4038,47.7611],[-60.4587,48.5285],[-62.903,48.5149],[-63.7519,48.5109],[-64.2738,48.2207],[-63.6251,48.0001],[-63.3289,47.6025],[-64.4558,47.0565],[-64.5327,46.5583],[-63.5748,46.1008],[-64.2576,45.8737],[-64.2584,45.8724],[-65.0316,45.2282],[-65.938,44.9567],[-66.6807,44.3074],[-66.1479,43.2162],[-65.6224,43.1882],[-64.6238,43.648],[-63.9951,44.1469],[-61.9577,44.7132]]]]},"properties":{"tzid":"America/Halifax"}},
{"type":"Feature","geometry":{"type":"Polygon","coordinates":[[[-82.2028,21.2728],[-81.1025,21.428],[-79.956,21.4113],[-79.5993,20.9693],[-78.4604,20.3496],[-77.7026,19.6275],[-76.194,19.7785],[-75.3786,19.6759],[-74.1468,19.9015],[-73.919,20.2161],[-74.0707,20.4636],[-75.667,21.322],[-76.2801,21.4577],[-77.2148,22.033],[-78.2132,22.6426],[-78.773,22.8683],[-79.6721,23.1308],[-80.2246,23.4039],[-80.8762,23.4814],[-82.4215,23.3457],[-82.5,23.3298],[-83.707,23.0818],[-84.8192,22.4481],[-85.168,21.8665],[-84.5551,21.5574],[-84.0465,21.689],[-83.1681,21.2867],[-82.5,21.2586],[-82.2028,21.2728]]]},"properties":{"tzid":"America/Havana"}},
{"type":"Feature","geometry":{"type":"Polygon","coordinates":[[[-109.05,31.3324],[-111.075,31.3324],[-113.1553,31.9825],[-114.8136,32.494],[-114.9656,31.9215],[-114.591,31.6978],[-114.5532,31.3431],[-112.7679,29.2804],[-112.5455,28.4672],[-112.5,28.2204],[-112.4996,28.22],[-112.2627,28.1741],[-112.1008,28.5959],[-111.5674,28.1118],[-111.4616,27.7705],[-110.858,27.6393],[-110.8096,27.2381],[-109.4901,26.3631],[-109.1254,26.297],[-108.6788,26.587],[-108.5026,26.9874],[-109.075,28.2725],[-108.4886,28.375],[-108.7453,29.1622],[-108.6176,30.236],[-108.9392,30.9076],[-108.7559,31.3324],[-109.05,31.3324]]]},"properties":{"tzid":"America/Hermosillo"}},
{"type":"Feature","geometry":{"type":"Polygon","coordinates":[[[-87.5229,38.9024],[-86.6829,38.9047],[-86.6814,38.3948],[-86.255,38.4227],[-85.4284,38.5868],[-85.2015,38.691],[-85.1359,38.9294],[-84.8194,39.3052],[-84.806,41.6961],[-86.5242,41.7597],[-86.5247,41.4329],[-86.4671,41.1711],[-86.9308,40.9124],[-87.526,40.7369],[-87.5229,38.9024]]]},"properties":{"tzid":"America/Indiana/Indianapolis"}},
{"type":"Feature","geometry":{"type":"Polygon","coordinates":[[[-86.5247,41.4329],[-86.9309,41.1722],[-86.4671,41.1711],[-86.5247,41.4329]]]},"properties":{"tzid":"America/Indiana/Knox"}},
{"type":"Feature","geometry":{"type":"Polygon","coordinates":[[[-86.3311,38.181],[-86.255,38.4227],[-86.6814,38.3948],[-86.6799,38.2634],[-86.4629,38.1194],[-86.3311,38.181]]]},"properties":{"tzid":"America/Indiana/Marengo"}},
{"type":"Feature","geometry":{"type":"Polygon","coordinates":[[[-87.0731,38.2326],[-87.0724,38.5147],[-87.4629,38.5327],[-87.0731,38.2326]]]},"properties":{"tzid":"America/Indiana/Petersburg"}},
{"type":"Feature","geometry":{"type":"Polygon","coordinates":[[[-86.7915,38.2051],[-86.4907,38.0457],[-86.4629,38.1194],[-86.6799,38.2634],[-86.7915,38.2051]]]},"properties":{"tzid":"America/Indiana/Tell_City"}},
{"type":"Feature","geometry":{"type":"Polygon","coordinates":[[[-85.2015,38.691],[-84.7852,38.88],[-85.1359,38.9294],[-85.2015,38.691]]]},"properties":{"tzid":"America/Indiana/Vevay"}},
{"type":"Feature","geometry":{"type":"Polygon","coordinates":[[[-86.6814,38.3948],[-86.6829,38.9047],[-87.5229,38.9024],[-87.4629,38.5327],[-87.0724,38.5147],[-87.0731,38.2326],[-86.7915,38.2051],[-86.6799,38.2634],[-86.6814,38.3948]]]},"properties":{"tzid":"America/Indiana/Vincennes"}},
{"type":"Feature","geometry":{"type":"Polygon","coordinates":[[[-86.9308,40.9124],[-86.4671,41.1711],[-86.9309,41.1722],[-86.9308,40.9124]]]},"properties":{"tzid":"America/Indiana/Winamac"}},
{"type":"Feature","geometry":{"type":"Polygon","coordinates":[[[-120,67.8255],[-120.6803,68.0003],[-120.6806,69.5563],[-120,69.5768],[-120,77.4183],[-122.7178,76.6094],[-123.7626,76.4271],[-123.6001,75.8644],[-125.8052,74.2838],[-125.0203,73.5221],[-126.4457,72.1277],[-127.5,71.5355],[-128.7404,70.7711],[-130.0302,70.4518],[-133.452,69.787],[-134.3547,69.9869],[-135.8317,69.7985],[-136.588,69.4031],[-136.4415,67.655],[-136.1597,67],[-134.0785,66.9794],[-133.5767,66.5578],[-133.6174,65.9532],[-132.5555,66.0266],[-132.1655,65.6175],[-132.7391,65.1626],[-132.6324,64.8284],[-131.1503,64.4167],[-130.7621,63.9686],[-129.8227,63.4513],[-130.1587,63.3057],[-129.1775,62.4651],[-129.1846,62.1143],[-128.292,62.145],[-126.985,61.457],[-126.8701,60.7725],[-124.6359,60.7025],[-123.8103,60.001],[-120.0014,60.0005],[-120,67.8255]]]},"properties":{"tzid":"America/Inuvik"}},
{"type":"Feature","geometry":{"type":"Polygon","coordinates":[[[-84.9999,55.2716],[-83.8898,55.2947],[-82.5162,55.162],[-82.1951,54.8089],[-82.4165,54.3419],[-82.1106,53.7619],[-82.2259,52.9267],[-81.4084,52.1472],[-80.564,51.6977],[-80.3851,51.3387],[-79.7913,51.1607],[-79.3639,51.6565],[-78.5851,52.1005],[-78.9944,53.0133],[-78.9325,53.5621],[-79.5551,54.7251],[-77.794,55.2616],[-77.1149,55.6677],[-76.548,56.3013],[-76.6023,57.2397],[-77.1881,58.0208],[-78.4231,58.5406],[-78.5796,58.9149],[-77.8297,59.2801],[-77.5698,60.0388],[-78.1378,62.315],[-77.5084,62.5824],[-75.5719,62.262],[-74.4223,62.2425],[-73.6711,62.4801],[-72.5956,61.9472],[-71.5218,61.5803],[-71.5516,61.1573],[-70.08,60.8596],[-69.4947,61.0646],[-69.8039,60.5249],[-69.5469,60.1983],[-69.6769,59.5153],[-69.1699,58.927],[-68.5242,58.8931],[-67.5911,58.2603],[-66.6725,58.5001],[-65.9422,58.9688],[-65.5592,59.7359],[-64.845,60.3751],[-64.5175,60.3044],[-64.0261,60.477],[-64.334,61.2816],[-64.0544,62.192],[-63.2478,62.9294],[-63.9623,64.2537],[-62.9223,64.7353],[-61.6854,65.5679],[-60.7789,66.5632],[-61.6905,67.2431],[-62.7848,67.4995],[-66.093,68.6415],[-66.1,69.2456],[-66.7892,70.1296],[-67.4973,70.4965],[-67.5,70.4982],[-68.0526,70.7571],[-70.5754,71.3445],[-71.1944,71.6606],[-73.143,71.9231],[-75.0261,72.6943],[-76.7075,73.6574],[-79.3351,73.8567],[-79.4522,74.5294],[-78.5595,74.912],[-78.697,75.3499],[-76.9489,76.6275],[-77.2705,77.347],[-75.2518,77.8077],[-73.8873,78.3837],[-73.5015,78.5553],[-73.449,79.1355],[-70.2717,79.6447],[-68.6469,80.2245],[-64.1856,81.2997],[-59.6263,82.2996],[-62.2532,82.9473],[-67.5,83.2147],[-77.4613,83.2767],[-82.5,82.9749],[-85.0005,82.7718],[-85.0004,80.2685],[-85.0006,79.5787],[-85.0001,66.2778],[-85.0033,66.0919],[-84.0602,65.4867],[-82.4552,65.4872],[-80.0208,63.9148],[-80.0317,62.9164],[-85.0001,60.2529],[-84.9999,55.2716]]]},"properties":{"tzid":"America/Iqaluit"}},
{"type":"Feature","geometry":{"type":"Polygon","coordinates":[[[-78.5782,18.2691],[-78.3985,16.7678],[-78.1164,16.6035],[-77.4562,16.849],[-75.953,17.1879],[-75.7696,17.4868],[-76.2698,18.3493],[-76.8084,18.5934],[-77.7944,18.7234],[-78.2554,18.6522],[-78.5782,18.2691]]]},"properties":{"tzid":"America/Jamaica"}},
{"type":"Feature","geometry":{"type":"Polygon","coordinates":[[[-136.8096,57.7508],[-135.902,58.0013],[-134.8362,57.7877],[-134.5693,56.8631],[-134.0631,57.1563],[-132.6446,57.4263],[-132.3698,57.3497],[-133.3773,58.4305],[-134.9599,59.2809],[-135.4792,59.798],[-136.3464,59.6006],[-136.5844,59.1659],[-137.5261,58.9064],[-138.294,58.7137],[-136.9561,58.0654],[-136.8096,57.7508]]]},"properties":{"tzid":"America/Juneau"}},
{"type":"Feature","geometry":{"type":"Polygon","coordinates":[[[-85.4284,38.5868],[-86.255,38.4227],[-86.3311,38.181],[-86.179,38.0113],[-85.429,38.1182],[-85.4284,38.5868]]]},"properties":{"tzid":"America/Kentucky/Louisville"}},
{"type":"Feature","geometry":{"type":"Polygon","coordinates":[[[-84.7857,36.6034],[-84.8357,36.9976],[-85.0643,36.8588],[-84.7857,36.6034]]]},"properties":{"tzid":"America/Kentucky/Monticello"}},
{"type":"Feature","geometry":{"type":"MultiPolygon","coordinates":[[[[-68.4413,11.9331],[-68.0933,11.885],[-68.0163,12.315],[-68.4456,12.504],[-68.6211,12.217],[-68.4413,11.9331]]],[[[-62.8472,17.674],[-62.9893,17.7268],[-63.0495,17.7645],[-63.0655,17.7828],[-63.0992,17.8113],[-63.1954,17.846],[-63.4458,17.529],[-63.0491,17.2767],[-62.7847,17.6171],[-62.8472,17.674]]]]},"properties":{"tzid":"America/Kralendijk"}},
{"type":"Feature","geometry":{"type":"Polygon","coordinates":[[[-69.4685,-17.4984],[-69.0566,-18.0612],[-68.8897,-19.0434],[-68.4048,-19.4162],[-68.6805,-19.7488],[-68.7387,-20.4568],[-68.179,-21.3024],[-67.9392,-22.1078],[-67.8817,-22.834],[-67.1805,-22.8141],[-66.7393,-22.2385],[-66.2877,-22.0847],[-66.2413,-21.7894],[-65.7483,-22.1091],[-65.1866,-22.0853],[-64.6252,-22.2028],[-64.2674,-22.7578],[-63.9315,-21.9994],[-62.8112,-21.9988],[-62.6407,-22.2362],[-62.2609,-21.0586],[-62.2663,-20.563],[-61.7352,-19.6344],[-59.9778,-19.2947],[-59.0689,-19.2876],[-58.236,-19.775],[-58.1697,-20.1671],[-57.858,-19.9703],[-58.131,-19.758],[-57.784,-19.033],[-57.557,-18.24],[-57.7518,-17.5662],[-58.246,-17.354],[-58.474,-16.935],[-58.4308,-16.3224],[-60.1738,-16.2667],[-60.2392,-15.4749],[-60.5752,-15.0977],[-60.245,-15.0974],[-60.4543,-14.3134],[-60.4642,-13.7996],[-60.7104,-13.6912],[-60.9268,-13.5395],[-61.8516,-13.5392],[-62.1213,-13.151],[-62.7964,-12.9932],[-63.1147,-12.6247],[-63.7834,-12.4282],[-64.4278,-12.4318],[-65.253,-11.7182],[-65.3411,-10.8094],[-65.3495,-10.7794],[-65.3931,-9.6868],[-66.6269,-9.898],[-67.7074,-10.7098],[-68.0019,-10.6484],[-68.2361,-10.9605],[-69.5718,-10.9455],[-68.652,-12.498],[-69.0672,-13.6868],[-68.828,-14.2201],[-69.3606,-14.9611],[-69.1327,-15.2225],[-69.4018,-15.606],[-69.1964,-16.1681],[-68.7955,-16.3314],[-69.6417,-17.2873],[-69.4685,-17.4984]]]},"properties":{"tzid":"America/La_Paz"}},
{"type":"Feature","geometry":{"type":"Polygon","coordinates":[[[-73.7984,-7.1131],[-73.6383,-6.7545],[-73.2067,-6.5771],[-73.248,-6.1089],[-72.8697,-5.1782],[-71.9193,-4.5297],[-70.9334,-4.3794],[-70.7477,-4.1612],[-69.9467,-4.2281],[-70.2841,-3.824],[-70.7132,-3.7955],[-70.0608,-2.7595],[-70.8778,-2.2227],[-71.396,-2.4113],[-71.7196,-2.1598],[-72.3758,-2.4907],[-72.9387,-2.4507],[-73.1766,-2.1972],[-73.2121,-1.7541],[-73.6728,-1.2432],[-74.276,-0.9772],[-74.4224,-0.4993],[-75.0775,-0.0818],[-75.2582,-0.116],[-75.5308,-0.1809],[-75.2279,-0.5508],[-75.5554,-1.5469],[-76.0444,-2.1249],[-76.6327,-2.5911],[-77.8439,-3.0004],[-78.3238,-3.391],[-78.706,-4.6239],[-79.0125,-5.0121],[-79.2657,-4.9668],[-79.4878,-4.5303],[-80.1064,-4.2913],[-80.3866,-4.4875],[-80.4465,-3.9984],[-80.1264,-3.8953],[-80.3066,-3.3923],[-81.3443,-3.3921],[-82.5,-3.3921],[-84.1198,-3.3921],[-84.4394,-3.3921],[-84.6318,-4.5254],[-84.4427,-6.386],[-84.2938,-7.0482],[-83.7006,-8.4532],[-83.1183,-9.271],[-82.5287,-9.7549],[-82.5,-9.7732],[-82.0047,-10.0315],[-81.4662,-10.944],[-81.2291,-11.5566],[-80.9313,-13.0912],[-80.6335,-13.7074],[-79.8051,-14.6136],[-79.5449,-15.3356],[-78.6413,-16.7278],[-77.4242,-17.9334],[-77.0563,-18.2022],[-75.1648,-19.2853],[-73.7533,-19.9734],[-72.9275,-19.4023],[-71.7823,-18.3501],[-70.5908,-18.3501],[-69.9659,-18.2622],[-69.8261,-17.706],[-69.4685,-17.4984],[-69.6417,-17.2873],[-68.7955,-16.3314],[-69.1964,-16.1681],[-69.4018,-15.606],[-69.1327,-15.2225],[-69.3606,-14.9611],[-68.828,-14.2201],[-69.0672,-13.6868],[-68.652,-12.498],[-69.5718,-10.9455],[-70.6141,-10.9966],[-70.5619,-9.4287],[-71.2227,-9.9702],[-72.181,-10.0004],[-72.2814,-9.5471],[-73.2004,-9.4114],[-72.94,-9.0932],[-73.5419,-8.3444],[-73.714,-7.743],[-73.9791,-7.5608],[-73.7984,-7.1131]]]},"properties":{"tzid":"America/Lima"}},
{"type":"Feature","geometry":{"type":"Polygon","coordinates":[[[-114.7199,32.7187],[-114.5268,32.7572],[-114.724,33.4001],[-114.5347,33.9252],[-114.1376,34.303],[-114.6366,34.8886],[-114.7389,36.1035],[-114.0466,36.1953],[-114.0501,36.9998],[-114.0484,40.1186],[-114.0414,41.9937],[-117.0262,42.0003],[-117.0266,42.4514],[-118.215,42.4485],[-118.2321,44.2561],[-117.9716,44.4433],[-117.2201,44.3014],[-116.2959,45.8583],[-116.3155,45.4128],[-115.5075,45.3766],[-114.5649,45.5577],[-114.3207,46.6469],[-114.6131,46.6385],[-116.0491,47.9773],[-116.0492,49.0008],[-116.9215,48.9995],[-119.2657,49.0001],[-123.3222,49.0021],[-123.1151,48.4228],[-123.5412,48.2246],[-124.7272,48.4934],[-125.0036,48.4952],[-125.0133,47.9287],[-124.4935,47.156],[-124.2346,45.6516],[-124.4617,43.7642],[-124.9075,42.7717],[-124.4015,41.5926],[-124.399,40.9642],[-124.7236,40.4],[-124.0516,39.6137],[-123.9928,38.9037],[-123.2193,38.1359],[-123.3601,37.7753],[-122.7767,37.603],[-122.6136,37.0779],[-122.2327,36.7818],[-122.1328,36.2303],[-120.8995,34.9892],[-120.8714,34.4914],[-120.5469,33.8434],[-120.1117,33.6935],[-119.1619,33.8973],[-118.6419,33.6775],[-119.145,33.667],[-119.3387,33.4293],[-119.9347,33.3585],[-119.4368,33.016],[-119.203,33.3094],[-118.6771,33.2276],[-118.8477,32.9958],[-118.3987,32.5994],[-118.1535,32.7051],[-118.3388,33.0965],[-118.1537,33.4976],[-117.544,33.0323],[-117.4649,32.5904],[-117.2391,32.5275],[-114.7199,32.7187]]]},"properties":{"tzid":"America/Los_Angeles"}},
{"type":"Feature","geometry":{"type":"Polygon","coordinates":[[[-63.2678,17.8964],[-63.1954,17.846],[-63.0992,17.8113],[-63.0544,17.8062],[-62.9494,18.0172],[-63.0133,18.0539],[-63.0191,18.0559],[-63.2678,17.8964]]]},"properties":{"tzid":"America/Lower_Princes"}},
{"type":"Feature","geometry":{"type":"Polygon","coordinates":[[[-37.1772,-11.576],[-36.6517,-10.8411],[-36.28,-10.6975],[-34.9545,-8.9929],[-35.5667,-8.8346],[-36.1282,-8.9577],[-36.5666,-9.3314],[-36.9555,-9.3813],[-37.7554,-8.8464],[-38.2378,-9.3295],[-37.9996,-9.5018],[-37.997,-9.916],[-37.7434,-10.3384],[-37.8099,-10.6888],[-38.2091,-10.7119],[-37.9669,-11.4008],[-37.1772,-11.576]]]},"properties":{"tzid":"America/Maceio"}},
{"type":"Feature","geometry":{"type":"Polygon","coordinates":[[[-82.4882,14.8872],[-82.8817,15.0903],[-83.5013,15.0108],[-84.4689,14.6162],[-84.8164,14.8291],[-85.4036,14.1238],[-85.7663,13.849],[-86.0761,14.0697],[-86.3323,13.7691],[-86.7655,13.7667],[-86.7041,13.3139],[-87.0246,12.9901],[-87.5971,13.1707],[-87.8916,12.9522],[-87.8651,12.8054],[-86.9522,12.0835],[-86.652,11.6248],[-86.0223,11.0971],[-85.6099,11.2196],[-84.9107,10.944],[-84.6805,11.0844],[-84.2008,10.7817],[-83.6711,10.7969],[-83.6082,11.1249],[-83.2752,11.2506],[-82.7614,12.2645],[-83.1186,13.0489],[-82.6224,14.0577],[-82.5,14.6106],[-82.4999,14.6112],[-82.4882,14.8872]]]},"properties":{"tzid":"America/Managua"}},
{"type":"Feature","geometry":{"type":"Polygon","coordinates":[[[-58.1379,-7.349],[-58.4388,-6.8989],[-57.476,-4.77],[-56.402,-2.456],[-56.3963,-2.1805],[-57.0824,-1.7825],[-57.705,-1.5706],[-58.4289,-1.0287],[-58.8695,-0.3475],[-58.8954,0.2635],[-60.037,0.264],[-60.5357,-0.8692],[-61.096,-0.499],[-61.4573,-0.654],[-61.604,-1.448],[-62.4981,-0.7794],[-62.188,-0.33],[-62.518,0.444],[-62.471,1.087],[-62.8053,1.5913],[-62.7033,1.9338],[-63.372,2.2118],[-64.0613,1.9242],[-64.1315,1.5761],[-64.8004,1.3154],[-65.4417,0.6932],[-65.5578,0.9913],[-66.3104,0.7449],[-66.8559,1.2269],[-67.0892,1.1657],[-67.1538,1.8315],[-67.3908,2.2278],[-68.1636,1.7278],[-69.8429,1.715],[-69.8427,1.0727],[-69.321,1.0886],[-69.1182,0.6555],[-70.0471,0.5631],[-70.0432,-0.19],[-69.6069,-0.509],[-69.4225,-1.014],[-69.4506,-1.5299],[-69.9452,-4.2268],[-67.5586,-9.5414],[-66.8103,-9.818],[-66.4089,-9.4069],[-65.73,-9.5631],[-64.8078,-8.9856],[-64.1418,-8.9451],[-63.6212,-7.9765],[-62.8674,-7.9764],[-62.359,-8.407],[-62.125,-8.8017],[-61.5831,-8.7987],[-58.4429,-8.7994],[-58.2862,-8.068],[-58.3858,-7.8381],[-58.1379,-7.349]]]},"properties":{"tzid":"America/Manaus"}},
{"type":"Feature","geometry":{"type":"Polygon","coordinates":[[[-63.2678,17.8964],[-63.0191,18.0559],[-63.0133,18.0539],[-62.9494,18.0172],[-62.7644,18.1376],[-62.7674,18.1629],[-63.3606,18.0615],[-63.2678,17.8964]]]},"properties":{"tzid":"America/Marigot"}},
{"type":"Feature","geometry":{"type":"Polygon","coordinates":[[[-60.7532,14.2217],[-60.6056,14.4246],[-60.7477,14.9617],[-61.1589,15.0792],[-61.349,15.0075],[-61.4237,14.7409],[-61.0969,14.2487],[-60.7532,14.2217]]]},"properties":{"tzid":"America/Martinique"}},
{"type":"Feature","geometry":{"type":"Polygon","coordinates":[[[-103.6375,28.5545],[-103.4136,28.4481],[-103.634,27.8646],[-103.4361,27.8385],[-103.5307,27.1826],[-102.7997,26.8731],[-102.6402,27.16],[-101.8957,27.3056],[-102.3003,27.8871],[-102.638,28.697],[-102.4047,29.0641],[-101.9972,28.984],[-101.717,28.5091],[-101.0347,28.2441],[-100.9502,27.9266],[-100.2988,27.7439],[-100.4177,27.3936],[-99.9687,26.8464],[-99.5809,26.8293],[-99.4309,26.3513],[-98.5851,26.0179],[-98.5818,25.4894],[-97.9793,25.4441],[-97.3053,24.9794],[-96.924,25.9757],[-97.3738,25.8398],[-99.0836,26.3974],[-99.4452,27.0202],[-99.4787,27.4794],[-100.294,28.2846],[-100.795,29.2437],[-101.4533,29.7862],[-102.691,29.7222],[-102.8682,29.2229],[-103.3076,29.0035],[-103.6375,28.5545]]]},"properties":{"tzid":"America/Matamoros"}},
{"type":"Feature","geometry":{"type":"MultiPolygon","coordinates":[[[[-114.4734,18.382],[-114.6591,18.5836],[-114.9808,18.3158],[-114.7989,18.1442],[-114.4734,18.382]]],[[[-110.6891,18.7736],[-111.0317,19.0796],[-111.2789,18.8298],[-110.9017,18.5142],[-110.6891,18.7736]]],[[[-111.044,19.3035],[-110.8657,19.0971],[-110.6812,19.493],[-111.044,19.3035]]],[[[-106.925,21.7433],[-106.3802,21.119],[-106.022,21.4013],[-106.7311,21.9729],[-106.925,21.7433]]],[[[-109.4901,26.3631],[-109.6139,25.5747],[-108.6019,25.1045],[-108.1306,24.486],[-107.269,23.8942],[-105.9926,22.5268],[-105.8693,22.0902],[-106.0883,21.997],[-105.4598,21.3879],[-105.5178,21.1016],[-104.9688,20.909],[-104.3504,20.8116],[-104.2205,21.1733],[-103.7209,21.4254],[-103.9275,21.7743],[-104.3712,21.976],[-104.3488,22.4097],[-104.5074,22.346],[-105.0138,22.9777],[-105.6453,23.1437],[-106.0745,24.2694],[-106.5171,24.287],[-107.1299,25.0531],[-106.9944,25.6617],[-107.4161,26.1412],[-107.8561,26.2261],[-108.1943,27.0321],[-108.5026,26.9874],[-108.6788,26.587],[-109.1254,26.297],[-109.4901,26.3631]]],[[[-115.9177,24.8214],[-115.599,24.8054],[-115.7259,25.1531],[-115.9177,24.8214]]],[[[-112.5,27.8666],[-112.5428,28.0461],[-114.2047,28],[-114.3893,28.1188],[-114.9497,28.037],[-115.451,27.9154],[-114.7146,27.2926],[-114.5858,27.0272],[-113.4206,26.5558],[-112.5,25.9671],[-112.3245,25.4643],[-112.5,24.9003],[-112.5006,24.7022],[-112.5,24.7012],[-111.7846,24.1134],[-111.5636,24.1516],[-110.4978,23.4265],[-110.2441,22.8343],[-109.823,22.6851],[-109.2286,23.1861],[-109.2827,23.6605],[-109.5891,23.9825],[-109.7955,24.5425],[-110.3411,24.7964],[-110.6047,25.7693],[-111.1589,26.2977],[-111.1866,26.6508],[-111.8148,27.2457],[-111.8073,27.645],[-112.1091,27.557],[-112.4986,27.8656],[-112.5,27.8666]]]]},"properties":{"tzid":"America/Mazatlan"}},
{"type":"Feature","geometry":{"type":"Polygon","coordinates":[[[-55.9066,46.6544],[-56.4005,47.3416],[-56.6862,46.7717],[-55.9066,46.6544]]]},"properties":{"tzid":"America/Miquelon"}},
{"type":"Feature","geometry":{"type":"Polygon","coordinates":[[[-90.4185,46.5661],[-90.1199,46.3369],[-88.0952,45.9161],[-87.8881,45.3547],[-87.4425,45.0764],[-87.1011,45.4442],[-87.3676,45.9852],[-88.1165,46.4199],[-89.7406,46.5056],[-89.8637,46.7654],[-90.4185,46.5661]]]},"properties":{"tzid":"America/Menominee"}},
{"type":"Feature","geometry":{"type":"MultiPolygon","coordinates":[[[[-89.4402,22.3789],[-89.8823,22.7615],[-89.9514,22.3695],[-89.4402,22.3789]]],[[[-91.1686,22.1304],[-91.3868,22.3341],[-91.4454,21.9278],[-91.1686,22.1304]]],[[[-92.0012,20.9197],[-92.2913,21.1804],[-92.5173,21.0286],[-92.1986,20.6998],[-92.0012,20.9197]]],[[[-92.1863,20.2122],[-91.7616,20.1411],[-92.0031,20.4188],[-92.1863,20.2122]]],[[[-92.5111,18.852],[-92.1224,18.1017],[-91.6389,17.8735],[-91.5345,18.1461],[-90.9877,17.8153],[-89.1519,17.8156],[-89.152,17.9396],[-89.1467,19.4239],[-88.7835,20.0082],[-88.1365,20.2814],[-87.5331,20.9996],[-87.511,21.6904],[-88.1089,21.8287],[-89.7148,21.4895],[-90.5539,21.0632],[-90.7322,19.9678],[-91.0252,19.3516],[-91.8383,18.8739],[-92.5111,18.852]]]]},"properties":{"tzid":"America/Merida"}},
{"type":"Feature","geometry":{"type":"Polygon","coordinates":[[[-131.7133,55.099],[-131.337,54.9955],[-131.5692,55.2947],[-131.7133,55.099]]]},"properties":{"tzid":"America/Metlakatla"}},
{"type":"Feature","geometry":{"type":"Polygon","coordinates":[[[-97.5745,22.3136],[-97.895,22.2224],[-98.195,22.4696],[-98.89,22.3551],[-99.3296,22.6349],[-100.1019,22.7628],[-100.1038,23.2315],[-100.4799,23.1943],[-100.6035,24.4013],[-101.4616,24.7368],[-101.8488,25.0176],[-102.6697,25.0666],[-102.4797,24.4286],[-103.4196,24.4303],[-103.8724,24.007],[-103.8113,23.6136],[-104.0651,23.4635],[-104.3488,22.4097],[-104.3712,21.976],[-103.9275,21.7743],[-103.7209,21.4254],[-104.2205,21.1733],[-104.3504,20.8116],[-104.9688,20.909],[-105.3009,20.6475],[-105.8833,20.6855],[-105.8973,20.3334],[-105.1261,19.1781],[-103.9326,18.584],[-103.4506,18.0699],[-102.3264,17.7538],[-101.9987,17.7536],[-101.15,17.0803],[-100.1075,16.7339],[-99.7337,16.5063],[-98.8736,16.3352],[-97.9067,15.787],[-97.5,15.7285],[-96.6099,15.4493],[-96.1675,15.4731],[-95.1254,15.9647],[-94.5731,15.9943],[-93.9512,15.7765],[-93.2559,15.246],[-92.3649,14.3812],[-92.0612,15.073],[-92.2105,15.2606],[-91.7316,16.0739],[-90.4422,16.0738],[-90.373,16.3738],[-91.44,17.2509],[-90.9873,17.2513],[-90.9877,17.8153],[-91.5345,18.1461],[-91.6389,17.8735],[-92.1224,18.1017],[-92.5111,18.852],[-92.9916,18.6371],[-93.5224,18.6353],[-94.4246,18.3594],[-95.0874,18.8967],[-95.581,18.9275],[-96.1031,19.4362],[-96.26,19.9538],[-96.961,20.7331],[-97.2057,21.2411],[-96.9947,21.5195],[-97.3963,21.9046],[-97.5327,22.0957],[-97.5745,22.3136]]]},"properties":{"tzid":"America/Mexico_City"}},
{"type":"Feature","geometry":{"type":"Polygon","coordinates":[[[-69.051,47.3001],[-68.2237,47.3447],[-67.7902,47.0672],[-67.8036,45.6777],[-67.4207,45.5497],[-66.9221,44.7587],[-67.3012,44.3597],[-67.0917,44.2998],[-66.6807,44.3074],[-65.938,44.9567],[-65.0316,45.2282],[-64.2584,45.8724],[-64.2576,45.8737],[-63.5748,46.1008],[-64.5327,46.5583],[-64.4558,47.0565],[-63.3289,47.6025],[-63.6251,48.0001],[-64.2738,48.2207],[-65.5361,47.8286],[-66.5024,48.077],[-67.2116,47.8755],[-68.3823,47.9161],[-68.3835,47.5532],[-69.051,47.3001]]]},"properties":{"tzid":"America/Moncton"}},
{"type":"Feature","geometry":{"type":"Polygon","coordinates":[[[-104.3488,22.4097],[-104.0651,23.4635],[-103.8113,23.6136],[-103.8724,24.007],[-103.4196,24.4303],[-102.4797,24.4286],[-102.6697,25.0666],[-101.8488,25.0176],[-101.4616,24.7368],[-100.6035,24.4013],[-100.4799,23.1943],[-100.1038,23.2315],[-100.1019,22.7628],[-99.3296,22.6349],[-98.89,22.3551],[-98.195,22.4696],[-97.895,22.2224],[-97.5745,22.3136],[-97.5104,24.0666],[-97.487,24.3145],[-97.3053,24.9794],[-97.9793,25.4441],[-98.5818,25.4894],[-98.5851,26.0179],[-99.4309,26.3513],[-99.5809,26.8293],[-99.9687,26.8464],[-100.4177,27.3936],[-100.2988,27.7439],[-100.9502,27.9266],[-101.0347,28.2441],[-101.717,28.5091],[-101.9972,28.984],[-102.4047,29.0641],[-102.638,28.697],[-102.3003,27.8871],[-101.8957,27.3056],[-102.6402,27.16],[-102.7997,26.8731],[-103.5307,27.1826],[-103.4361,27.8385],[-103.634,27.8646],[-103.4136,28.4481],[-103.6375,28.5545],[-103.6422,28.5449],[-103.96,27.8353],[-103.6991,26.7253],[-104.2279,26.7771],[-104.5745,26.3405],[-105.489,26.5184],[-106.0474,26.8448],[-106.547,25.9521],[-106.6305,25.5858],[-106.9944,25.6617],[-107.1299,25.0531],[-106.5171,24.287],[-106.0745,24.2694],[-105.6453,23.1437],[-105.0138,22.9777],[-104.5074,22.346],[-104.3488,22.4097]]]},"properties":{"tzid":"America/Monterrey"}},
{"type":"Feature","geometry":{"type":"Polygon","coordinates":[[[-55.705,-35.7825],[-54.6249,-35.0413],[-53.6187,-34.5749],[-53.1776,-33.8694],[-53.5323,-33.6888],[-53.5182,-33.1534],[-53.0756,-32.7409],[-53.6452,-32.3839],[-53.7256,-32.0958],[-54.5865,-31.4565],[-55.2465,-31.2523],[-55.5784,-30.8329],[-56.0073,-31.0762],[-56.0229,-30.7854],[-56.8505,-30.089],[-57.2036,-30.2854],[-57.6489,-30.1939],[-57.981,-31.5905],[-58.2066,-31.8741],[-58.0843,-33.001],[-58.3603,-33.1202],[-58.3874,-33.9854],[-57.9517,-34.6667],[-56.7167,-35.1717],[-55.705,-35.7825]]]},"properties":{"tzid":"America/Montevideo"}},
{"type":"Feature","geometry":{"type":"Polygon","coordinates":[[[-61.9426,16.774],[-62.4475,16.7557],[-62.2554,16.4843],[-61.9426,16.774]]]},"properties":{"tzid":"America/Montserrat"}},
{"type":"Feature","geometry":{"type":"Polygon","coordinates":[[[-72.5499,21.9487],[-72.5267,22.4702],[-73.4414,23.2178],[-74.3854,24.344],[-75.4971,24.8056],[-75.9488,25.2765],[-76.7933,26.6917],[-77.4614,27.1404],[-78.5394,27.444],[-79.3291,26.9489],[-79.3161,26.0916],[-79.5241,25.7554],[-79.3632,25.0045],[-80.0036,24.248],[-80.4824,24.1559],[-80.6969,23.8718],[-80.4371,23.4907],[-79.5959,23.301],[-78.773,22.8683],[-78.2132,22.6426],[-77.2148,22.033],[-75.8345,21.5315],[-73.6294,20.706],[-73.159,20.7406],[-72.6773,21.5401],[-72.5499,21.9487]]]},"properties":{"tzid":"America/Nassau"}},
{"type":"Feature","geometry":{"type":"MultiPolygon","coordinates":[[[[-82.9248,24.8379],[-83.1248,24.5066],[-82.6728,24.4886],[-82.9248,24.8379]]],[[[-84.7857,36.6034],[-84.9037,36.1511],[-84.6806,35.9085],[-85.6052,34.9847],[-85.073,32.355],[-85.108,31.1881],[-84.8585,30.6959],[-85.1395,30.1714],[-85.0386,29.7812],[-85.3913,30.0274],[-85.2691,29.4667],[-84.9997,29.3904],[-84.055,29.8628],[-83.8282,29.7538],[-83.2991,29.0022],[-82.9899,28.8742],[-83.076,28.2388],[-82.9783,27.5163],[-82.5,26.7481],[-82.4996,26.7475],[-82.3528,26.3488],[-82.0453,26.2235],[-81.8471,25.6968],[-81.5635,25.6195],[-81.3353,25.0616],[-82.262,24.7638],[-82.305,24.3946],[-81.8894,24.2523],[-80.9987,24.4553],[-80.0331,25.1014],[-79.8108,26.8339],[-80.3799,28.2987],[-80.3705,28.6717],[-81.0322,29.831],[-81.1965,30.8044],[-80.8884,31.6219],[-80.5763,32],[-78.9741,33.0439],[-78.6649,33.5848],[-77.8815,33.6291],[-77.5726,34.1238],[-77.1125,34.4164],[-76.3413,34.4398],[-75.7956,34.951],[-75.3616,35.0685],[-75.2176,35.6277],[-75.7393,36.9234],[-74.846,38.2553],[-74.8198,38.7338],[-73.8529,39.6823],[-73.7109,40.3825],[-73.1689,40.4312],[-71.3288,41.038],[-69.733,41.1571],[-69.6654,41.8055],[-69.8684,42.1834],[-70.4758,42.3018],[-70.398,42.8301],[-70.0125,43.4112],[-68.3796,43.8812],[-67.9531,43.8124],[-67.9586,44.1299],[-67.5,44.2547],[-67.4957,44.2559],[-67.3012,44.3597],[-67.0917,44.2998],[-66.9221,44.7587],[-67.4207,45.5497],[-67.8036,45.6777],[-67.7902,47.0672],[-68.2237,47.3447],[-69.051,47.3001],[-69.2245,47.4598],[-69.9971,46.6955],[-70.3842,45.734],[-71.501,45.0134],[-74.9726,44.9835],[-76.4389,44.0941],[-76.7967,43.6311],[-78.6904,43.6311],[-79.2007,43.4505],[-78.9354,42.8283],[-80.0799,42.3936],[-81.2457,42.2076],[-82.3975,41.6766],[-83.1126,41.9594],[-83.4159,41.7338],[-84.806,41.6961],[-84.8194,39.3052],[-85.1359,38.9294],[-84.7852,38.88],[-85.2015,38.691],[-85.4284,38.5868],[-85.429,38.1182],[-86.179,38.0113],[-86.3311,38.181],[-86.4629,38.1194],[-86.4907,38.0457],[-86.0476,37.4499],[-85.1765,37.312],[-84.8357,36.9976],[-84.7857,36.6034]]]]},"properties":{"tzid":"America/New_York"}},
{"type":"Feature","geometry":{"type":"MultiPolygon","coordinates":[[[[-172.2627,63.3971],[-171.3666,63.1102],[-170.9634,63.2166],[-169.5485,62.742],[-168.3843,63.0122],[-168.4741,63.4722],[-170.3186,63.8985],[-171.0276,63.7897],[-172.0668,63.9214],[-172.2627,63.3971]]],[[[-168.4732,65.0881],[-167.8613,64.778],[-167.634,65.0747],[-168.4732,65.0881]]],[[[-169.9315,56.4152],[-169.5132,56.3354],[-169.1401,56.6833],[-169.8348,56.8117],[-169.9315,56.4152]]],[[[-170.7675,57.0931],[-170.2827,56.8529],[-169.6599,57.0508],[-170.165,57.4475],[-170.7675,57.0931]]],[[[-172.5002,60.6031],[-172.7719,60.8402],[-173.5208,60.6627],[-173.1784,60.1435],[-172.5049,60.0413],[-172.4995,60.0435],[-171.8589,60.2278],[-172.4956,60.6005],[-172.5002,60.6031]]],[[[-169.497,52.6188],[-169.1684,52.5688],[-166.5396,53.2864],[-165.7028,53.8436],[-164.8289,53.8872],[-164.0091,54.4244],[-163.2546,54.4624],[-162.788,54.0996],[-162,54.42],[-162,56.065],[-163.4658,55.3021],[-164.6589,55.098],[-165.2947,54.5782],[-166.4242,54.2109],[-167.1935,54.1303],[-167.538,53.6527],[-167.7333,54.026],[-168.3269,54.0589],[-168.21,53.7545],[-169.3487,53.0829],[-169.497,52.6188]]],[[[-162,63.7744],[-162.6285,63.8337],[-163.2385,63.287],[-163.8788,63.4512],[-165.4201,63.1563],[-165.33,62.8294],[-166.3396,62.173],[-166.5945,61.6395],[-166.3728,61.2711],[-165.5457,60.8572],[-167.8227,60.2733],[-167.6621,59.9492],[-166.318,59.557],[-164.8212,59.9983],[-164.1044,59.4834],[-162.7156,59.6425],[-162.1693,58.8685],[-162.5346,58.5792],[-162,58.3918],[-162,63.7744]]],[[[-169.0486,65.469],[-167.4191,65.2022],[-166.5684,64.3488],[-165.1102,64.2408],[-164.2152,64.3651],[-162.6696,64.1321],[-162,64.28],[-162,70.5261],[-163.4673,69.9385],[-163.7207,69.4299],[-164.4388,69.1199],[-166.3199,69.0775],[-167.3536,68.2723],[-164.5277,67.4791],[-164.37,67.0586],[-163.0792,66.6342],[-164.571,66.7721],[-166.1147,66.4964],[-168.4393,65.829],[-168.9769,65.9672],[-169.0486,65.469]]]]},"properties":{"tzid":"America/Nome"}},
{"type":"Feature","geometry":{"type":"MultiPolygon","coordinates":[[[[-29.3174,1.1174],[-29.5453,0.8963],[-29.175,0.8104],[-29.3174,1.1174]]],[[[-32.2647,-3.6391],[-32.6162,-3.7313],[-32.3525,-4.0674],[-32.2647,-3.6391]]]]},"properties":{"tzid":"America/Noronha"}},
{"type":"Feature","geometry":{"type":"Polygon","coordinates":[[[-101.2568,47.2682],[-101.4299,47.5619],[-102.2034,47.5734],[-102.097,46.9809],[-101.7633,46.9821],[-101.2568,47.2682]]]},"properties":{"tzid":"America/North_Dakota/Beulah"}},
{"type":"Feature","geometry":{"type":"Polygon","coordinates":[[[-101.2568,47.2682],[-101.7633,46.9821],[-100.9351,46.9826],[-101.2568,47.2682]]]},"properties":{"tzid":"America/North_Dakota/Center"}},
{"type":"Feature","geometry":{"type":"Polygon","coordinates":[[[-101.0502,46.2806],[-100.5902,46.4279],[-100.9351,46.9826],[-101.7633,46.9821],[-102.097,46.9809],[-102.0939,46.7171],[-101.2997,46.63],[-101.0502,46.2806]]]},"properties":{"tzid":"America/North_Dakota/New_Salem"}},
{"type":"Feature","geometry":{"type":"Polygon","coordinates":[[[-51.7767,63.3057],[-49.7143,61.4054],[-48.837,60.6455],[-45.0903,59.6507],[-44.1233,59.5223],[-42.8937,59.7805],[-42.6529,59.9782],[-41.6546,61.7698],[-41.1484,62.7875],[-40.0713,63.6486],[-39.3391,64.8492],[-37.5,65.1926],[-35.7986,65.6076],[-33.4251,66.6184],[-32.1144,67.4587],[-30.2833,67.901],[-27.4295,68.313],[-25.3611,68.721],[-22.5,69.6435],[-21.8957,69.8579],[-21.2706,70.2224],[-23.2404,70.2785],[-24.5423,70.529],[-24.3971,72.3431],[-22.2334,71.9609],[-21.2244,71.9987],[-20.5718,73.0376],[-18.7124,74.1745],[-16.733,74.8986],[-16.5391,75.1771],[-17.4898,75.8154],[-19.4744,75.742],[-22.9119,75.954],[-22.6703,79.6515],[-19.4463,79.4978],[-16.7723,79.5337],[-14.7765,80.2774],[-12.5263,80.5416],[-10.0827,81.4271],[-11.6653,81.7986],[-16.7904,82.284],[-20.4647,83.0091],[-23.1416,83.3633],[-30.1162,83.866],[-37.4456,83.794],[-37.5004,83.7922],[-51.7814,82.9119],[-55.9524,82.5156],[-59.6263,82.2996],[-64.1856,81.2997],[-68.6469,80.2245],[-69.1076,79.3191],[-66.4392,79.2257],[-63.7281,76.1565],[-64.385,75.679],[-60.7341,75.3276],[-58.6989,74.5951],[-58.5377,73.9735],[-56.1141,71.4086],[-55.5428,69.6718],[-54.763,69.2821],[-54.3048,68.2804],[-54.6387,67.0071],[-54.4127,66.3999],[-52.5,63.8368],[-51.7767,63.3057]]]},"properties":{"tzid":"America/Nuuk"}},
{"type":"Feature","geometry":{"type":"Polygon","coordinates":[[[-103.3076,29.0035],[-104.5089,29.6331],[-104.8685,30.4726],[-105.5697,30.3449],[-105.8382,29.6466],[-105.4428,29.5026],[-105.1324,29.0494],[-104.2931,28.5835],[-103.6422,28.5449],[-103.6375,28.5545],[-103.3076,29.0035]]]},"properties":{"tzid":"America/Ojinaga"}},
{"type":"Feature","geometry":{"type":"Polygon","coordinates":[[[-82.4299,9.722],[-82.8569,9.6198],[-82.9344,9.0839],[-82.7119,8.9223],[-83.0428,8.3154],[-82.9817,7.8539],[-82.5,7.4228],[-81.7993,7.0042],[-80.6002,7.0038],[-78.0364,7.0509],[-77.698,7.6927],[-77.5482,7.5222],[-77.1796,7.9172],[-77.4477,8.4722],[-77.2999,8.8879],[-78.0789,9.5138],[-78.6553,9.7925],[-79.6904,9.8362],[-81.3412,9.3324],[-82.4299,9.722]]]},"properties":{"tzid":"America/Panama"}},
{"type":"Feature","geometry":{"type":"Polygon","coordinates":[[[-53.8641,5.9839],[-54.6793,6.178],[-55.7796,6.166],[-56.0584,6.033],[-57.024,6.2065],[-57.3194,5.0367],[-57.9207,4.834],[-58.0407,3.9921],[-57.6276,3.4652],[-57.3062,3.3897],[-57.2229,2.8972],[-56.6846,2.0261],[-56.469,1.9492],[-55.9039,1.888],[-56.1389,2.2657],[-55.9346,2.5334],[-54.8731,2.435],[-54.6012,2.3376],[-54.1856,2.8385],[-54.0029,3.6448],[-54.3581,4.0515],[-54.4776,4.9055],[-54.0078,5.5511],[-53.8641,5.9839]]]},"properties":{"tzid":"America/Paramaribo"}},
{"type":"Feature","geometry":{"type":"MultiPolygon","coordinates":[[[[-110.0007,35.8535],[-110.4028,36.0431],[-110.3131,36.4306],[-111.0007,36.2814],[-111.0007,35.549],[-110.2507,35.5186],[-110.0007,35.8535]]],[[[-109.05,31.3324],[-109.0468,33.3653],[-109.0459,34.905],[-109.5265,34.9045],[-109.5066,35.1535],[-111.243,35.1565],[-111.32,35.757],[-111.6932,35.7451],[-111.8904,36.3705],[-111.4059,37.0017],[-114.0501,36.9998],[-114.0466,36.1953],[-114.7389,36.1035],[-114.6366,34.8886],[-114.1376,34.303],[-114.5347,33.9252],[-114.724,33.4001],[-114.5268,32.7572],[-114.7199,32.7187],[-114.8136,32.494],[-113.1553,31.9825],[-111.075,31.3324],[-109.05,31.3324]]]]},"properties":{"tzid":"America/Phoenix"}},
{"type":"Feature","geometry":{"type":"MultiPolygon","coordinates":[[[[-75.2288,18.3521],[-74.8481,18.2551],[-75.0546,18.6121],[-75.2288,18.3521]]],[[[-71.9005,17.8811],[-71.6952,18.3406],[-71.9043,18.457],[-71.6267,19.1867],[-71.757,19.727],[-72.0696,19.9463],[-72.8124,20.2912],[-73.6134,19.9159],[-73.6533,19.6187],[-72.9844,19.3627],[-73.0243,19.1235],[-73.4845,19.0304],[-73.4769,18.768],[-74.1589,18.8736],[-74.616,18.7015],[-74.6831,18.3615],[-73.9522,17.8333],[-73.3682,18.0163],[-72.3645,18.0302],[-71.9005,17.8811]]]]},"properties":{"tzid":"America/Port-au-Prince"}},
{"type":"Feature","geometry":{"type":"Polygon","coordinates":[[[-61.2074,9.8745],[-60.7952,10.0611],[-60.3052,11.2182],[-60.3315,11.4508],[-60.7446,11.5085],[-61.7306,10.9062],[-61.9219,10.4427],[-62.0286,10.1801],[-62.0831,10.0461],[-61.2074,9.8745]]]},"properties":{"tzid":"America/Port_of_Spain"}},
{"type":"Feature","geometry":{"type":"Polygon","coordinates":[[[-60.7104,-13.6912],[-60.3862,-13.4518],[-60.029,-12.6185],[-59.7737,-12.3427],[-60.0938,-11.5594],[-59.996,-11.1457],[-60.4596,-10.9889],[-61.55,-10.986],[-61.461,-10.42],[-61.628,-9.257],[-61.5831,-8.7987],[-62.125,-8.8017],[-62.359,-8.407],[-62.8674,-7.9764],[-63.6212,-7.9765],[-64.1418,-8.9451],[-64.8078,-8.9856],[-65.73,-9.5631],[-66.4089,-9.4069],[-66.8103,-9.818],[-66.6269,-9.898],[-65.3931,-9.6868],[-65.3495,-10.7794],[-65.3411,-10.8094],[-65.253,-11.7182],[-64.4278,-12.4318],[-63.7834,-12.4282],[-63.1147,-12.6247],[-62.7964,-12.9932],[-62.1213,-13.151],[-61.8516,-13.5392],[-60.9268,-13.5395],[-60.7104,-13.6912]]]},"properties":{"tzid":"America/Porto_Velho"}},
{"type":"Feature","geometry":{"type":"MultiPolygon","coordinates":[[[[-67.8153,18.3178],[-68.1536,18.2144],[-67.9445,17.8567],[-67.6373,18.051],[-67.8153,18.3178]]],[[[-67.5,18.178],[-67.2767,17.7468],[-66.5265,17.6804],[-65.2072,17.9381],[-65.0628,18.0852],[-65.2116,18.547],[-67.1152,18.7171],[-67.5,18.5912],[-67.5013,18.5911],[-67.5027,18.1782],[-67.5,18.178]]]]},"properties":{"tzid":"America/Puerto_Rico"}},
{"type":"Feature","geometry":{"type":"MultiPolygon","coordinates":[[[[-68.7149,-56.725],[-68.6612,-56.253],[-69.086,-56.569],[-68.7149,-56.725]]],[[[-66.0783,-55.1833],[-67.2729,-54.9051],[-68.6097,-54.9119],[-68.6068,-52.659],[-68.5148,-52.5213],[-68.4186,-52.3325],[-69.9955,-52.0007],[-71.9226,-51.9999],[-72.297,-51.6994],[-72.2862,-50.6599],[-73.0699,-50.7891],[-73.5218,-50.1537],[-73.4511,-49.7894],[-73.0975,-49.2839],[-73.1433,-49.2115],[-73.9674,-48.7166],[-74.9959,-48.5877],[-76.0314,-48.7841],[-75.8345,-50.6684],[-75.5872,-51.2016],[-75.6771,-51.6421],[-75.4318,-52.4125],[-73.7695,-54.16],[-73.4034,-54.7039],[-72.209,-54.9146],[-71.183,-55.3527],[-69.9117,-55.6397],[-69.4108,-55.9444],[-68.2195,-55.9275],[-67.5,-56.1459],[-67.3806,-56.1687],[-66.7554,-56.0815],[-66.0783,-55.1833]]],[[[-64,-64],[-57.3,-63.4],[-58.8,-62.25],[-59,-61.8],[-63,-62.7],[-64,-64]]]]},"properties":{"tzid":"America/Punta_Arenas"}},
{"type":"Feature","geometry":{"type":"Polygon","coordinates":[[[-84.9999,55.2716],[-85.0001,60.2529],[-85.0002,62.6958],[-87.3081,63.4951],[-86.4625,65.1174],[-86.3991,65.6604],[-85.0033,66.0919],[-85.0001,66.2778],[-85.0006,79.5787],[-86.3161,79.7497],[-86.4895,80.2978],[-85.0004,80.2685],[-85.0005,82.7718],[-87.9622,82.3562],[-91.2054,82.125],[-95.5204,81.4158],[-97.5,80.5431],[-102.001,80.123],[-102,77.6875],[-102,75.5503],[-102.0015,73.4297],[-97.0776,72.7053],[-92.1662,71.8781],[-89.6061,70.0179],[-89,69.2603],[-89,67],[-102,67],[-102.0006,64.2337],[-102.0037,62.5059],[-102.0076,59.9994],[-97.4529,59.9994],[-94.8262,59.9994],[-94.7792,59.017],[-94.2644,58.7894],[-93.2219,58.7662],[-92.4246,57.3279],[-92.6872,56.9859],[-91.1167,57.2534],[-88.9865,56.8492],[-87.9791,56.4731],[-87.6374,56.1123],[-85.8955,55.6558],[-84.9999,55.2716]],[[-96.2817,75.4055],[-94.9232,75.6566],[-93.395,75.2668],[-93.3997,74.6663],[-94.7411,74.6148],[-96.6722,74.9759],[-96.2817,75.4055]]]},"properties":{"tzid":"America/Rankin_Inlet"}},
{"type":"Feature","geometry":{"type":"Polygon","coordinates":[[[-38.2378,-9.3295],[-37.7554,-8.8464],[-36.9555,-9.3813],[-36.5666,-9.3314],[-36.1282,-8.9577],[-35.5667,-8.8346],[-34.9545,-8.9929],[-34.6251,-8.0307],[-34.5774,-7.5875],[-35.2486,-7.3747],[-35.905,-7.792],[-36.43,-7.8271],[-36.9602,-8.3005],[-37.3574,-7.975],[-36.9842,-7.4823],[-37.2342,-7.2739],[-38.077,-7.83],[-38.7054,-7.622],[-39.1061,-7.7601],[-39.741,-7.326],[-40.263,-7.301],[-40.7153,-7.488],[-40.5442,-7.9646],[-40.8374,-8.3811],[-41.3583,-8.7076],[-40.921,-8.835],[-40.6303,-9.4826],[-40.2681,-9.0737],[-39.4156,-8.5411],[-39.2325,-8.7073],[-38.3186,-8.9916],[-38.2378,-9.3295]]]},"properties":{"tzid":"America/Recife"}},
{"type":"Feature","geometry":{"type":"Polygon","coordinates":[[[-101.362,48.9995],[-101.5772,51.9686],[-101.7713,54.0644],[-102.2645,54.2592],[-102.5145,54.7591],[-101.9241,55.1115],[-102.004,55.8094],[-102.0075,58.1858],[-102.0076,59.9994],[-106.067,59.9986],[-110.0064,59.9996],[-110.006,57.9912],[-110.0058,54.6489],[-108.8018,54.4864],[-107.9698,54.5873],[-107.9529,54.151],[-106.7524,54.149],[-106.4467,53.5837],[-106.4403,52.9298],[-107.0207,52.9297],[-106.6355,51.1177],[-106.9855,50.8989],[-106.8299,50.3099],[-107.2423,50.3098],[-107.224,49.5236],[-107.8671,49.5238],[-107.8653,48.9998],[-104.0487,48.9999],[-101.362,48.9995]]]},"properties":{"tzid":"America/Regina"}},
{"type":"Feature","geometry":{"type":"Polygon","coordinates":[[[-96.2817,75.4055],[-96.6722,74.9759],[-94.7411,74.6148],[-93.3997,74.6663],[-93.395,75.2668],[-94.9232,75.6566],[-96.2817,75.4055]]]},"properties":{"tzid":"America/Resolute"}},
{"type":"Feature","geometry":{"type":"Polygon","coordinates":[[[-73.7984,-7.1131],[-73.9791,-7.5608],[-73.714,-7.743],[-73.5419,-8.3444],[-72.94,-9.0932],[-73.2004,-9.4114],[-72.2814,-9.5471],[-72.181,-10.0004],[-71.2227,-9.9702],[-70.5619,-9.4287],[-70.6141,-10.9966],[-69.5718,-10.9455],[-68.2361,-10.9605],[-68.0019,-10.6484],[-67.7074,-10.7098],[-66.6269,-9.898],[-66.8103,-9.818],[-67.5586,-9.5414],[-68.6472,-9.0494],[-70.055,-7.8451],[-72.5847,-7.552],[-73.7984,-7.1131]]]},"properties":{"tzid":"America/Rio_Branco"}},
{"type":"Feature","geometry":{"type":"Polygon","coordinates":[[[-52.6195,-9.6807],[-52.1925,-9.6366],[-52.0016,-9.2809],[-52.298,-8.6227],[-52.5499,-8.5405],[-52.7973,-7.8636],[-52.4362,-7.0149],[-52.0195,-6.8816],[-52.5969,-6.0341],[-52.9225,-5.0099],[-52.7549,-4.7507],[-52.5777,-3.7869],[-52.1655,-3.2198],[-51.8477,-3.614],[-51.6103,-3.1517],[-52.0299,-2.7208],[-52.2524,-1.6921],[-51.8465,-1.5162],[-51.7784,-1.1404],[-52.4201,-1.0527],[-52.5352,-0.5741],[-52.9327,-0.1423],[-53.1753,0.3817],[-53.1057,0.6795],[-53.5334,1.3224],[-54.0887,1.492],[-54.3777,1.7637],[-54.7448,1.7758],[-54.8731,2.435],[-55.9346,2.5334],[-56.1389,2.2657],[-55.9039,1.888],[-56.469,1.9492],[-57.1116,2.0295],[-57.5376,1.7005],[-58.3224,1.597],[-58.4962,1.268],[-58.8953,1.2272],[-58.8954,0.2635],[-58.8695,-0.3475],[-58.4289,-1.0287],[-57.705,-1.5706],[-57.0824,-1.7825],[-56.3963,-2.1805],[-56.402,-2.456],[-57.476,-4.77],[-58.4388,-6.8989],[-58.1379,-7.349],[-57.6411,-8.2087],[-57.5932,-8.7175],[-56.671,-9.367],[-54.613,-9.535],[-52.6195,-9.6807]]]},"properties":{"tzid":"America/Santarem"}},
{"type":"Feature","geometry":{"type":"MultiPolygon","coordinates":[[[[-78.9269,-33.915],[-78.5326,-33.703],[-78.9507,-33.416],[-78.9269,-33.915]]],[[[-80.7806,-34.016],[-80.5955,-33.589],[-81.0783,-33.751],[-80.7806,-34.016]]],[[[-79.9031,-26.55],[-79.7052,-26.205],[-80.1379,-26.09],[-80.3103,-26.392],[-79.9031,-26.55]]],[[[-71.7776,-41.9921],[-71.9639,-40.7196],[-71.657,-40.3643],[-71.6778,-39.5651],[-71.3947,-39.341],[-71.4254,-38.9216],[-70.9303,-38.7641],[-71.2106,-37.6981],[-71.0384,-36.4775],[-70.3986,-36.0529],[-70.432,-35.3186],[-70.2169,-34.611],[-69.8052,-34.2461],[-70.1259,-32.5764],[-70.5669,-31.6002],[-70.24,-30.6157],[-69.8985,-30.3556],[-70.0185,-29.3206],[-69.7871,-29.1301],[-69.6295,-28.394],[-69.0952,-27.7948],[-68.8412,-27.1546],[-68.2985,-27.0389],[-68.5877,-26.4923],[-68.3811,-26.1782],[-68.5887,-25.4501],[-68.5072,-25.1686],[-68.5679,-24.7974],[-68.2455,-24.3962],[-67.3223,-24.0344],[-67.2129,-23.6945],[-66.9905,-23.0004],[-67.1805,-22.8141],[-67.8817,-22.834],[-67.9392,-22.1078],[-68.179,-21.3024],[-68.7387,-20.4568],[-68.6805,-19.7488],[-68.4048,-19.4162],[-68.8897,-19.0434],[-69.0566,-18.0612],[-69.4685,-17.4984],[-69.8261,-17.706],[-69.9659,-18.2622],[-70.5908,-18.3501],[-70.3438,-20.017],[-70.4136,-20.536],[-70.2993,-21.496],[-70.5311,-22.826],[-70.7732,-22.995],[-70.6995,-23.709],[-70.8,-24.737],[-70.6694,-25.246],[-70.9542,-25.718],[-70.9303,-26.565],[-71.1907,-27.118],[-71.4251,-28.313],[-71.8209,-29.044],[-71.5552,-29.84],[-71.8336,-30.144],[-71.9472,-30.722],[-71.6878,-32.424],[-71.9828,-33.085],[-71.868,-33.581],[-72.2303,-34.054],[-72.4319,-34.997],[-72.8427,-35.48],[-73.0636,-36.245],[-73.7726,-36.883],[-73.9353,-37.373],[-73.709,-38.086],[-74.2123,-38.289],[-73.7585,-38.611],[-73.4872,-39.272],[-73.9614,-39.963],[-74.3361,-41.7683],[-74.701,-43.1771],[-75.1325,-43.8115],[-73.9116,-43.588],[-73.0833,-43.7403],[-72.3299,-43.6781],[-71.7358,-44.0658],[-71.7606,-43.1647],[-72.1428,-42.8979],[-72.1729,-42.1404],[-71.7776,-41.9921]]]]},"properties":{"tzid":"America/Santiago"}},
{"type":"Feature","geometry":{"type":"Polygon","coordinates":[[[-72.0696,19.9463],[-71.757,19.727],[-71.6267,19.1867],[-71.9043,18.457],[-71.6952,18.3406],[-71.9005,17.8811],[-71.8123,17.3504],[-71.5375,17.2957],[-70.1123,18.0231],[-68.4905,17.9258],[-68.1201,18.6993],[-68.5971,20.0514],[-69.3874,20.8349],[-70.4547,21.2855],[-70.9791,21.1489],[-71.18,20.9794],[-72.0696,19.9463]]]},"properties":{"tzid":"America/Santo_Domingo"}},
{"type":"Feature","geometry":{"type":"MultiPolygon","coordinates":[[[[-29.3174,-20.2843],[-29.4926,-20.6532],[-29.1379,-20.6568],[-29.3174,-20.2843]]],[[[-52.5,-33.3125],[-52.1108,-32.471],[-51.0809,-31.7067],[-50.1695,-30.6577],[-49.8471,-29.918],[-49.4589,-29.3521],[-48.6527,-28.7498],[-48.3799,-28.4049],[-48.1032,-27.2898],[-48.3511,-26.7529],[-48.2665,-26.2405],[-47.8561,-25.4896],[-46.5724,-24.6708],[-45.114,-24.1256],[-44.0681,-23.4168],[-43.1834,-23.283],[-41.9911,-23.2167],[-41.5095,-22.5469],[-40.8736,-22.1793],[-40.8093,-21.6939],[-40.1885,-20.7917],[-39.8412,-19.8851],[-39.4763,-19.2917],[-39.461,-18.3935],[-40.2229,-17.9793],[-40.5994,-17.3918],[-40.549,-16.9898],[-39.8568,-16.1134],[-40.2311,-15.8038],[-40.819,-15.6463],[-41.3312,-15.7447],[-41.356,-15.4984],[-41.8034,-15.0997],[-42.096,-15.182],[-43.1775,-14.6508],[-43.5299,-14.8166],[-43.8811,-14.6578],[-43.818,-14.3157],[-44.3159,-14.2389],[-45.674,-15.08],[-45.969,-15.1483],[-45.9072,-14.3552],[-46.2215,-14.1068],[-46.2755,-13.0202],[-46.113,-12.918],[-46.3645,-12.9908],[-46.75,-12.969],[-47.679,-13.467],[-48.1434,-13.1525],[-48.4577,-13.2825],[-48.8702,-12.8032],[-49.121,-12.79],[-49.3683,-13.2723],[-50.3107,-12.7919],[-50.5099,-12.8617],[-50.8737,-13.7321],[-50.833,-14.089],[-51.0864,-14.9227],[-51.6498,-15.1743],[-51.8923,-15.8311],[-52.2541,-15.8933],[-52.6828,-16.3022],[-52.6064,-16.4866],[-53.039,-16.9121],[-53.2476,-17.6478],[-53.0724,-18.034],[-52.9649,-18.55],[-52.4484,-18.6918],[-51.6519,-19.1361],[-51.0555,-19.3318],[-51.0583,-20.2332],[-51.35,-20.363],[-51.8785,-21.1372],[-51.8689,-21.3541],[-52.484,-22.213],[-53.5468,-22.8901],[-54.2862,-24.0682],[-54.2605,-24.3704],[-54.5935,-25.5928],[-53.8619,-25.659],[-53.6411,-26.2156],[-53.8456,-27.1612],[-54.9069,-27.6465],[-55.776,-28.271],[-56.4253,-29.0818],[-57.6489,-30.1939],[-57.2036,-30.2854],[-56.8505,-30.089],[-56.0229,-30.7854],[-56.0073,-31.0762],[-55.5784,-30.8329],[-55.2465,-31.2523],[-54.5865,-31.4565],[-53.7256,-32.0958],[-53.6452,-32.3839],[-53.0756,-32.7409],[-53.5182,-33.1534],[-53.5323,-33.6888],[-53.1776,-33.8694],[-52.504,-33.3173],[-52.5,-33.3125]]]]},"properties":{"tzid":"America/Sao_Paulo"}},
{"type":"Feature","geometry":{"type":"Polygon","coordinates":[[[-21.2244,71.9987],[-22.2334,71.9609],[-24.3971,72.3431],[-24.5423,70.529],[-23.2404,70.2785],[-21.2706,70.2224],[-20.7849,70.6944],[-21.2244,71.9987]]]},"properties":{"tzid":"America/Scoresbysund"}},
{"type":"Feature","geometry":{"type":"Polygon","coordinates":[[[-132.3698,57.3497],[-132.6446,57.4263],[-134.0631,57.1563],[-134.5693,56.8631],[-134.8362,57.7877],[-135.902,58.0013],[-136.8096,57.7508],[-136.2935,57.3634],[-136.1822,56.9014],[-135.3977,56.4553],[-134.87,55.7426],[-134.1408,55.6374],[-133.6252,54.5593],[-133.1028,54.5518],[-131.95,54.4779],[-131.2241,54.6943],[-130.9237,54.7009],[-130.6411,54.7071],[-130.6286,54.7251],[-129.9742,55.2819],[-130.1038,56.1228],[-131.8353,56.5992],[-132.3698,57.3497]],[[-131.7133,55.099],[-131.5692,55.2947],[-131.337,54.9955],[-131.7133,55.099]]]},"properties":{"tzid":"America/Sitka"}},
{"type":"Feature","geometry":{"type":"Polygon","coordinates":[[[-62.9893,17.7268],[-62.8472,17.674],[-62.6053,17.7941],[-62.7644,18.1376],[-62.9494,18.0172],[-63.0544,17.8062],[-63.0655,17.7828],[-63.0495,17.7645],[-62.9893,17.7268]]]},"properties":{"tzid":"America/St_Barthelemy"}},
{"type":"Feature","geometry":{"type":"MultiPolygon","coordinates":[[[[-52.8704,49.7606],[-53.3058,49.9444],[-53.1676,49.5544],[-52.8704,49.7606]]],[[[-52.5,47.1731],[-52.3281,47.5575],[-52.5,48.1927],[-53.0728,49.2436],[-53.9742,50.019],[-55.3395,50.2638],[-55.1486,50.7381],[-55.3355,51.1479],[-54.952,52.0061],[-55.4528,52.8822],[-55.2754,53.4023],[-55.4993,53.7013],[-57.1075,53.25],[-57.1075,52.0001],[-57.1075,51.3771],[-57.7361,50.9986],[-58.5015,50.2709],[-60.4768,48.7814],[-60.4587,48.5285],[-60.4038,47.7611],[-59.2887,47.3734],[-58.2427,47.438],[-57.0782,47.185],[-56.4005,47.3416],[-55.9066,46.6544],[-54.2961,46.6243],[-53.5991,46.4122],[-52.8295,46.548],[-52.5,47.1731]]]]},"properties":{"tzid":"America/St_Johns"}},
{"type":"Feature","geometry":{"type":"Polygon","coordinates":[[[-62.7847,17.6171],[-63.0491,17.2767],[-62.5548,16.8974],[-62.3762,17.2996],[-62.7847,17.6171]]]},"properties":{"tzid":"America/St_Kitts"}},
{"type":"Feature","geometry":{"type":"Polygon","coordinates":[[[-60.7532,14.2217],[-61.0969,14.2487],[-61.2847,13.893],[-61.1373,13.5821],[-60.9827,13.5093],[-60.7831,13.5775],[-60.7532,14.2217]]]},"properties":{"tzid":"America/St_Lucia"}},
{"type":"Feature","geometry":{"type":"MultiPolygon","coordinates":[[[[-64.7082,17.984],[-65.0785,17.5676],[-64.4236,17.6041],[-64.7082,17.984]]],[[[-65.2116,18.547],[-65.0628,18.0852],[-64.6401,18.1063],[-64.956,18.6114],[-65.2116,18.547]]]]},"properties":{"tzid":"America/St_Thomas"}},
{"type":"Feature","geometry":{"type":"Polygon","coordinates":[[[-60.9827,13.5093],[-61.1373,13.5821],[-61.4769,13.2929],[-61.6631,12.6097],[-61.2105,12.3984],[-60.9212,12.9401],[-60.9827,13.5093]]]},"properties":{"tzid":"America/St_Vincent"}},
{"type":"Feature","geometry":{"type":"Polygon","coordinates":[[[-107.8653,48.9998],[-107.8671,49.5238],[-107.224,49.5236],[-107.2423,50.3098],[-106.8299,50.3099],[-106.9855,50.8989],[-106.6355,51.1177],[-107.0207,52.9297],[-106.4403,52.9298],[-106.4467,53.5837],[-106.7524,54.149],[-107.9529,54.151],[-107.9698,54.5873],[-108.8018,54.4864],[-110.0058,54.6489],[-110.0056,53.6036],[-109.0781,53.2862],[-108.8835,52.8043],[-110.0055,52.6654],[-110.0051,48.9996],[-107.8653,48.9998]]]},"properties":{"tzid":"America/Swift_Current"}},
{"type":"Feature","geometry":{"type":"MultiPolygon","coordinates":[[[[-82.5,16.0464],[-82.5,15.6955],[-82.4982,15.6945],[-82.1825,15.8514],[-82.4987,16.0472],[-82.5,16.0464]]],[[[-83.8647,17.6095],[-84.0036,17.2131],[-83.6945,17.383],[-83.8647,17.6095]]],[[[-87.5971,13.1707],[-87.0246,12.9901],[-86.7041,13.3139],[-86.7655,13.7667],[-86.3323,13.7691],[-86.0761,14.0697],[-85.7663,13.849],[-85.4036,14.1238],[-84.8164,14.8291],[-84.4689,14.6162],[-83.5013,15.0108],[-82.8817,15.0903],[-82.4882,14.8872],[-82.2424,15.0036],[-82.499,15.4068],[-82.5,15.4076],[-82.7962,15.4098],[-82.7281,15.8475],[-83.4847,16.1867],[-83.2798,15.4225],[-84.1939,15.9844],[-84.94,16.1712],[-85.8968,16.7132],[-87.3037,16.2145],[-88.0738,16.028],[-88.2134,15.9343],[-88.2278,15.7238],[-89.1541,15.069],[-89.356,14.4206],[-88.8313,14.1046],[-87.7084,13.804],[-87.8217,13.4095],[-87.5971,13.1707]]]]},"properties":{"tzid":"America/Tegucigalpa"}},
{"type":"Feature","geometry":{"type":"Polygon","coordinates":[[[-73.5015,78.5553],[-73.8873,78.3837],[-73.6738,77.4263],[-72.1115,76.9007],[-73.9995,76.8462],[-73.3538,76.4908],[-71.6408,76.6759],[-69.2716,75.9318],[-67.5,75.7744],[-66.7636,75.7173],[-64.385,75.679],[-63.7281,76.1565],[-66.4392,79.2257],[-69.1076,79.3191],[-71.0979,78.8743],[-73.5015,78.5553]]]},"properties":{"tzid":"America/Thule"}},
{"type":"Feature","geometry":{"type":"MultiPolygon","coordinates":[[[[-114.8136,32.494],[-114.7199,32.7187],[-117.2391,32.5275],[-117.4649,32.5904],[-116.9004,31.4589],[-116.2663,30.652],[-115.9338,29.5841],[-115.0924,29.1974],[-114.2986,28.4094],[-114.3893,28.1188],[-114.2047,28],[-112.5428,28.0461],[-112.5455,28.4672],[-112.7679,29.2804],[-114.5532,31.3431],[-114.591,31.6978],[-114.9656,31.9215],[-114.8136,32.494]]],[[[-115.451,27.9154],[-114.9497,28.037],[-115.0587,28.5116],[-115.7857,28.4326],[-115.451,27.9154]]],[[[-118.03,29.1724],[-118.5518,29.2853],[-118.4997,28.7687],[-118.0946,28.7343],[-118.03,29.1724]]]]},"properties":{"tzid":"America/Tijuana"}},
{"type":"Feature","geometry":{"type":"Polygon","coordinates":[[[-63,52.0001],[-63.6468,52.0438],[-64.1224,52.7354],[-64.2766,51.7454],[-65.1828,51.7694],[-65.9915,52.0585],[-66.4404,52.635],[-67.3419,52.8962],[-66.9067,53.3953],[-67.3769,53.5972],[-67.767,54.4368],[-66.5899,54.813],[-66.8187,55.3553],[-65.6932,54.7082],[-65.0858,54.9696],[-64.5569,54.7137],[-63.924,54.7784],[-63.3198,55.4118],[-63.6654,55.4231],[-64.0874,56.2569],[-63.6926,57.6527],[-64.4217,58.1867],[-63.8078,58.4897],[-64.4603,58.9815],[-64.8895,59.6622],[-64.5175,60.3044],[-64.845,60.3751],[-65.5592,59.7359],[-65.9422,58.9688],[-66.6725,58.5001],[-67.5911,58.2603],[-68.5242,58.8931],[-69.1699,58.927],[-69.6769,59.5153],[-69.5469,60.1983],[-69.8039,60.5249],[-69.4947,61.0646],[-70.08,60.8596],[-71.5516,61.1573],[-71.5218,61.5803],[-72.5956,61.9472],[-73.6711,62.4801],[-74.4223,62.2425],[-75.5719,62.262],[-77.5084,62.5824],[-78.1378,62.315],[-77.5698,60.0388],[-77.8297,59.2801],[-78.5796,58.9149],[-78.4231,58.5406],[-77.1881,58.0208],[-76.6023,57.2397],[-76.548,56.3013],[-77.1149,55.6677],[-77.794,55.2616],[-79.5551,54.7251],[-78.9325,53.5621],[-78.9944,53.0133],[-78.5851,52.1005],[-79.3639,51.6565],[-79.7913,51.1607],[-80.3851,51.3387],[-80.564,51.6977],[-81.4084,52.1472],[-82.2259,52.9267],[-82.1106,53.7619],[-82.4165,54.3419],[-82.1951,54.8089],[-82.5162,55.162],[-83.8898,55.2947],[-84.9999,55.2716],[-85.8955,55.6558],[-87.6374,56.1123],[-87.9791,56.4731],[-88.9865,56.8492],[-89.9998,56.2297],[-90,54],[-89,54],[-88.5,53.375],[-89,52.75],[-90,52.75],[-90,52],[-90,50.75],[-90,49.25],[-90.9647,49.25],[-91.0079,49.0017],[-91.0075,48.1996],[-89.4834,48.0137],[-88.3699,48.3061],[-84.8601,46.8889],[-84.5568,46.4608],[-84.129,46.5305],[-83.9555,46.0568],[-82.5186,45.3386],[-82.1228,43.5912],[-82.5234,42.6073],[-83.128,42.2387],[-83.1126,41.9594],[-82.3975,41.6766],[-81.2457,42.2076],[-80.0799,42.3936],[-78.9354,42.8283],[-79.2007,43.4505],[-78.6904,43.6311],[-76.7967,43.6311],[-76.4389,44.0941],[-74.9726,44.9835],[-71.501,45.0134],[-70.3842,45.734],[-69.9971,46.6955],[-69.2245,47.4598],[-69.051,47.3001],[-68.3835,47.5532],[-68.3823,47.9161],[-67.2116,47.8755],[-66.5024,48.077],[-65.5361,47.8286],[-64.2738,48.2207],[-63.7519,48.5109],[-62.903,48.5149],[-62.9023,49.1653],[-61.6432,49.1392],[-61.8833,49.3756],[-63.0001,49.768],[-63,52.0001]]]},"properties":{"tzid":"America/Toronto"}},
{"type":"Feature","geometry":{"type":"Polygon","coordinates":[[[-64.956,18.6114],[-64.6401,18.1063],[-64.144,18.3935],[-64.1772,18.8983],[-64.4655,18.9405],[-64.956,18.6114]]]},"properties":{"tzid":"America/Tortola"}},
{"type":"Feature","geometry":{"type":"Polygon","coordinates":[[[-116.6794,49.803],[-116.4487,50.1255],[-116.6549,50.5984],[-117.9917,51.5023],[-117.9241,51.7152],[-118.5545,52.2783],[-118.2199,52.3841],[-118.4031,52.8416],[-118.9477,53.2366],[-119.9012,53.5166],[-120.0013,53.7987],[-120.7918,54.4709],[-121.4896,54.6079],[-123.4531,55.8839],[-123.6642,56.6517],[-124.4491,57.6484],[-124.9421,58],[-124.8871,58.2286],[-126.5819,58.5856],[-127.7428,59.6263],[-127.7343,60.0011],[-130.7683,59.9985],[-133.7981,60.0003],[-138,60.0007],[-139.0613,59.9996],[-137.6074,59.2438],[-137.5261,58.9064],[-136.5844,59.1659],[-136.3464,59.6006],[-135.4792,59.798],[-134.9599,59.2809],[-133.3773,58.4305],[-132.3698,57.3497],[-131.8353,56.5992],[-130.1038,56.1228],[-129.9742,55.2819],[-130.6286,54.7251],[-130.6411,54.7071],[-130.9237,54.7009],[-131.2241,54.6943],[-133.1028,54.5518],[-133.5411,53.9434],[-132.794,52.9222],[-131.2466,51.788],[-129.2411,50.6753],[-128.5848,50.506],[-128.0787,49.9297],[-127.5,49.7828],[-127.4959,49.7806],[-126.7234,49.2117],[-125.0036,48.4952],[-124.7272,48.4934],[-123.5412,48.2246],[-123.1151,48.4228],[-123.3222,49.0021],[-119.2657,49.0001],[-116.9215,48.9995],[-116.8697,49.8092],[-116.6794,49.803]]]},"properties":{"tzid":"America/Vancouver"}},
{"type":"Feature","geometry":{"type":"Polygon","coordinates":[[[-138,60.0007],[-133.7981,60.0003],[-130.7683,59.9985],[-127.7343,60.0011],[-123.8103,60.001],[-124.6359,60.7025],[-126.8701,60.7725],[-126.985,61.457],[-128.292,62.145],[-129.1846,62.1143],[-129.1775,62.4651],[-130.1587,63.3057],[-129.8227,63.4513],[-130.7621,63.9686],[-131.1503,64.4167],[-132.6324,64.8284],[-132.7391,65.1626],[-132.1655,65.6175],[-132.5555,66.0266],[-133.6174,65.9532],[-133.5767,66.5578],[-134.0785,66.9794],[-136.1597,67],[-136.4415,67.655],[-136.588,69.4031],[-137.9996,69.4796],[-138,64.2746],[-138,61.9577],[-138,60.0007]]]},"properties":{"tzid":"America/Whitehorse"}},
{"type":"Feature","geometry":{"type":"Polygon","coordinates":[[[-102.0076,59.9994],[-102.0075,58.1858],[-102.004,55.8094],[-101.9241,55.1115],[-102.5145,54.7591],[-102.2645,54.2592],[-101.7713,54.0644],[-101.5772,51.9686],[-101.362,48.9995],[-98.2106,49.0003],[-95.1532,48.9989],[-94.8255,49.2944],[-94.5876,48.7176],[-93.7934,48.5163],[-92.9846,48.6238],[-92.3699,48.2203],[-92.052,48.3539],[-91.7527,49.0015],[-91.0079,49.0017],[-90.9647,49.25],[-90,49.25],[-90,50.75],[-90.5,51],[-90.75,51.5],[-90,52],[-90,52.75],[-89,52.75],[-88.5,53.375],[-89,54],[-90,54],[-89.9998,56.2297],[-88.9865,56.8492],[-91.1167,57.2534],[-92.6872,56.9859],[-92.4246,57.3279],[-93.2219,58.7662],[-94.2644,58.7894],[-94.7792,59.017],[-94.8262,59.9994],[-97.4529,59.9994],[-102.0076,59.9994]]]},"properties":{"tzid":"America/Winnipeg"}},
{"type":"Feature","geometry":{"type":"Polygon","coordinates":[[[-141.002,60.3064],[-141.6462,59.7148],[-140.4386,59.503],[-138.4757,58.878],[-138.294,58.7137],[-137.5261,58.9064],[-137.6074,59.2438],[-139.0613,59.9996],[-139.0748,60.3525],[-139.9811,60.182],[-141.002,60.3064]]]},"properties":{"tzid":"America/Yakutat"}},
{"type":"Feature","geometry":{"type":"Polygon","coordinates":[[[97,-64],[97,-70],[115,-70],[120,-70],[120,-65],[97,-64]]]},"properties":{"tzid":"Antarctica/Casey"}},
{"type":"Feature","geometry":{"type":"Polygon","coordinates":[[[77.5,-86],[86,-86],[86,-65],[77.5,-68],[77.5,-86]]]},"properties":{"tzid":"Antarctica/Davis"}},
{"type":"Feature","geometry":{"type":"Polygon","coordinates":[[[120,-70],[135,-70],[150,-70],[160,-70],[160,-65],[150,-65],[135,-65],[120,-65],[120,-70]]]},"properties":{"tzid":"Antarctica/DumontDUrville"}},
{"type":"Feature","geometry":{"type":"Polygon","coordinates":[[[159.3394,-54.3431],[158.7156,-54.2398],[158.5089,-54.4869],[158.5647,-55.3124],[159.0345,-55.1503],[159.3394,-54.3431]]]},"properties":{"tzid":"Antarctica/Macquarie"}},
{"type":"Feature","geometry":{"type":"Polygon","coordinates":[[[55,-86],[77.5,-86],[77.5,-68],[55,-64],[55,-86]]]},"properties":{"tzid":"Antarctica/Mawson"}},
{"type":"Feature","geometry":{"type":"Polygon","coordinates":[[[-180,-75],[-180,-90],[180,-90],[180,-86],[180,-70],[160,-65],[160,-86],[150,-86],[135,-86],[115,-86],[105,-86],[86,-86],[77.5,-86],[55,-86],[45,-86],[25,-86],[15,-86],[0,-86],[-5.5,-86],[-17,-86],[-35,-86],[-45,-86],[-58,-86],[-67.5,-86],[-80,-86],[-90,-86],[-105,-86],[-120,-86],[-135,-86],[-150,-86],[-150,-75],[-180,-75]]]},"properties":{"tzid":"Antarctica/McMurdo"}},
{"type":"Feature","geometry":{"type":"Polygon","coordinates":[[[-64,-64],[-65,-64.5],[-65.5,-65.25],[-63.8,-64.8],[-64,-64]]]},"properties":{"tzid":"Antarctica/Palmer"}},
{"type":"Feature","geometry":{"type":"MultiPolygon","coordinates":[[[[-80,-86],[-67.5,-86],[-67.5,-66],[-80,-66],[-80,-86]]],[[[-35,-86],[-17,-86],[-17,-71],[-35,-75],[-35,-86]]]]},"properties":{"tzid":"Antarctica/Rothera"}},
{"type":"Feature","geometry":{"type":"Polygon","coordinates":[[[25,-86],[45,-86],[55,-86],[55,-64],[25,-68],[25,-86]]]},"properties":{"tzid":"Antarctica/Syowa"}},
{"type":"Feature","geometry":{"type":"Polygon","coordinates":[[[0,-86],[15,-86],[25,-86],[25,-68],[0,-68],[0,-86]]]},"properties":{"tzid":"Antarctica/Troll"}},
{"type":"Feature","geometry":{"type":"Polygon","coordinates":[[[86,-86],[105,-86],[115,-86],[115,-70],[97,-70],[97,-64],[86,-65],[86,-86]]]},"properties":{"tzid":"Antarctica/Vostok"}},
{"type":"Feature","geometry":{"type":"MultiPolygon","coordinates":[[[[20.0119,74.4771],[18.7395,74.7021],[17.9989,74.4887],[18.6331,74.1716],[20.0119,74.4771]]],[[[25.393,76.276],[26.3303,76.77],[25.5617,76.9136],[24.1138,76.5535],[25.393,76.276]]],[[[34.1926,80],[34.6504,80.2817],[31.8858,80.4684],[30.3136,80.0277],[31.3816,79.8377],[34.1926,80]]],[[[27.7774,78.5501],[30.9409,78.8214],[30.24,79.2182],[25.8087,78.9837],[26.0491,78.4934],[27.7774,78.5501]]],[[[22.0842,80.8569],[20.2979,81.0279],[16.7692,80.2931],[9.5817,79.8655],[10.0064,79.143],[9.4711,78.7707],[10.2529,78.3323],[12.5135,78.0005],[13.0169,77.3444],[15.7777,76.3625],[16.7743,76.2465],[17.8887,76.5172],[18.3967,77.2649],[19.7331,77.3785],[20.8881,76.7685],[22.5,76.7489],[25.8879,77.9502],[24.0373,78.2696],[22.6367,78.8381],[25.9541,79.2001],[29.3958,80.0234],[25.4452,80.8492],[23.004,80.74],[22.0842,80.8569]]]]},"properties":{"tzid":"Arctic/Longyearbyen"}},
{"type":"Feature","geometry":{"type":"MultiPolygon","coordinates":[[[[41.8983,15.3357],[42.0224,15.6635],[41.6083,15.5425],[41.8983,15.3357]]],[[[53.6174,12.9004],[52.9977,12.7627],[53.0561,12.3783],[52.8056,12.0588],[53.3667,11.9179],[53.5114,12.1432],[54.2361,12.1752],[54.673,12.3956],[54.6792,12.6921],[54.1467,12.8968],[53.6174,12.9004]]],[[[52.5,12.3678],[51.9543,12.537],[52.0033,12.0296],[52.5,11.9957],[52.5,12.3678]]],[[[53.1888,16.465],[52,19],[50.7833,18.7889],[49.1167,18.6167],[48.1833,18.1667],[47.6,17.45],[47.4667,17.1167],[47,16.95],[46.75,17.2833],[46.3667,17.2333],[45.2167,17.4333],[43.6833,17.3667],[43.3548,17.5564],[43.1519,17.1747],[43.2666,16.7949],[42.9383,16.4087],[41.7557,16.29],[42.0669,16.1182],[42.2139,15.3707],[41.8921,15.1608],[42.2476,14.8298],[42.6681,14.9827],[42.8302,14.2802],[42.4775,14.0608],[42.5967,13.7411],[42.8339,13.4275],[43.0781,13.6571],[43.0788,13.1337],[43.2978,12.7923],[43.6365,12.518],[43.9356,12.394],[45.1522,12.5858],[45.743,13.1586],[46.7415,13.2312],[47.4372,13.4572],[48.0186,13.8416],[48.4245,13.7311],[48.8369,13.9045],[49.6448,14.5503],[51.7743,15.1706],[52.4175,15.5583],[52.5,16.197],[53.1888,16.465]]]]},"properties":{"tzid":"Asia/Aden"}},
{"type":"Feature","geometry":{"type":"Polygon","coordinates":[[[87.2863,49.1158],[86.7827,49.7891],[86.2716,49.5827],[85.2107,49.6274],[85.0493,50.0104],[84.3625,50.2055],[83.8337,50.88],[83.4072,51.0132],[82.5675,50.7468],[81.5834,50.742],[80.6773,51.316],[80.0757,50.7384],[79.1874,51.9233],[77.9065,53.2914],[76.5365,54.0005],[76.7299,54.4186],[75.6893,54.1227],[75.0536,53.7956],[73.2385,53.5673],[73.5056,53.9384],[72.2797,54.3163],[71.2956,54.1842],[70.7905,55.2893],[70.4607,55.2855],[70.2276,55.1472],[68.9324,55.4418],[68.177,55.1987],[68.2341,54.9695],[66.074,54.6409],[66.3208,52.9701],[66.0188,52.7609],[65.9986,52.2046],[65.388,51.3268],[65.6046,50.8309],[66.9909,50.6582],[67.1312,50.3841],[67.9363,50.5578],[67.9642,50.3172],[66.0731,48.9932],[65.4861,48.8283],[64.7458,48.9377],[64.5786,48.5108],[64.0161,48.1703],[64.2772,47.8995],[62.9501,47.1908],[63.7395,46.8301],[65.1408,46.4765],[65.586,46.2127],[67.1368,46.1433],[67.3655,45.7575],[67.1745,45.3001],[67.5162,45.1478],[67.462,44.3678],[68.0603,44.0265],[67.6495,43.3759],[67.8249,43.178],[66.0707,42.3379],[65.9987,41.9372],[66.5331,41.8769],[66.7524,41.1423],[67.9655,41.149],[67.9728,40.8619],[68.4815,40.571],[68.5828,40.9243],[69.079,41.3771],[69.9577,41.7338],[70.9433,42.2635],[71.2668,42.77],[71.8361,42.8386],[73.5208,42.4218],[73.5498,43.0284],[74.2039,43.2669],[75.2313,42.8536],[76.3438,42.8608],[76.8352,42.982],[79.0292,42.7626],[80.175,42.2108],[80.3878,43.0029],[80.7813,43.1378],[80.3962,44.1101],[80.4105,44.6088],[79.882,44.9107],[81.7741,45.3861],[82.5819,45.2194],[82.28,45.5351],[83.0323,47.2237],[83.9173,46.9729],[84.9442,46.8629],[85.6823,47.2228],[85.5428,48.0094],[85.7559,48.403],[86.5808,48.5391],[86.8963,49.1348],[87.2863,49.1158]]]},"properties":{"tzid":"Asia/Almaty"}},
{"type":"Feature","geometry":{"type":"Polygon","coordinates":[[[38.793,33.3734],[36.8392,32.3118],[36.4019,32.3784],[35.7565,32.7453],[35.555,32.389],[35.476,31.4931],[35.4165,30.9509],[35.162,30.4413],[34.9212,29.4534],[34.8844,29.3752],[36.0728,29.1834],[36.7849,29.8679],[37.5055,30.0008],[37.9971,30.5007],[37.0062,31.5006],[39.0063,32.0006],[39.2008,32.1543],[38.793,33.3734]]]},"properties":{"tzid":"Asia/Amman"}},
{"type":"Feature","geometry":{"type":"MultiPolygon","coordinates":[[[[-175.5768,71.1568],[-175.141,71.5392],[-176.0279,71.606],[-175.5768,71.1568]]],[[[163.2648,64.6933],[163.5033,64.9161],[165.024,64.8383],[166.0407,64.5491],[167.2316,64.6232],[167.6907,64.3185],[168.8002,64.1836],[169.5717,63.8077],[168.4664,63.0835],[169.852,62.6565],[170.1849,62.306],[172.767,62.3504],[173.6722,62.5468],[174.1589,62.4243],[174.5024,61.6078],[177.1887,62.342],[179.0449,62.0763],[180,62.5546],[180,62.8759],[179.2684,63.5651],[178.9023,64.258],[180,64.7463],[180,65.0388],[180,65.1481],[180,65.1494],[180,65.2635],[180,65.2658],[180,65.2725],[180,65.2759],[180,65.3],[180,65.3006],[180,65.3121],[180,65.3241],[180,65.3302],[180,65.3303],[180,65.3316],[180,65.3605],[180,65.3831],[180,65.3863],[180,65.4125],[180,65.4133],[180,65.4137],[180,65.4139],[180,65.4462],[180,65.4465],[180,65.4475],[180,65.448],[180,65.4494],[180,65.453],[180,65.48],[180,65.5103],[180,65.5107],[180,65.5268],[180,65.5284],[180,65.5634],[180,65.6429],[180,65.6443],[180,65.647],[180,65.6517],[180,65.7053],[180,65.7913],[180,65.8038],[180,65.8274],[180,65.8507],[180,65.8638],[180,65.8661],[180,65.9352],[180,66.003],[180,66.0618],[180,66.1262],[180,66.1735],[180,66.227],[180,66.3268],[180,66.3435],[180,66.4025],[180,66.4617],[180,66.463],[180,66.5798],[180,66.6407],[180,66.8568],[180,66.8575],[180,66.8776],[180,66.8802],[180,66.8914],[180,66.9126],[180,66.9295],[180,67.0024],[180,67.0033],[180,67.0312],[180,67.0323],[180,67.1684],[180,67.3876],[180,67.5528],[180,67.7249],[180,67.7253],[180,67.7351],[180,67.7612],[180,67.763],[180,67.9264],[180,67.9287],[180,67.9306],[180,67.9398],[180,68.054],[180,68.0656],[180,68.0813],[180,68.3563],[180,68.5134],[180,68.5515],[180,68.6702],[180,68.7485],[180,68.9111],[180,68.9251],[180,68.9299],[180,68.9589],[180,68.97],[180,68.9755],[180,68.977],[180,69.2895],[179.2192,69.5371],[177.1502,69.823],[176.1935,70.0742],[174.636,70.0442],[172.5542,70.1694],[172.4925,70.1597],[170.6618,70.3206],[169.535,70.1046],[167.9322,70.1825],[166.8392,69.7074],[164.8899,69.7609],[164.1816,69.948],[162.5311,69.869],[162.7725,69.1814],[162.3937,68.2746],[161.3273,68.3686],[158.3724,68.0762],[157.8114,67.3083],[158.96,66.7606],[158.5434,66.3352],[159.2299,66.2363],[158.9518,65.7272],[160.0384,65.5202],[160.643,65.152],[161.8481,64.8246],[163.2648,64.6933]]],[[[180,70.7166],[180,71.7491],[178.0228,71.1096],[178.5512,70.6021],[180,70.7166]]],[[[-180,71.7491],[-180,70.7166],[-177.1366,70.9643],[-176.8928,71.3269],[-178.0285,71.714],[-180,71.7491]]],[[[-169.0486,65.469],[-168.9769,65.9672],[-169.227,66.2153],[-170.8273,66.7455],[-171.4942,67.1292],[-172.485,67.2147],[-172.528,67.2247],[-173.3566,67.2807],[-177.2223,68.4499],[-180,69.2895],[-180,68.977],[-180,68.9755],[-180,68.97],[-180,68.9589],[-180,68.9299],[-180,68.9251],[-180,68.9111],[-180,68.7485],[-180,68.6702],[-180,68.5515],[-180,68.5134],[-180,68.3563],[-180,68.0813],[-180,68.0656],[-180,68.054],[-180,67.9398],[-180,67.9306],[-180,67.9287],[-180,67.9264],[-180,67.763],[-180,67.7612],[-180,67.7351],[-180,67.7253],[-180,67.7249],[-180,67.5528],[-180,67.3876],[-180,67.1684],[-180,67.0323],[-180,67.0312],[-180,67.0033],[-180,67.0024],[-180,66.9295],[-180,66.9126],[-180,66.8914],[-180,66.8802],[-180,66.8776],[-180,66.8575],[-180,66.8568],[-180,66.6407],[-180,66.5798],[-180,66.463],[-180,66.4617],[-180,66.4025],[-180,66.3435],[-180,66.3268],[-180,66.227],[-180,66.1735],[-180,66.1262],[-180,66.0618],[-180,66.003],[-180,65.9352],[-180,65.8661],[-180,65.8638],[-180,65.8507],[-180,65.8274],[-180,65.8038],[-180,65.7913],[-180,65.7053],[-180,65.6517],[-180,65.647],[-180,65.6443],[-180,65.6429],[-180,65.5634],[-180,65.5284],[-180,65.5268],[-180,65.5107],[-180,65.5103],[-180,65.48],[-180,65.453],[-180,65.4494],[-180,65.448],[-180,65.4475],[-180,65.4465],[-180,65.4462],[-180,65.4139],[-180,65.4137],[-180,65.4133],[-180,65.4125],[-180,65.4081],[-180,65.3863],[-180,65.3831],[-180,65.3605],[-180,65.3532],[-180,65.3316],[-180,65.3303],[-180,65.3302],[-180,65.3241],[-180,65.3121],[-180,65.3006],[-180,65.3],[-180,65.2759],[-180,65.2725],[-180,65.2658],[-180,65.2635],[-180,65.2579],[-180,65.1494],[-180,65.1481],[-180,65.0498],[-180,65.0388],[-180,64.7463],[-178.7278,65.2626],[-176.3941,65.2622],[-176.1559,64.8216],[-173.9011,64.1583],[-172.6178,64.1169],[-172.3797,64.1918],[-171.804,64.3277],[-171.6798,65.1975],[-170.2235,65.4711],[-169.8773,65.787],[-169.0486,65.469]]]]},"properties":{"tzid":"Asia/Anadyr"}},
{"type":"Feature","geometry":{"type":"Polygon","coordinates":[[[52.4719,45.6078],[51.3424,45.507],[50.8716,45.1156],[50.0741,45.1936],[49.8225,44.901],[50.1227,44.2645],[50.5488,44.1438],[51.0968,43.4508],[51.071,43.1607],[51.767,42.7302],[52.3928,42.6018],[52.267,41.6143],[52.9848,42.1212],[54.2178,42.3791],[54.7795,42.0525],[55.4996,41.2516],[55.9986,41.3222],[55.9989,43.7533],[55.9989,45.0001],[56.7441,45.1774],[56.4666,46.1322],[55.2705,46.3674],[53.9717,46.2461],[53.1589,45.7459],[52.6754,45.8113],[52.5415,45.7197],[52.4719,45.6078]]]},"properties":{"tzid":"Asia/Aqtau"}},
{"type":"Feature","geometry":{"type":"Polygon","coordinates":[[[56.4666,46.1322],[56.7441,45.1774],[58.5879,45.5907],[59.0973,45.3218],[59.0306,46.007],[60.495,47.1218],[60.9235,47.1103],[61.3142,47.7901],[61.9249,47.8277],[62.9501,47.1908],[64.2772,47.8995],[64.0161,48.1703],[63.7708,48.454],[62.5488,49.0181],[62.3048,49.4973],[62.9495,50.0031],[62.283,51.0802],[61.6898,51.256],[61.449,50.8061],[60.809,50.6566],[60.0149,50.8221],[59.8132,50.5355],[58.8743,50.6998],[58.321,51.1623],[57.507,50.876],[57.1848,51.115],[56.5137,51.0859],[55.7362,50.5503],[54.7398,51.0386],[54.5448,50.5277],[54.361,49.6251],[53.826,49.6008],[53.6257,49.2328],[53.9876,49.1744],[54.027,48.7628],[54.9123,48.7094],[55.1218,47.785],[55.002,47.2024],[55.4504,46.726],[56.2875,46.5134],[56.4666,46.1322]]]},"properties":{"tzid":"Asia/Aqtobe"}},
{"type":"Feature","geometry":{"type":"Polygon","coordinates":[[[53.6649,37.3561],[54.2447,37.32],[55.4428,38.0861],[56.3352,38.0773],[56.4525,38.2647],[57.3483,37.9989],[59.3535,37.5284],[59.5582,37.1317],[60.0431,37.0208],[60.3455,36.6294],[61.1454,36.6464],[61.2741,35.6048],[62.0643,35.4344],[62.3055,35.1291],[63.0991,35.418],[63.108,35.8223],[63.9892,36.0363],[64.6363,36.4423],[64.9898,37.2182],[65.5559,37.2407],[65.7059,37.5395],[66.5515,37.3544],[66.7062,37.9147],[65.5638,38.2883],[64.1979,38.9631],[62.4699,39.9583],[62.3495,40.4383],[61.6269,41.265],[60.4758,41.2214],[60.0931,41.4132],[59.8908,42.3024],[59.4347,42.2924],[58.6254,42.7997],[58.0002,42.5026],[57.8627,42.1757],[56.9669,41.8891],[57.031,41.2409],[55.9986,41.3222],[55.4996,41.2516],[54.7795,42.0525],[54.2178,42.3791],[52.9848,42.1212],[52.267,41.6143],[52.4996,41.3085],[52.5027,41.3048],[52.5012,40.5899],[52.4998,40.5867],[52.4991,39.9951],[52.5012,39.9913],[52.8993,39.5767],[52.7804,38.8741],[53.2796,38.6782],[53.3764,39.0754],[53.6867,38.8449],[53.561,37.9152],[53.6649,37.3561]]]},"properties":{"tzid":"Asia/Ashgabat"}},
{"type":"Feature","geometry":{"type":"Polygon","coordinates":[[[49.8861,46.0458],[50.0861,46.4326],[51.3854,46.8393],[51.5666,46.6102],[52.4352,46.645],[52.6521,46.7067],[52.6754,45.8113],[53.1589,45.7459],[53.9717,46.2461],[55.2705,46.3674],[56.4666,46.1322],[56.2875,46.5134],[55.4504,46.726],[55.002,47.2024],[55.1218,47.785],[54.9123,48.7094],[54.027,48.7628],[53.9876,49.1744],[53.6257,49.2328],[52.7075,48.9959],[52.4406,48.4931],[51.6492,48.7147],[50.9903,48.5871],[49.9685,48.0826],[49.4138,48.0434],[47.123,48.2685],[47.1944,47.7608],[48.1117,47.7449],[48.996,46.7431],[48.4779,46.6706],[49.8861,46.0458]]]},"properties":{"tzid":"Asia/Atyrau"}},
{"type":"Feature","geometry":{"type":"Polygon","coordinates":[[[46.5527,29.1003],[47.1394,29.9868],[47.3712,30.1036],[48.1843,30.0145],[48.6716,29.3641],[49.0974,29.8059],[48.4563,29.9965],[48.0252,30.4776],[48.0347,30.9979],[47.6875,31.0009],[47.8659,31.7836],[47.3947,32.4624],[46.094,32.9851],[46.215,33.2036],[45.501,33.9509],[45.689,34.8118],[46.1912,35.1109],[46.0357,35.7053],[45.3814,36.0842],[44.845,36.7787],[44.7843,37.1439],[44.2516,36.9824],[44.2684,37.2444],[42.7937,37.3807],[42.3494,37.1127],[41.8172,36.5876],[41.4022,36.5242],[41.2558,36.06],[41.2274,34.7785],[40.6399,34.3151],[38.793,33.3734],[39.2008,32.1543],[40.4133,31.9481],[41.4407,31.3732],[42.0856,31.1117],[44.7269,29.1917],[46.5527,29.1003]]]},"properties":{"tzid":"Asia/Baghdad"}},
{"type":"Feature","geometry":{"type":"Polygon","coordinates":[[[50.9234,26.2672],[50.4886,26.5843],[50.2698,26.0797],[50.5675,25.5761],[50.7347,25.5725],[50.9234,26.2672]]]},"properties":{"tzid":"Asia/Bahrain"}},
{"type":"Feature","geometry":{"type":"MultiPolygon","coordinates":[[[[46.1407,38.8445],[45.7989,39.5713],[45.4734,39.4905],[44.7657,39.7145],[44.8094,39.6273],[45.455,38.9905],[46.1407,38.8445]]],[[[45.015,41.297],[45.608,40.8507],[45.3633,40.6548],[45.9785,40.1905],[45.7806,39.9468],[46.5821,39.5498],[46.534,38.8672],[47.3776,39.4549],[48.0316,39.6922],[48.3676,39.3771],[48.0103,38.9073],[48.6593,38.3934],[49.1369,38.4516],[49.5191,38.8739],[49.6523,39.4234],[49.894,39.4747],[49.8861,40.0877],[50.9372,40.0076],[51.118,40.3597],[50.4357,40.7246],[49.8147,40.7795],[48.809,41.9613],[47.8845,41.2185],[47.2579,41.3393],[47.1134,41.5953],[46.4221,41.908],[46.1813,41.7343],[46.7294,41.2907],[46.5014,41.0595],[45.3102,41.4729],[45.015,41.297]]]]},"properties":{"tzid":"Asia/Baku"}},
{"type":"Feature","geometry":{"type":"MultiPolygon","coordinates":[[[[107.2961,17.527],[106.195,18.8603],[106.1569,19.3015],[107.3321,20.4461],[108.1827,21.0592],[108.2086,21.2097],[107.8154,21.6587],[107.3621,21.5997],[106.7366,22.0075],[106.5928,22.9328],[105.8902,22.9393],[105.3221,23.3924],[104.8018,23.1162],[104.8617,22.9416],[103.9641,22.5058],[103.3181,22.8038],[103.0806,22.451],[102.5079,22.7784],[102.1439,22.4005],[102.6444,21.8595],[102.9884,21.7208],[102.8972,21.3047],[103.1095,20.9005],[103.6833,20.6616],[104.1216,20.9704],[104.638,20.6713],[104.6305,20.2293],[104.9721,20.0981],[104.5258,19.6158],[104.0719,19.6822],[103.8754,19.3065],[104.7399,18.8004],[105.1339,18.7167],[105.1035,18.4476],[106.0817,17.3713],[106.5492,16.9982],[106.7722,16.9308],[107.2961,17.527]]],[[[100.0847,20.3523],[99.4991,20.3842],[99.5388,20.1481],[99.0771,20.1017],[99.0147,19.7937],[98.566,19.6721],[98.0339,19.8048],[97.8634,19.577],[97.7678,18.5779],[97.3868,18.5054],[97.6716,17.8799],[98.3468,17.0478],[98.8054,16.1046],[98.5606,16.0342],[98.5596,15.336],[98.1981,15.2343],[98.2458,14.8316],[99.167,13.7261],[99.0995,13.0727],[99.6591,11.8288],[99.2288,11.1129],[98.7797,10.6782],[98.5268,9.9246],[98.2798,9.7667],[97.7163,9.6059],[97.5034,8.8109],[97.4704,8.7692],[97.4875,8.3581],[97.5013,8.3417],[97.766,8.3036],[98.0009,8.7375],[98.1233,7.4019],[98.3997,7.2819],[98.5714,7.5484],[98.8846,7.0898],[99.3089,6.7676],[98.9603,6.5482],[99.225,6.2847],[99.5089,6.4844],[100.1236,6.4228],[100.1716,6.6938],[101.1121,6.2519],[101.1359,5.6129],[101.5813,5.9344],[101.944,5.8725],[102.1589,6.4363],[102.1901,7.4349],[100.894,8.5275],[100.1521,10.0691],[99.6294,10.5877],[99.8163,11.4033],[100.2231,12.1357],[100.2159,12.3843],[101.1644,12.4359],[102.04,12.1307],[102.2156,11.6656],[102.757,11.4017],[102.9142,11.6552],[102.3494,13.2774],[103.1419,14.3263],[104.8058,14.4374],[105.2065,14.3433],[105.5388,14.5835],[105.4665,15.1308],[105.6347,15.6626],[105.4236,16.0062],[105.0469,16.1026],[104.7351,16.5455],[104.796,17.4018],[104.2712,17.8698],[103.973,18.3369],[103.4035,18.4484],[103.0729,18.0223],[102.6132,17.9408],[102.0883,18.2203],[101.3065,17.6507],[100.9676,17.5715],[101.184,18.0651],[101.0524,18.4264],[101.3541,19.0482],[101.2803,19.5826],[100.4855,19.5433],[100.5785,20.1678],[100.0847,20.3523]]],[[[107.5651,20.2718],[107.5563,19.9933],[107.9303,20.0377],[107.5651,20.2718]]]]},"properties":{"tzid":"Asia/Bangkok"}},
{"type":"Feature","geometry":{"type":"Polygon","coordinates":[[[77.9065,53.2914],[79.1874,51.9233],[80.0757,50.7384],[80.6773,51.316],[81.5834,50.742],[82.5675,50.7468],[83.4072,51.0132],[83.8337,50.88],[84.3625,50.2055],[85.0493,50.0104],[85.2107,49.6274],[86.2716,49.5827],[86.7827,49.7891],[87.2863,49.1158],[87.8145,49.1705],[88.2218,49.4797],[88.8471,49.4436],[89.7256,49.7273],[89.5927,49.9131],[89.5033,50.46],[89.8649,50.4697],[89.0556,51.0464],[88.792,51.554],[88.4473,51.2841],[87.856,51.552],[88.3776,52.1776],[88.4483,52.4258],[87.1189,52.5986],[86.906,53.4136],[86.1243,53.9809],[85.116,54.4378],[84.5479,54.1629],[83.1978,54.0658],[82.4863,53.4943],[81.132,54.1118],[80.9517,54.3755],[79.6396,53.7437],[77.9104,53.5725],[77.9065,53.2914]]]},"properties":{"tzid":"Asia/Barnaul"}},
{"type":"Feature","geometry":{"type":"Polygon","coordinates":[[[34.8826,33.172],[35.5036,33.0898],[35.7733,33.3356],[36.0655,33.82],[36.625,34.2039],[36.4149,34.6113],[35.6745,34.686],[34.8826,33.172]]]},"properties":{"tzid":"Asia/Beirut"}},
{"type":"Feature","geometry":{"type":"Polygon","coordinates":[[[73.6003,39.4597],[73.8744,39.4832],[74.0421,40.0995],[74.3446,40.0935],[74.8378,40.5219],[75.6008,40.6633],[75.6915,40.2846],[76.4398,40.3891],[76.9636,41.0584],[77.7651,41.0144],[78.1459,41.3676],[80.1406,42.03],[80.175,42.2108],[79.0292,42.7626],[76.8352,42.982],[76.3438,42.8608],[75.2313,42.8536],[74.2039,43.2669],[73.5498,43.0284],[73.5208,42.4218],[71.8361,42.8386],[71.2668,42.77],[70.9433,42.2635],[71.2691,42.1964],[70.1732,41.5164],[70.7172,41.4658],[70.776,41.2166],[71.862,41.2008],[72.9391,40.8004],[71.7238,40.15],[70.9846,40.2224],[70.5162,39.9555],[70.5159,39.9553],[70.5137,39.9568],[70.514,39.9571],[70.0161,40.2318],[69.5122,40.0822],[69.3376,39.5479],[70.8295,39.3886],[71.5148,39.6115],[72.2206,39.1826],[72.6192,39.3981],[73.6003,39.4597]]]},"properties":{"tzid":"Asia/Bishkek"}},
{"type":"Feature","geometry":{"type":"Polygon","coordinates":[[[114.0026,4.7739],[114.6492,4.0062],[115.0669,4.8708],[115.2723,4.4477],[115.2322,5.0967],[114.9279,5.1521],[114.0026,4.7739]]]},"properties":{"tzid":"Asia/Brunei"}},
{"type":"Feature","geometry":{"type":"Polygon","coordinates":[[[116.7137,49.8457],[117.8791,49.5125],[119.3527,50.1945],[119.1514,50.3581],[120.1373,51.6729],[120.6338,51.9204],[120.7226,52.5299],[120.0266,52.7763],[120.6835,53.1711],[122.1118,53.4315],[121.6559,54.3578],[121.9299,54.5691],[121.8995,55.6195],[121.3363,55.5302],[121.1938,56.0412],[120.1206,55.8658],[120.5392,56.2663],[119.6779,56.7393],[119.6912,57.1789],[119.0582,57.7262],[119.1168,58.2381],[118.2544,58.3977],[117.4722,58.326],[117.1199,57.8608],[117.57,56.8703],[116.7429,56.7388],[115.7297,56.9622],[115.412,56.6061],[115.7998,56.4395],[115.878,55.4947],[116.3523,55.3845],[116.92,54.797],[116.5321,54.4684],[115.6058,54.4149],[114.8675,53.9544],[113.7752,53.5887],[114.3069,53.0309],[114.082,52.6796],[111.0158,51.7919],[110.7105,51.5166],[110.0482,51.6236],[109.2354,51.3616],[108.6822,51.5034],[108.1819,50.6499],[108.6791,50.5373],[107.7345,50.1532],[107.7543,49.9706],[108.5175,49.3227],[110.8193,49.182],[113.0439,49.6082],[113.2184,49.8371],[114.1784,50.243],[114.8312,50.2237],[115.7445,49.8876],[116.233,50.0359],[116.7137,49.8457]]]},"properties":{"tzid":"Asia/Chita"}},
{"type":"Feature","geometry":{"type":"Polygon","coordinates":[[[79.4925,8.8979],[79.7153,8.855],[79.4907,8.213],[79.6425,6.897],[79.883,6.101],[80.5707,5.72],[81.4285,6.029],[81.8655,6.381],[82.0784,6.992],[81.9923,7.62],[81.5416,8.569],[80.9846,9.398],[80.1882,10.034],[79.7633,9.936],[79.4624,9.475],[79.4925,8.8979]]]},"properties":{"tzid":"Asia/Colombo"}},
{"type":"Feature","geometry":{"type":"Polygon","coordinates":[[[35.6745,34.686],[36.4149,34.6113],[36.625,34.2039],[36.0655,33.82],[35.7733,33.3356],[35.7565,32.7453],[36.4019,32.3784],[36.8392,32.3118],[38.793,33.3734],[40.6399,34.3151],[41.2274,34.7785],[41.2558,36.06],[41.4022,36.5242],[41.8172,36.5876],[42.3494,37.1127],[40.9155,37.1313],[39.8199,36.7563],[38.7469,36.7066],[38.2368,36.9228],[37.4741,36.6331],[36.6651,36.827],[36.1731,35.8266],[35.6922,36.0338],[35.4744,35.6171],[35.6757,35.315],[35.6745,34.686]]]},"properties":{"tzid":"Asia/Damascus"}},
{"type":"Feature","geometry":{"type":"Polygon","coordinates":[[[89.1853,21.4362],[90.77,21.4365],[91.8332,21.2491],[92.168,20.4396],[92.4031,20.3823],[92.1732,21.1803],[92.27,21.4294],[92.6802,21.2858],[92.6074,21.9747],[92.2792,23.7264],[91.9564,23.7362],[91.817,23.1012],[91.3962,23.0575],[91.1635,23.5962],[91.3759,24.1054],[91.915,24.1501],[92.4282,25.0314],[92.0475,25.1869],[90.4493,25.1451],[89.8144,25.3739],[89.8873,25.9452],[89.5557,25.9653],[89.0908,26.3883],[88.5182,26.3516],[88.0855,25.9145],[88.9219,25.1647],[88.4429,25.1975],[88.0079,24.6678],[88.7394,24.2447],[88.5604,23.6363],[88.9426,23.2063],[88.8606,22.9423],[89.0982,22.1516],[89.1853,21.4362]]]},"properties":{"tzid":"Asia/Dhaka"}},
{"type":"Feature","geometry":{"type":"MultiPolygon","coordinates":[[[[124.0789,-9.3258],[124.439,-9.3319],[124.4924,-8.9693],[124.0834,-9.0736],[124.0789,-9.3258]]],[[[127.5429,-8.4206],[127.2373,-8.2376],[126.6582,-8.2152],[125.857,-8.2502],[125.5029,-8.197],[125.0024,-8.5283],[124.94,-9.0466],[125.238,-9.6097],[126.6039,-9.1043],[127.5,-8.5634],[127.5019,-8.5609],[127.5429,-8.4206]]]]},"properties":{"tzid":"Asia/Dili"}},
{"type":"Feature","geometry":{"type":"MultiPolygon","coordinates":[[[[53.9783,25.2381],[54.453,25.1577],[54.357,25.4123],[53.9783,25.2381]]],[[[55.8884,26.1517],[55.7682,25.926],[55.0679,25.5006],[54.9044,25.2261],[54.0142,24.5548],[53.5748,24.5934],[52.8039,25.3547],[52.5211,25.0006],[52.488,24.9925],[52.45,24.983],[52.3473,24.8742],[52.0918,24.6104],[51.8329,24.7685],[51.5861,24.6642],[51.4161,24.3932],[52.581,22.9392],[55.1373,22.6316],[55.2114,22.7054],[55.2323,23.1103],[55.5723,23.6296],[55.4851,23.9399],[56.0174,24.0665],[55.7648,24.5297],[55.8129,24.9107],[56.0811,24.7433],[56.5941,25.0088],[56.5492,25.6927],[56.2019,25.612],[56.1955,25.9793],[55.8884,26.1517]]]]},"properties":{"tzid":"Asia/Dubai"}},
{"type":"Feature","geometry":{"type":"Polygon","coordinates":[[[73.6003,39.4597],[72.6192,39.3981],[72.2206,39.1826],[71.5148,39.6115],[70.8295,39.3886],[69.3376,39.5479],[69.5122,40.0822],[70.0161,40.2318],[70.514,39.9571],[70.5162,39.9555],[70.9846,40.2224],[70.3282,40.4552],[70.7958,40.7325],[70.4694,41.0419],[69.6693,40.6341],[69.3735,40.7906],[69.3055,40.1951],[69.0357,40.2287],[68.5242,39.5321],[67.4994,39.5839],[67.343,39.2317],[68.0945,39.023],[68.0619,38.3927],[68.4053,38.1807],[67.8623,37.5924],[67.7809,37.1816],[68.0138,36.9276],[68.9578,37.3227],[69.2565,37.0934],[69.5104,37.5784],[70.1727,37.5317],[70.1711,37.9302],[70.7702,38.456],[71.3734,38.2568],[71.2522,37.9301],[71.5958,37.8075],[71.4319,37.0564],[71.8436,36.6806],[73.3007,37.4621],[74.2389,37.4138],[74.8899,37.2341],[75.154,37.4096],[74.6955,38.4249],[73.8037,38.6118],[73.6003,39.4597]]]},"properties":{"tzid":"Asia/Dushanbe"}},
{"type":"Feature","geometry":{"type":"Polygon","coordinates":[[[34.2305,35.1766],[34.8536,35.7345],[34.5134,35.8987],[33.5535,35.562],[32.9012,35.605],[32.6712,35.3991],[32.8348,35.0833],[33.4771,35.046],[34.2305,35.1766]]]},"properties":{"tzid":"Asia/Famagusta"}},
{"type":"Feature","geometry":{"type":"Polygon","coordinates":[[[34.0547,31.4668],[34.2675,31.2201],[34.5667,31.5415],[34.2956,31.7054],[34.0547,31.4668]]]},"properties":{"tzid":"Asia/Gaza"}},
{"type":"Feature","geometry":{"type":"Polygon","coordinates":[[[35.555,32.389],[35.2246,32.5521],[34.9596,32.1757],[34.9247,31.3421],[35.476,31.4931],[35.555,32.389]]]},"properties":{"tzid":"Asia/Hebron"}},
{"type":"Feature","geometry":{"type":"MultiPolygon","coordinates":[[[[114.5525,10.1018],[114.5958,10.2112],[114.6861,10.5841],[114.4487,10.5478],[114.3465,10.3268],[114.2858,10.3504],[114.1557,9.9874],[114.0949,9.6525],[114.4501,9.5961],[114.7614,9.8582],[114.5525,10.1018]]],[[[106.5492,16.9982],[107.3931,15.8872],[107.6029,15.421],[107.5566,14.6861],[107.3361,14.1072],[107.6312,13.3604],[107.4956,13.0272],[107.5436,12.3502],[106.4125,11.9724],[106.4528,11.6724],[106.0247,11.7748],[105.8645,11.2901],[106.1883,10.838],[105.7795,11.0312],[104.8685,10.5217],[104.5877,10.5273],[103.0522,9.4111],[103.2944,9.1217],[104.9024,8.1811],[106.7998,8.4861],[109.1806,9.7905],[109.284,9.9385],[109.6662,12.6022],[109.5539,13.9259],[109.3553,15.4112],[107.2961,17.527],[106.7722,16.9308],[106.5492,16.9982]]],[[[114.4852,11.2996],[114.1846,11.5627],[114.1796,11.2276],[114.4039,11.2185],[114.4852,11.2996]]],[[[112.4999,9.0686],[111.9943,8.8305],[111.559,8.834],[111.6044,8.4822],[112.4987,8.6347],[112.5001,8.6343],[112.7892,8.6694],[112.7012,9.0177],[112.5009,9.0676],[112.4999,9.0686]]],[[[113.0958,8.2277],[112.7214,7.8664],[113.0087,7.7119],[113.5532,8.3057],[113.0958,8.2277]]],[[[114.203,8.9129],[113.6863,9.1727],[113.5427,8.792],[114.1099,8.5282],[114.203,8.9129]]],[[[114.0613,10.0874],[114.021,10.2192],[113.6987,10.2209],[113.6702,9.9112],[114.0613,10.0874]]]]},"properties":{"tzid":"Asia/Ho_Chi_Minh"}},
{"type":"Feature","geometry":{"type":"Polygon","coordinates":[[[114.0608,22.5144],[113.8966,22.1425],[114.5024,22.1485],[114.434,22.562],[114.0608,22.5144]]]},"properties":{"tzid":"Asia/Hong_Kong"}},
{"type":"Feature","geometry":{"type":"Polygon","coordinates":[[[93.2045,45.0025],[93.1131,45.7425],[93.6483,46.3934],[93.5011,46.5988],[94.3068,46.7787],[93.9911,47.3063],[93.1824,47.9656],[93.4295,48.4243],[94.097,48.7891],[94.7269,48.6776],[95.5257,48.8876],[95.726,49.3587],[95.5054,49.9073],[94.6148,50.0354],[94.2404,50.5878],[93.0498,50.6011],[93.0319,50.768],[91.8551,50.7338],[89.5927,49.9131],[89.7256,49.7273],[88.8471,49.4436],[88.2218,49.4797],[87.8145,49.1705],[87.955,48.5938],[89.0626,47.9883],[90.0843,47.8681],[90.9021,46.9574],[91.022,46.0223],[90.6703,45.487],[91.5586,45.0683],[93.2045,45.0025]]]},"properties":{"tzid":"Asia/Hovd"}},
{"type":"Feature","geometry":{"type":"Polygon","coordinates":[[[107.7543,49.9706],[107.7345,50.1532],[108.6791,50.5373],[108.1819,50.6499],[108.6822,51.5034],[109.2354,51.3616],[110.0482,51.6236],[110.7105,51.5166],[111.0158,51.7919],[114.082,52.6796],[114.3069,53.0309],[113.7752,53.5887],[114.8675,53.9544],[115.6058,54.4149],[116.5321,54.4684],[116.92,54.797],[116.3523,55.3845],[115.878,55.4947],[115.7998,56.4395],[115.412,56.6061],[115.7297,56.9622],[116.7429,56.7388],[117.57,56.8703],[117.1199,57.8608],[117.4722,58.326],[118.2544,58.3977],[119.1168,58.2381],[118.7768,58.6114],[118.7652,59.4202],[118.0701,59.6251],[117.1121,59.6098],[117.3472,60.0242],[115.6966,60.549],[112.4415,58.9181],[112.6515,59.3136],[112.2513,59.5284],[111.6498,59.2238],[110.7205,59.2809],[109.8219,58.9888],[109.2523,59.4669],[109.7403,60.2486],[110.5423,61.0878],[109.7618,61.3317],[109.5753,61.9147],[109.9109,62.437],[109.0781,63.5777],[108.1357,63.6083],[108.7312,63.8429],[108.0868,64.2468],[107.5656,63.8974],[106.6607,64.026],[106.193,62.921],[106.7731,62.6387],[105.9799,61.6905],[104.91,61.3954],[104.5037,60.6156],[105.4646,60.2522],[104.7621,59.6848],[105.3681,59.1181],[104.4675,58.6088],[103.0186,59.3184],[102.4265,59.145],[102.521,58.7083],[101.1066,58.1014],[100.5156,57.494],[100.091,58.0686],[98.9789,57.7178],[97.9532,57.8286],[97.3433,57.0315],[97.88,56.3754],[97.1319,56.1125],[96.744,55.6568],[96.9279,55.3019],[96.4864,54.5159],[95.6472,54.2939],[96.4851,53.6916],[96.8964,53.7254],[98.3121,53.0948],[99.054,53.109],[98.6324,52.4224],[98.9692,52.1426],[101.3701,51.4558],[102.1243,51.3616],[102.2097,50.817],[103.2563,50.1929],[104.1392,50.1394],[105.3547,50.4795],[106.8157,50.2982],[107.2572,49.9882],[107.7543,49.9706]]]},"properties":{"tzid":"Asia/Irkutsk"}},
{"type":"Feature","geometry":{"type":"Polygon","coordinates":[[[97.6636,-0.1693],[98.7059,-1.7818],[99.8447,-2.9645],[100.8791,-4.1514],[101.9269,-5.4827],[102.2238,-5.715],[103.8333,-5.4564],[105.0849,-6.968],[106.3555,-7.5825],[108.2723,-8.0152],[109.4011,-7.9774],[110.6384,-8.3874],[111.6956,-8.6052],[113.2645,-8.7058],[114.9325,-9.0301],[114.431,-8.0839],[114.9406,-7.4628],[116.3438,-7.5601],[116.4842,-5.4139],[114.57,-4.9627],[113.9911,-5.1883],[112.3818,-4.9691],[110.1526,-4.6367],[109.0698,-4.0388],[109.3898,-2.4203],[109.3878,-2.0672],[108.5338,-2.0091],[108.2593,-1.0243],[108.1387,0.469],[108.2694,1.0419],[108.9612,2.0549],[109.7135,2.3149],[109.0877,3.1321],[108.2007,4.8869],[108.0329,4.9966],[107.5521,4.6269],[107.2953,4.22],[105.4747,3.2611],[105.2067,2.8427],[105.3681,2.3106],[104.7754,1.3412],[104.5712,1.4441],[104.4024,1.3186],[104.129,1.2726],[103.5656,1.1957],[103.035,1.3183],[100.8231,3.0157],[99.5901,3.9562],[98.4171,4.5837],[98.0698,5.018],[97.5018,5.4508],[96.8563,5.4744],[95.9736,5.6874],[95.2482,6.2283],[94.9326,6.1633],[94.789,5.7121],[95.1626,4.8362],[95.1844,2.9802],[96.8682,1.3131],[97.1868,0.6395],[97.6636,-0.1693]]]},"properties":{"tzid":"Asia/Jakarta"}},
{"type":"Feature","geometry":{"type":"Polygon","coordinates":[[[126.6582,-8.2152],[127.2373,-8.2376],[127.5429,-8.4206],[128.5336,-8.5513],[129.822,-8.4263],[130.8604,-8.5396],[131.8619,-7.8115],[132.8944,-6.2872],[134.0788,-7.1152],[134.6085,-7.2854],[134.8445,-7.1484],[135.1101,-6.371],[135.0422,-5.6804],[136.1482,-4.8733],[137.5747,-5.5397],[138.1687,-6.4026],[137.4909,-8.164],[137.613,-8.6493],[138.9083,-8.6364],[139.4114,-8.4878],[140.9152,-9.3047],[141.0194,-9.1356],[141,-6.3223],[141,-3.932],[141.013,-2.4022],[140.2441,-2.1429],[138.808,-1.3967],[137.97,-1.2604],[136.4714,-0.8855],[135.4097,-0.2395],[134.5051,1.0473],[134.1685,1.0935],[132.6509,-0.1573],[132.2717,-0.1402],[131.4498,1.18],[131.1153,1.2268],[130.6558,0.7458],[129.2749,0.9126],[128.9349,1.6281],[128.8987,2.4364],[128.7188,2.7827],[127.754,3.4076],[127.0874,2.9047],[125.912,1.7406],[125.5261,0.937],[125.5225,0.253],[124.8694,-0.5534],[123.9232,-1.4616],[124.4006,-2.5608],[124.9619,-2.7956],[124.9619,-3.7628],[125.5962,-4.729],[125.5501,-6.7574],[125.5029,-8.197],[125.857,-8.2502],[126.6582,-8.2152]]]},"properties":{"tzid":"Asia/Jayapura"}},
{"type":"Feature","geometry":{"type":"Polygon","coordinates":[[[35.555,32.389],[35.7565,32.7453],[35.7733,33.3356],[35.5036,33.0898],[34.8826,33.172],[34.2956,31.7054],[34.5667,31.5415],[34.2675,31.2201],[34.9212,29.4534],[35.162,30.4413],[35.4165,30.9509],[35.476,31.4931],[35.555,32.389]]]},"properties":{"tzid":"Asia/Jerusalem"}},
{"type":"Feature","geometry":{"type":"Polygon","coordinates":[[[60.8729,29.8585],[62.471,29.3896],[63.5767,29.4871],[64.117,29.3774],[64.5714,29.5864],[65.0651,29.5294],[66.2499,29.8495],[66.3873,30.9237],[67.0382,31.3102],[67.4,31.211],[68.171,31.8353],[68.7898,31.6224],[69.3236,31.9276],[69.2658,32.5214],[69.5724,33.0981],[70.3095,33.3384],[69.9034,34.0398],[70.5469,33.943],[71.0826,34.0638],[71.089,34.6732],[71.6806,35.2163],[71.195,36.0396],[71.657,36.4836],[72.2466,36.7524],[74.5646,37.0309],[74.8899,37.2341],[74.2389,37.4138],[73.3007,37.4621],[71.8436,36.6806],[71.4319,37.0564],[71.5958,37.8075],[71.2522,37.9301],[71.3734,38.2568],[70.7702,38.456],[70.1711,37.9302],[70.1727,37.5317],[69.5104,37.5784],[69.2565,37.0934],[68.9578,37.3227],[68.0138,36.9276],[67.7809,37.1816],[66.5515,37.3544],[65.7059,37.5395],[65.5559,37.2407],[64.9898,37.2182],[64.6363,36.4423],[63.9892,36.0363],[63.108,35.8223],[63.0991,35.418],[62.3055,35.1291],[62.0643,35.4344],[61.2741,35.6048],[60.9845,34.6198],[60.5176,34.0618],[60.6262,33.5822],[60.9028,33.54],[60.5834,33.1299],[60.8829,32.1977],[60.8561,31.4865],[61.7067,31.3759],[61.8031,30.8353],[60.8729,29.8585]]]},"properties":{"tzid":"Asia/Kabul"}},
{"type":"Feature","geometry":{"type":"MultiPolygon","coordinates":[[[[168.2054,54.7789],[167.6015,55.0574],[167.1584,54.714],[167.9743,54.308],[168.4455,54.4887],[168.2054,54.7789]]],[[[165.733,55.5164],[165.4048,55.2712],[166.1137,54.6916],[166.9091,54.5348],[166.9882,54.8978],[166.5983,55.4055],[165.733,55.5164]]],[[[174.5024,61.6078],[174.1589,62.4243],[173.6722,62.5468],[172.767,62.3504],[170.1849,62.306],[169.852,62.6565],[168.4664,63.0835],[169.5717,63.8077],[168.8002,64.1836],[167.6907,64.3185],[167.2316,64.6232],[166.0407,64.5491],[165.024,64.8383],[163.5033,64.9161],[163.2648,64.6933],[163.4957,64.3581],[162.8674,64.1627],[162.996,63.6244],[162.2796,62.9033],[162.8274,62.6612],[162.7353,62.2652],[162.1748,62.1673],[162.4664,61.6657],[162.0021,60.8668],[161.0757,60.3945],[161.4118,60.3189],[160.1899,59.6807],[159.2182,58.8459],[157.963,58.1845],[157.5306,58.2003],[157.4989,58.1923],[156.4019,57.7353],[156.6098,57.4329],[155.6648,56.7726],[155.2967,55.9797],[155.2152,55.2323],[155.8146,52.8366],[156.106,52.245],[156.3833,51.0593],[156.8029,50.6856],[157.48,51.0711],[157.5158,51.088],[158.1748,51.5162],[158.7995,52.1593],[160.2818,52.9511],[162.4701,54.6762],[163.3509,55.8888],[163.724,56.1357],[163.6934,57.7104],[163.8432,58.337],[164.9201,58.7336],[167.1636,60.0737],[168.3267,60.3853],[169.1166,60.3517],[169.899,59.8075],[170.7982,59.8987],[171.3875,60.378],[172.4715,60.746],[172.5031,60.7625],[174.5024,61.6078]]]]},"properties":{"tzid":"Asia/Kamchatka"}},
{"type":"Feature","geometry":{"type":"Polygon","coordinates":[[[67.9544,23.4747],[68.3981,23.9701],[68.8567,24.2139],[69.5943,24.2924],[70.025,24.171],[70.5731,24.4223],[70.986,24.3653],[71.0948,24.691],[70.6648,25.3969],[70.674,25.6758],[70.101,25.9389],[70.1743,26.5513],[69.5103,26.7435],[69.5868,27.1833],[70.3722,28.0118],[70.7594,27.7212],[71.8987,27.9597],[72.4038,28.783],[72.9458,29.0279],[73.397,29.9459],[73.9727,30.1983],[73.8798,30.3598],[74.4165,30.9403],[74.6533,31.4552],[74.4866,31.7151],[75.3375,32.3218],[74.7117,32.4787],[73.9614,33.7235],[73.9688,34.6857],[74.3097,34.7825],[75.7851,34.5137],[77.1104,35.0489],[76.7771,35.6583],[76.1456,35.8359],[75.9394,36.5978],[75.3756,36.9465],[74.5646,37.0309],[72.2466,36.7524],[71.657,36.4836],[71.195,36.0396],[71.6806,35.2163],[71.089,34.6732],[71.0826,34.0638],[70.5469,33.943],[69.9034,34.0398],[70.3095,33.3384],[69.5724,33.0981],[69.2658,32.5214],[69.3236,31.9276],[68.7898,31.6224],[68.171,31.8353],[67.4,31.211],[67.0382,31.3102],[66.3873,30.9237],[66.2499,29.8495],[65.0651,29.5294],[64.5714,29.5864],[64.117,29.3774],[63.5767,29.4871],[62.471,29.3896],[60.8729,29.8585],[61.91,28.5644],[62.793,28.2789],[62.8118,27.2232],[63.1987,27.2594],[63.1932,26.6461],[62.3142,26.5199],[61.8602,26.176],[61.5821,24.8353],[64.6014,24.9497],[65.185,25.0929],[66.5311,24.655],[67.4962,23.6109],[67.5008,23.6087],[67.9544,23.4747]]]},"properties":{"tzid":"Asia/Karachi"}},
{"type":"Feature","geometry":{"type":"Polygon","coordinates":[[[81.0348,30.1975],[80.5411,30.4488],[80.8625,30.1693],[80.4931,29.7952],[80.0587,28.9166],[81.2106,28.3606],[81.9,27.8536],[82.07,27.9237],[82.7365,27.5024],[83.8558,27.3519],[84.0972,27.5163],[84.6227,27.3359],[84.6433,27.0462],[85.3341,26.7419],[85.6239,26.8739],[86.7269,26.4247],[87.0714,26.5858],[87.3409,26.3478],[88.0951,26.4379],[87.9908,27.1066],[88.135,27.8816],[87.226,27.8202],[86.1884,28.1729],[85.9473,27.9416],[85.712,28.3858],[85.1083,28.3464],[84.2262,28.8931],[84.2024,29.2362],[83.632,29.1592],[83.2174,29.6049],[82.1665,30.0759],[82.1063,30.3491],[81.4386,30.4187],[81.2186,30.0074],[81.0348,30.1975]]]},"properties":{"tzid":"Asia/Kathmandu"}},
{"type":"Feature","geometry":{"type":"Polygon","coordinates":[[[132.7411,64.5931],[132.9632,64.3534],[132.2088,63.7032],[132.8134,63.3535],[134.0033,63.3751],[134.1322,62.6227],[135.0218,62.5107],[135.628,61.9832],[134.9912,61.4096],[133.1005,61.2608],[133.1258,60.6984],[132.4829,60.6241],[131.6178,59.7423],[131.765,59.1872],[132.5623,58.8651],[133.5186,59.3123],[135.1933,59.1144],[135.8906,59.514],[136.7686,59.3379],[138.0222,59.6695],[138.6491,61.2973],[139.5538,61.4736],[140.5568,62.414],[139.5546,62.8056],[139.716,63.2904],[140.6421,63.5017],[140.7888,64.1665],[139.3538,65.0149],[140.3415,65.5645],[140.1774,65.8845],[139.2999,66.0198],[137.6236,65.9971],[136.4457,66.2001],[133.8811,65.2034],[133.2104,65.28],[132.7411,64.5931]]]},"properties":{"tzid":"Asia/Khandyga"}},
{"type":"Feature","geometry":{"type":"MultiPolygon","coordinates":[[[[94.1476,13.6177],[94.1383,13.2705],[94.4784,13.4109],[94.1476,13.6177]]],[[[93.8646,12.4892],[93.8221,12.0679],[94.0781,12.3181],[93.8646,12.4892]]],[[[93.047,13.8747],[92.7082,13.6934],[92.4929,13.1541],[92.4625,12.5743],[92.0142,11.6736],[92.0066,10.9724],[92.5267,9.0859],[93.4758,6.9215],[93.7545,6.5644],[94.0762,6.7122],[94.1389,7.0663],[93.7319,7.799],[93.8489,8.3278],[93.6781,8.771],[93.3901,8.3947],[93.1448,8.6474],[92.6402,10.3483],[92.9381,11.1348],[92.9604,11.6157],[93.2888,11.8127],[93.1584,12.8153],[93.3045,13.4738],[93.2271,13.778],[93.047,13.8747]]],[[[72.1977,12.4055],[71.8461,12.599],[71.5281,12.0258],[71.8004,11.1218],[72.0345,9.9768],[72.8256,8.1944],[73.2528,8.2068],[73.8679,10.1264],[73.8224,10.9788],[73.133,11.6513],[72.1977,12.4055]]],[[[80.8625,30.1693],[81.0348,30.1975],[80.5411,30.4488],[79.1423,31.4321],[78.8834,31.2862],[78.7791,31.9666],[78.3935,32.5401],[78.7481,32.6908],[78.9683,32.3357],[79.4607,32.7098],[78.6968,33.6388],[79.0392,34.3341],[78.2901,34.6151],[78.0029,35.2428],[78.1373,35.4917],[77.3793,35.4747],[76.7771,35.6583],[77.1104,35.0489],[75.7851,34.5137],[74.3097,34.7825],[73.9688,34.6857],[73.9614,33.7235],[74.7117,32.4787],[75.3375,32.3218],[74.4866,31.7151],[74.6533,31.4552],[74.4165,30.9403],[73.8798,30.3598],[73.9727,30.1983],[73.397,29.9459],[72.9458,29.0279],[72.4038,28.783],[71.8987,27.9597],[70.7594,27.7212],[70.3722,28.0118],[69.5868,27.1833],[69.5103,26.7435],[70.1743,26.5513],[70.101,25.9389],[70.674,25.6758],[70.6648,25.3969],[71.0948,24.691],[70.986,24.3653],[70.5731,24.4223],[70.025,24.171],[69.5943,24.2924],[68.8567,24.2139],[68.3981,23.9701],[67.9544,23.4747],[68.4226,23.0682],[68.7746,22.1313],[69.9508,20.9605],[70.3409,20.6737],[72.4523,19.7038],[72.6061,18.6623],[72.9334,17.5107],[73.2575,15.8259],[74.1767,14.2739],[74.1405,13.917],[75.0243,11.905],[75.7272,10.7015],[76.3713,8.8023],[77.2494,7.9311],[77.6527,7.8965],[78.181,8.2047],[78.6789,8.914],[79.4925,8.8979],[79.4624,9.475],[79.1237,9.5049],[79.4564,10.111],[80.0844,10.2541],[79.9942,11.684],[80.3376,12.3741],[80.5487,13.2415],[80.4049,14.5679],[80.4172,15.3486],[81.1334,15.5872],[81.3022,15.8176],[82.4991,16.4613],[82.505,16.4681],[83.363,17.4466],[84.2685,18.1621],[84.7027,18.6447],[86.4935,19.7833],[87.239,20.5779],[88.8167,21.1968],[89.1853,21.4362],[89.0982,22.1516],[88.8606,22.9423],[88.9426,23.2063],[88.5604,23.6363],[88.7394,24.2447],[88.0079,24.6678],[88.4429,25.1975],[88.9219,25.1647],[88.0855,25.9145],[88.5182,26.3516],[89.0908,26.3883],[89.5557,25.9653],[89.8873,25.9452],[89.8144,25.3739],[90.4493,25.1451],[92.0475,25.1869],[92.4282,25.0314],[91.915,24.1501],[91.3759,24.1054],[91.1635,23.5962],[91.3962,23.0575],[91.817,23.1012],[91.9564,23.7362],[92.2792,23.7264],[92.6074,21.9747],[93.1617,22.1956],[93.1255,23.0392],[93.3136,23.0198],[93.4363,23.6783],[93.3281,24.0801],[94.1561,23.8471],[94.7137,24.9302],[94.5856,25.2678],[95.0497,25.7924],[95.2339,26.6825],[96.0222,27.18],[96.7966,27.3458],[97.3456,28.2157],[96.6455,28.6195],[96.2656,29.2444],[95.9669,29.3746],[95.2723,29.0744],[94.6936,29.3179],[93.7094,28.6644],[93.2505,28.5493],[92.6507,27.9148],[91.9248,27.7166],[91.5656,27.8187],[91.652,27.4834],[92.0169,27.4804],[92.1025,26.8695],[90.6911,26.7718],[90.4162,26.904],[89.7716,26.7022],[89.1304,26.8089],[88.9055,27.274],[88.9212,27.3275],[88.8361,28.0153],[88.135,27.8816],[87.9908,27.1066],[88.0951,26.4379],[87.3409,26.3478],[87.0714,26.5858],[86.7269,26.4247],[85.6239,26.8739],[85.3341,26.7419],[84.6433,27.0462],[84.6227,27.3359],[84.0972,27.5163],[83.8558,27.3519],[82.7365,27.5024],[82.07,27.9237],[81.9,27.8536],[81.2106,28.3606],[80.0587,28.9166],[80.4931,29.7952],[80.8625,30.1693]]]]},"properties":{"tzid":"Asia/Kolkata"}},
{"type":"Feature","geometry":{"type":"MultiPolygon","coordinates":[[[[98.9692,52.1426],[98.6324,52.4224],[99.054,53.109],[98.3121,53.0948],[96.8964,53.7254],[96.4851,53.6916],[95.6472,54.2939],[96.4864,54.5159],[96.9279,55.3019],[96.744,55.6568],[97.1319,56.1125],[97.88,56.3754],[97.3433,57.0315],[97.9532,57.8286],[98.9789,57.7178],[100.091,58.0686],[100.5156,57.494],[101.1066,58.1014],[102.521,58.7083],[102.4265,59.145],[103.0186,59.3184],[104.4675,58.6088],[105.3681,59.1181],[104.7621,59.6848],[105.4646,60.2522],[104.5037,60.6156],[104.91,61.3954],[105.9799,61.6905],[106.7731,62.6387],[106.193,62.921],[106.6607,64.026],[107.5656,63.8974],[108.0868,64.2468],[106.0866,64.4305],[105.9505,65.0399],[106.9679,65.5083],[106.415,65.6726],[106.0796,66.8958],[105.508,67.0144],[106.822,67.3341],[106.9056,68.859],[106.1429,69.4094],[109.2011,69.7546],[109.5583,70.3522],[110.5108,70.7656],[112.2492,71.0014],[112.0007,72.1244],[111.0076,72.3903],[110.8502,73.1607],[110.1353,73.3845],[111.8736,74.1051],[110.5302,74.3381],[113.5666,74.8938],[114.4637,75.2847],[114.7116,75.9465],[114.296,76.4235],[112.5151,76.8355],[112.4265,76.8382],[109.6951,76.9566],[108.481,77.4479],[108.4643,78.2939],[106.4353,78.648],[103.4967,79.5468],[101.2897,79.8066],[98.7071,80.3034],[99.0989,80.8621],[97.6081,81.1923],[97.3376,81.2821],[94.8738,81.4464],[92.6204,81.2878],[89.3476,81.3308],[89.6225,80.9101],[91.5405,80.8493],[90.4382,80.494],[89.499,79.4973],[91.4215,79.0116],[96.8667,78.6496],[97.4063,78.146],[97.5799,78.1095],[97.5393,77.7312],[97.2425,77.659],[91.6742,76.2592],[88.9549,75.8944],[88.0114,75.903],[85.6118,75.4297],[82.5647,74.3778],[82.3295,74.3309],[80.2042,73.7593],[77.7299,73.6395],[77.7647,73.0251],[78.6257,72.1713],[80.3786,71.8779],[79.1431,71.3823],[80.584,71.0432],[80.7018,70.4805],[78.9098,69.8567],[79.9541,69.3417],[82.3959,69.1739],[82.8727,68.6743],[82.1328,67.219],[83.1449,66.8303],[83.0775,66.4538],[83.5634,65.762],[84.5094,65.4774],[84.2723,64.9353],[85.8337,64.7843],[85.967,64.0485],[85.2952,63.5111],[85.6198,63.0345],[84.4409,62.1957],[84.6779,61.8081],[85.9611,61.5451],[85.6966,61.2838],[84.2631,60.8625],[84.7915,60.3524],[84.7076,59.8921],[86.6365,59.9487],[87.5142,59.6644],[87.9022,59.2562],[88.6265,59.2951],[88.8287,59.0226],[87.924,58.5113],[88.1067,58.1128],[89.3531,57.9132],[88.8651,57.4436],[88.5966,56.802],[89.3318,55.775],[88.4444,55.3061],[88.732,54.8929],[88.5812,54.3232],[89.2167,54.2498],[88.7588,53.3559],[89.2398,52.8007],[88.3776,52.1776],[87.856,51.552],[88.4473,51.2841],[88.792,51.554],[89.0556,51.0464],[89.8649,50.4697],[89.5033,50.46],[89.5927,49.9131],[91.8551,50.7338],[93.0319,50.768],[93.0498,50.6011],[94.2404,50.5878],[94.6148,50.0354],[95.5054,49.9073],[95.8442,50.0436],[97.2311,49.7429],[98.0699,50.0359],[98.307,50.3225],[97.858,50.9596],[98.0501,51.4502],[98.9692,52.1426]]],[[[82.442,77.2709],[82.6172,77.2655],[82.6119,77.7163],[82.435,77.7247],[82.442,77.2709]]],[[[87.8273,77.1248],[88.1386,76.8734],[89.9117,76.7698],[92.9662,77.6958],[91.721,77.8547],[91.1039,77.5036],[89.1045,77.487],[87.8273,77.1248]]],[[[77.589,80.7559],[78.4504,80.5684],[81.1545,80.6941],[80.9211,81.0114],[78.1892,81.0136],[77.589,80.7559]]],[[[74.9999,79.677],[76.2753,79.3111],[77.7484,79.2849],[78.4789,79.6181],[75.9044,79.8704],[74.9999,79.677]]],[[[92.6892,78.218],[94.4803,78.001],[94.6667,78.3135],[92.6892,78.218]]],[[[82.4258,74.8825],[82.5685,74.9005],[83.1381,75.2987],[82.7129,75.6763],[84.0864,75.9643],[82.584,76.1867],[82.4313,76.1828],[80.9553,76.0202],[81.741,75.6828],[80.851,75.2186],[82.4258,74.8825]]],[[[80.1004,74.7367],[78.47,74.5472],[79.5054,74.3142],[80.1004,74.7367]]]]},"properties":{"tzid":"Asia/Krasnoyarsk"}},
{"type":"Feature","geometry":{"type":"Polygon","coordinates":[[[100.8231,3.0157],[103.035,1.3183],[103.5656,1.1957],[103.6729,1.4284],[104.129,1.2726],[104.4024,1.3186],[104.4877,1.5143],[104.6491,1.6182],[104.7496,2.4122],[104.3336,3.0204],[103.8619,3.3557],[103.8399,4.969],[103.1039,5.996],[102.1589,6.4363],[101.944,5.8725],[101.5813,5.9344],[101.1359,5.6129],[101.1121,6.2519],[100.1716,6.6938],[100.1236,6.4228],[99.5089,6.4844],[99.225,6.2847],[98.7916,5.8228],[98.7714,5.5714],[99.9304,3.8633],[100.8231,3.0157]]]},"properties":{"tzid":"Asia/Kuala_Lumpur"}},
{"type":"Feature","geometry":{"type":"MultiPolygon","coordinates":[[[[114.2473,7.5352],[114.3351,8.0624],[114.706,7.889],[114.9664,8.2347],[114.6408,8.3698],[114.0658,8.2884],[113.7425,8.0677],[113.6621,7.2561],[113.9615,7.2344],[114.2473,7.5352]]],[[[114.9279,5.1521],[115.2322,5.0967],[115.2723,4.4477],[115.0669,4.8708],[114.6492,4.0062],[114.0026,4.7739],[113.7785,4.7166],[113.0084,3.5419],[111.2736,3.0462],[110.4303,1.9957],[109.8318,2.1592],[109.5381,1.9271],[109.662,1.6174],[110.2772,0.9959],[110.8032,0.9006],[111.2315,1.0862],[111.5209,0.9583],[112.143,1.135],[112.486,1.5797],[113.6189,1.23],[114.2054,1.4104],[114.5653,1.4275],[114.7995,2.2494],[115.1397,2.4776],[115.0897,2.8232],[115.4833,3.0196],[115.7073,4.1994],[115.8779,4.391],[117.2424,4.3741],[117.5293,4.1615],[118.1031,4.1667],[118.3198,3.9271],[118.9115,3.9347],[119.1409,4.3833],[119,4.7],[119.4527,5.1403],[119.455,5.3922],[118.6521,6],[117.9667,6.2833],[117.9667,6.5996],[117.914,6.9198],[117.0565,7.6329],[115.4633,6.3707],[114.9279,5.1521]]]]},"properties":{"tzid":"Asia/Kuching"}},
{"type":"Feature","geometry":{"type":"Polygon","coordinates":[[[46.5527,29.1003],[47.4652,28.9999],[47.7045,28.5244],[48.6694,28.6727],[49.0035,28.7988],[48.6716,29.3641],[48.1843,30.0145],[47.3712,30.1036],[47.1394,29.9868],[46.5527,29.1003]]]},"properties":{"tzid":"Asia/Kuwait"}},
{"type":"Feature","geometry":{"type":"Polygon","coordinates":[[[113.5356,22.2023],[113.6102,22.0767],[113.6301,22.1656],[113.5356,22.2023]]]},"properties":{"tzid":"Asia/Macau"}},
{"type":"Feature","geometry":{"type":"MultiPolygon","coordinates":[[[[157.5178,61.4965],[159.1889,61.5464],[159.3905,60.875],[160.2043,60.3724],[161.0757,60.3945],[162.0021,60.8668],[162.4664,61.6657],[162.1748,62.1673],[162.7353,62.2652],[162.8274,62.6612],[162.2796,62.9033],[162.996,63.6244],[162.8674,64.1627],[163.4957,64.3581],[163.2648,64.6933],[161.8481,64.8246],[160.643,65.152],[160.0384,65.5202],[158.9518,65.7272],[159.2299,66.2363],[158.5434,66.3352],[158.5007,66.0935],[157.3352,65.8918],[156.674,66.189],[154.2289,66.048],[153.5285,65.8094],[153.5858,65.3984],[152.7128,65.2134],[152.8473,64.7014],[150.2336,64.2132],[149.5018,64.4053],[148.0552,64.4185],[148.0183,63.9361],[146.3699,64.191],[145.2577,63.2435],[145.199,62.2796],[144.7374,62.0457],[146.2377,61.9001],[146.7398,61.4686],[146.7039,60.9491],[145.5289,60.4948],[145.8574,60.1703],[146.3724,60.2506],[147.2162,59.7321],[146.9499,59.1511],[147.5069,59.037],[150.9834,58.7659],[151.6899,58.6422],[153.0516,58.7214],[155.8224,59.063],[155.7793,59.5191],[154.9753,59.7011],[155.1764,60.1854],[156.1488,60.5416],[157.2362,61.4176],[157.5178,61.4965]]],[[[152.1172,47.357],[151.4196,46.8779],[152.0035,46.6204],[152.5746,47.0999],[152.1172,47.357]]],[[[145.916,43.1526],[147.1232,43.686],[146.7779,44.087],[145.8295,43.6569],[146.2313,44.0235],[146.9926,44.2268],[147.8385,44.7489],[148.9715,45.1582],[149.1735,45.4556],[149.8614,45.4779],[151.0808,46.3293],[151.1903,46.6035],[150.5485,46.9003],[150.4901,46.4243],[150.0301,46.3495],[149.1135,45.6449],[148.5214,45.7154],[147.6846,45.5584],[146.6601,44.6537],[145.8757,44.6104],[145.6337,44.3348],[145.264,43.7317],[145.916,43.1526]]]]},"properties":{"tzid":"Asia/Magadan"}},
{"type":"Feature","geometry":{"type":"Polygon","coordinates":[[[114.9325,-9.0301],[115.57,-9.0204],[116.9754,-9.3062],[118.371,-9.106],[118.9509,-9.8677],[119.9923,-10.5043],[120.4011,-10.5198],[121.1904,-11.0134],[121.8378,-10.8399],[122.972,-11.1858],[124.6041,-10.2817],[125.238,-9.6097],[124.94,-9.0466],[125.0024,-8.5283],[125.5029,-8.197],[125.5501,-6.7574],[125.5962,-4.729],[124.9619,-3.7628],[124.9619,-2.7956],[124.4006,-2.5608],[123.9232,-1.4616],[124.8694,-0.5534],[125.5225,0.253],[125.5261,0.937],[125.912,1.7406],[127.0874,2.9047],[127.754,3.4076],[127.0931,3.8355],[127.3528,4.5596],[127.3066,4.8848],[126.7557,5.6788],[126.4613,5.7258],[125.3346,4.8777],[125.1178,4.2559],[124.9624,2.7892],[124.5541,1.8574],[124.2284,1.3482],[123.1167,1.2486],[120.9083,1.5764],[120.2207,1.2341],[119.1752,1.9315],[118.823,2.3514],[118.3198,3.9271],[118.1031,4.1667],[117.5293,4.1615],[117.2424,4.3741],[115.8779,4.391],[115.7073,4.1994],[115.4833,3.0196],[115.0897,2.8232],[115.1397,2.4776],[114.7995,2.2494],[114.5653,1.4275],[114.2054,1.4104],[113.8955,1.056],[113.85,0.6557],[114.4303,0.5416],[114.9416,0.7742],[115.1374,0.4255],[114.7183,0.0535],[114.9204,-0.2334],[115.2808,-0.0456],[115.3536,-0.8905],[115.5431,-0.8539],[115.7588,-1.3126],[115.4691,-1.4311],[115.3969,-2.0391],[114.597,-2.8161],[114.3492,-3.4609],[113.9911,-5.1883],[114.57,-4.9627],[116.4842,-5.4139],[116.3438,-7.5601],[114.9406,-7.4628],[114.431,-8.0839],[114.9325,-9.0301]],[[124.0789,-9.3258],[124.0834,-9.0736],[124.4924,-8.9693],[124.439,-9.3319],[124.0789,-9.3258]]]},"properties":{"tzid":"Asia/Makassar"}},
{"type":"Feature","geometry":{"type":"MultiPolygon","coordinates":[[[[115.5984,10.7343],[115.8002,10.531],[115.9796,10.9453],[115.5984,10.7343]]],[[[114.8179,11.0812],[115.1486,10.9214],[115.0652,11.2802],[114.8179,11.0812]]],[[[114.6861,10.5841],[114.4039,11.2185],[114.1796,11.2276],[114.1004,11.1443],[114.1483,10.7202],[114.4487,10.5478],[114.6861,10.5841]]],[[[119.1409,4.3833],[119.5797,4.3833],[120.805,5.0368],[122.0221,5.8532],[122.3191,6.2318],[124.185,5.9628],[125.3204,5.1716],[125.6318,5.2682],[126.346,6.1441],[126.7828,7.1973],[126.7697,7.7492],[126.1614,10.8113],[125.7635,12.1583],[125.2289,12.8063],[124.4704,14.1977],[123.1189,14.6626],[122.4608,16.3108],[122.7363,17.1016],[122.5461,18.3355],[122.373,19.9813],[122.1681,21.1488],[121.7463,21.1933],[121.029,19.2764],[120.3574,18.5419],[120.1358,17.6222],[119.5974,16.4142],[119.5771,15.78],[119.8111,13.8888],[119.6495,12.3871],[118.4496,10.1122],[117.3269,9.0346],[116.7301,8.1373],[116.7386,7.741],[117.0565,7.6329],[117.914,6.9198],[117.9667,6.5996],[117.9667,6.2833],[118.6521,6],[119.4789,5.6191],[119.4527,5.1403],[119,4.7],[119.1409,4.3833]]]]},"properties":{"tzid":"Asia/Manila"}},
{"type":"Feature","geometry":{"type":"MultiPolygon","coordinates":[[[[56.5941,25.0088],[56.0811,24.7433],[55.8129,24.9107],[55.7648,24.5297],[56.0174,24.0665],[55.4851,23.9399],[55.5723,23.6296],[55.2323,23.1103],[55.2114,22.7054],[55.6667,22],[55,20],[52,19],[53.1888,16.465],[54.1778,16.8078],[55.0937,16.8125],[55.4722,17.2354],[56.475,17.317],[56.8418,18.4889],[58.0501,18.9455],[57.9218,19.5599],[58.0473,20.1229],[58.713,19.967],[59.1864,20.4635],[59.0403,20.96],[59.5131,21.309],[59.9891,22.115],[59.9806,22.643],[59.6185,22.7645],[58.9086,23.6639],[58.2205,24.0462],[57.2774,24.1161],[56.5941,25.0088]]],[[[55.8884,26.1517],[56.1955,25.9793],[56.2019,25.612],[56.5492,25.6927],[56.7705,26.1529],[56.5462,26.7027],[56.2981,26.6034],[55.8884,26.1517]]]]},"properties":{"tzid":"Asia/Muscat"}},
{"type":"Feature","geometry":{"type":"Polygon","coordinates":[[[32.5103,35.3774],[32.0263,35.0095],[32.2214,34.6191],[32.7442,34.439],[33.2677,34.4993],[34.2978,34.8531],[34.2305,35.1766],[33.4771,35.046],[32.8348,35.0833],[32.6712,35.3991],[32.5926,35.3948],[32.5103,35.3774]]]},"properties":{"tzid":"Asia/Nicosia"}},
{"type":"Feature","geometry":{"type":"Polygon","coordinates":[[[84.4479,56.0416],[84.8562,55.3739],[85.116,54.4378],[86.1243,53.9809],[86.906,53.4136],[87.1189,52.5986],[88.4483,52.4258],[88.3776,52.1776],[89.2398,52.8007],[88.7588,53.3559],[89.2167,54.2498],[88.5812,54.3232],[88.732,54.8929],[88.4444,55.3061],[89.3318,55.775],[88.5966,56.802],[86.1157,56.5009],[84.4479,56.0416]]]},"properties":{"tzid":"Asia/Novokuznetsk"}},
{"type":"Feature","geometry":{"type":"Polygon","coordinates":[[[77.9065,53.2914],[77.9104,53.5725],[79.6396,53.7437],[80.9517,54.3755],[81.132,54.1118],[82.4863,53.4943],[83.1978,54.0658],[84.5479,54.1629],[85.116,54.4378],[84.8562,55.3739],[84.4479,56.0416],[83.5854,55.6708],[83.0648,56.2305],[83.2884,56.4428],[81.5734,56.2419],[81.2203,56.5376],[80.2609,56.4326],[79.5886,56.9232],[78.4475,57.1654],[76.0947,57.2353],[76.3027,56.1556],[75.7316,56.1126],[75.1044,55.7564],[75.3308,54.9136],[75.8008,54.6967],[75.6893,54.1227],[76.7299,54.4186],[76.5365,54.0005],[77.9065,53.2914]]]},"properties":{"tzid":"Asia/Novosibirsk"}},
{"type":"Feature","geometry":{"type":"Polygon","coordinates":[[[75.6893,54.1227],[75.8008,54.6967],[75.3308,54.9136],[75.1044,55.7564],[75.7316,56.1126],[76.3027,56.1556],[76.0947,57.2353],[75.0715,58.1168],[75.1094,58.5757],[74.2196,58.1363],[72.8676,58.0014],[71.2116,58.0545],[70.8478,58.5235],[70.3923,57.7825],[71.6773,56.7652],[70.8011,56.4513],[70.754,55.6091],[70.4607,55.2855],[70.7905,55.2893],[71.2956,54.1842],[72.2797,54.3163],[73.5056,53.9384],[73.2385,53.5673],[75.0536,53.7956],[75.6893,54.1227]]]},"properties":{"tzid":"Asia/Omsk"}},
{"type":"Feature","geometry":{"type":"Polygon","coordinates":[[[54.5448,50.5277],[54.5182,50.8546],[53.3222,51.5095],[52.5956,51.4533],[52.3354,51.7433],[51.4315,51.4749],[50.7682,51.773],[50.3731,51.3326],[49.4547,51.1256],[49.4199,50.8489],[48.6522,50.6011],[48.9034,50.0184],[48.2637,49.8581],[47.8286,50.3296],[47.4317,50.3779],[46.9026,49.8638],[46.7822,49.3399],[47.0287,49.0892],[46.622,48.6677],[46.4932,48.4326],[47.123,48.2685],[49.4138,48.0434],[49.9685,48.0826],[50.9903,48.5871],[51.6492,48.7147],[52.4406,48.4931],[52.7075,48.9959],[53.6257,49.2328],[53.826,49.6008],[54.361,49.6251],[54.5448,50.5277]]]},"properties":{"tzid":"Asia/Oral"}},
{"type":"Feature","geometry":{"type":"Polygon","coordinates":[[[103.0522,9.4111],[104.5877,10.5273],[104.8685,10.5217],[105.7795,11.0312],[106.1883,10.838],[105.8645,11.2901],[106.0247,11.7748],[106.4528,11.6724],[106.4125,11.9724],[107.5436,12.3502],[107.4956,13.0272],[107.6312,13.3604],[107.3361,14.1072],[107.5566,14.6861],[106.838,14.2942],[106.5451,14.5927],[106.0269,14.3458],[106.1882,14.0623],[105.9108,13.9304],[105.2065,14.3433],[104.8058,14.4374],[103.1419,14.3263],[102.3494,13.2774],[102.9142,11.6552],[102.757,11.4017],[102.5895,11.1556],[102.7306,9.797],[103.0522,9.4111]]]},"properties":{"tzid":"Asia/Phnom_Penh"}},
{"type":"Feature","geometry":{"type":"Polygon","coordinates":[[[113.9911,-5.1883],[114.3492,-3.4609],[114.597,-2.8161],[115.3969,-2.0391],[115.4691,-1.4311],[115.7588,-1.3126],[115.5431,-0.8539],[115.3536,-0.8905],[115.2808,-0.0456],[114.9204,-0.2334],[114.7183,0.0535],[115.1374,0.4255],[114.9416,0.7742],[114.4303,0.5416],[113.85,0.6557],[113.8955,1.056],[114.2054,1.4104],[113.6189,1.23],[112.486,1.5797],[112.143,1.135],[111.5209,0.9583],[111.2315,1.0862],[110.8032,0.9006],[110.2772,0.9959],[109.662,1.6174],[109.5381,1.9271],[109.8318,2.1592],[109.7135,2.3149],[108.9612,2.0549],[108.2694,1.0419],[108.1387,0.469],[108.2593,-1.0243],[108.5338,-2.0091],[109.3878,-2.0672],[109.3898,-2.4203],[109.0698,-4.0388],[110.1526,-4.6367],[112.3818,-4.9691],[113.9911,-5.1883]]]},"properties":{"tzid":"Asia/Pontianak"}},
{"type":"Feature","geometry":{"type":"Polygon","coordinates":[[[130.637,42.4183],[130.1453,42.9714],[129.8502,42.9586],[129.744,42.4682],[129.3891,42.4472],[128.9299,42.0163],[128.0844,42.0204],[128.2964,41.5388],[127.5592,41.43],[126.9268,41.8101],[125.9945,40.8916],[124.8893,40.4756],[124.3507,40.0807],[124.1303,39.6229],[124.5468,39.1186],[125.0388,39.2104],[124.5071,38.5716],[124.4183,38.05],[124.85,38],[124.9776,37.6874],[125.4263,37.6492],[126.0038,37.661],[127.2423,38.3325],[128.0547,38.3063],[128.6538,38.6177],[127.8269,39.6497],[128.8174,40.031],[129.4007,40.4782],[129.6687,40.465],[130.0283,40.9518],[129.9417,41.5552],[130.8861,42.1479],[130.637,42.4183]]]},"properties":{"tzid":"Asia/Pyongyang"}},
{"type":"Feature","geometry":{"type":"MultiPolygon","coordinates":[[[[52.4783,25.8734],[52.1855,25.6414],[52.4957,25.4819],[52.5267,25.4962],[52.5155,25.8594],[52.4783,25.8734]]],[[[50.5675,25.5761],[50.9284,24.5468],[51.5861,24.6642],[51.8329,24.7685],[51.7597,26.1251],[51.3014,26.4257],[50.9234,26.2672],[50.7347,25.5725],[50.5675,25.5761]]]]},"properties":{"tzid":"Asia/Qatar"}},
{"type":"Feature","geometry":{"type":"Polygon","coordinates":[[[66.074,54.6409],[65.2145,54.5414],[65.222,54.3343],[63.8036,54.2711],[62.0439,53.9485],[61.4809,54.0824],[60.9935,53.907],[61.5531,53.5931],[61.2262,53.2834],[62.1304,52.9901],[61.251,53.0362],[60.7146,52.663],[61.0668,52.3471],[60.1448,51.9069],[61.6898,51.256],[62.283,51.0802],[62.9495,50.0031],[62.3048,49.4973],[62.5488,49.0181],[63.7708,48.454],[64.0161,48.1703],[64.5786,48.5108],[64.7458,48.9377],[65.4861,48.8283],[66.0731,48.9932],[67.9642,50.3172],[67.9363,50.5578],[67.1312,50.3841],[66.9909,50.6582],[65.6046,50.8309],[65.388,51.3268],[65.9986,52.2046],[66.0188,52.7609],[66.3208,52.9701],[66.074,54.6409]]]},"properties":{"tzid":"Asia/Qostanay"}},
{"type":"Feature","geometry":{"type":"Polygon","coordinates":[[[66.0707,42.3379],[67.8249,43.178],[67.6495,43.3759],[68.0603,44.0265],[67.462,44.3678],[67.5162,45.1478],[67.1745,45.3001],[67.3655,45.7575],[67.1368,46.1433],[65.586,46.2127],[65.1408,46.4765],[63.7395,46.8301],[62.9501,47.1908],[61.9249,47.8277],[61.3142,47.7901],[60.9235,47.1103],[60.495,47.1218],[59.0306,46.007],[59.0973,45.3218],[60.5838,44.6418],[62.0041,43.5054],[63.3491,43.6505],[64.5349,43.5707],[64.9323,43.7354],[65.5321,43.3151],[65.8442,42.8583],[66.0967,42.9381],[66.0707,42.3379]]]},"properties":{"tzid":"Asia/Qyzylorda"}},
{"type":"Feature","geometry":{"type":"Polygon","coordinates":[[[41.7557,16.29],[42.9383,16.4087],[43.2666,16.7949],[43.1519,17.1747],[43.3548,17.5564],[43.6833,17.3667],[45.2167,17.4333],[46.3667,17.2333],[46.75,17.2833],[47,16.95],[47.4667,17.1167],[47.6,17.45],[48.1833,18.1667],[49.1167,18.6167],[50.7833,18.7889],[52,19],[55,20],[55.6667,22],[55.2114,22.7054],[55.1373,22.6316],[52.581,22.9392],[51.4161,24.3932],[51.5861,24.6642],[50.9284,24.5468],[50.5675,25.5761],[50.2698,26.0797],[50.4886,26.5843],[50.3948,27.1098],[50.0131,27.5449],[50.3669,27.8871],[49.9834,27.8818],[49.5222,27.8471],[48.6694,28.6727],[47.7045,28.5244],[47.4652,28.9999],[46.5527,29.1003],[44.7269,29.1917],[42.0856,31.1117],[41.4407,31.3732],[40.4133,31.9481],[39.2008,32.1543],[39.0063,32.0006],[37.0062,31.5006],[37.9971,30.5007],[37.5055,30.0008],[36.7849,29.8679],[36.0728,29.1834],[34.8844,29.3752],[34.4572,27.9005],[34.519,27.7135],[34.9727,27.636],[36.2778,25.9645],[36.2739,25.5678],[36.6546,25.1241],[36.987,24.268],[37.5,24.0242],[38.3891,22.9783],[38.6358,22.3612],[38.5303,21.868],[38.8246,21.0377],[39.2761,20.2136],[39.7241,19.6404],[39.9345,18.9605],[40.4606,18.4279],[40.6289,17.9083],[41.3151,16.6563],[41.7557,16.29]]]},"properties":{"tzid":"Asia/Riyadh"}},
{"type":"Feature","geometry":{"type":"MultiPolygon","coordinates":[[[[140.9474,46.3625],[141.276,46.0241],[141.5597,46.2751],[140.9474,46.3625]]],[[[141.4157,51.6201],[141.931,51.0781],[141.7193,50.8147],[141.8317,49.5358],[141.5775,48.6319],[141.878,48.0525],[141.6751,47.6696],[141.7579,47.1309],[141.5243,46.6363],[141.6382,46.0164],[142.2134,45.5954],[142.4958,45.7277],[142.507,45.758],[142.5083,45.8205],[142.4984,45.851],[142.4937,46.0614],[142.5129,46.1054],[143.0441,46.3982],[143.4452,45.8216],[143.8987,46.3296],[143.7535,46.8899],[143.3611,47.042],[142.8234,47.796],[143.2649,49.0429],[143.8947,49.0768],[144.7615,48.322],[145.0464,48.6124],[144.659,49.1649],[144.1307,50.3008],[143.4791,52.0683],[143.6635,52.8595],[142.9797,54.5551],[142.5088,54.5954],[142.4818,54.5848],[141.9179,54.2819],[142.3483,53.8816],[141.4917,53.5565],[141.6367,53.1633],[141.59,52.1266],[141.4157,51.6201]]]]},"properties":{"tzid":"Asia/Sakhalin"}},
{"type":"Feature","geometry":{"type":"Polygon","coordinates":[[[55.9986,41.3222],[57.031,41.2409],[56.9669,41.8891],[57.8627,42.1757],[58.0002,42.5026],[58.6254,42.7997],[59.4347,42.2924],[59.8908,42.3024],[60.0931,41.4132],[60.4758,41.2214],[61.6269,41.265],[62.3495,40.4383],[62.4699,39.9583],[64.1979,38.9631],[65.5638,38.2883],[66.7062,37.9147],[66.5515,37.3544],[67.7809,37.1816],[67.8623,37.5924],[68.4053,38.1807],[68.0619,38.3927],[68.0945,39.023],[67.343,39.2317],[67.4994,39.5839],[67.096,39.9406],[66.7524,41.1423],[66.5331,41.8769],[65.9987,41.9372],[66.0707,42.3379],[66.0967,42.9381],[65.8442,42.8583],[65.5321,43.3151],[64.9323,43.7354],[64.5349,43.5707],[63.3491,43.6505],[62.0041,43.5054],[60.5838,44.6418],[59.0973,45.3218],[58.5879,45.5907],[56.7441,45.1774],[55.9989,45.0001],[55.9989,43.7533],[55.9986,41.3222]]]},"properties":{"tzid":"Asia/Samarkand"}},
{"type":"Feature","geometry":{"type":"MultiPolygon","coordinates":[[[[131.6106,37.2419],[132.0647,37.1106],[131.8136,37.4442],[131.6106,37.2419]]],[[[131.2059,37.4739],[131.1003,37.702],[130.5251,37.5734],[130.8273,37.2559],[131.2059,37.4739]]],[[[124.9776,37.6874],[124.85,38],[124.4183,38.05],[124.4814,37.6572],[124.9776,37.6874]]],[[[125.4263,37.6492],[125.8568,37.3992],[125.3046,36.6976],[125.7509,36.0149],[125.776,35.4497],[125.0057,34.8522],[124.8364,34.1092],[125.0608,33.8522],[126.0591,33.6999],[125.9254,33.2318],[126.227,32.9108],[127.0129,33.1683],[127.3242,33.8045],[127.5757,33.8245],[127.9991,34.1233],[128.8163,34.3433],[129.2666,35.1337],[129.669,35.4],[129.8326,35.9927],[129.63,36.2875],[129.6244,37.271],[128.6538,38.6177],[128.0547,38.3063],[127.2423,38.3325],[126.0038,37.661],[125.4263,37.6492]]]]},"properties":{"tzid":"Asia/Seoul"}},
{"type":"Feature","geometry":{"type":"MultiPolygon","coordinates":[[[[117.5031,15.2103],[117.9028,14.9166],[118.055,15.128],[117.7959,15.4171],[117.5031,15.2103]]],[[[114.0613,10.0874],[114.1557,9.9874],[114.2858,10.3504],[114.021,10.2192],[114.0613,10.0874]]],[[[115.4764,9.6845],[115.7602,9.8127],[115.5011,10.1336],[115.4764,9.6845]]],[[[114.1004,11.1443],[113.8742,10.936],[114.1483,10.7202],[114.1004,11.1443]]],[[[113.1585,9.5167],[113.0808,9.8521],[112.7179,9.413],[113.1585,9.5167]]],[[[112.4688,17.1067],[111.4588,17.3084],[111.2502,17.1533],[110.9883,15.8345],[111.251,15.5792],[112.5358,15.8205],[112.7985,16.0262],[112.8585,16.8369],[112.4688,17.1067]]],[[[113.537,15.5713],[114.1784,15.375],[114.7437,15.6845],[114.9929,16.1361],[114.8206,16.3352],[113.9769,16.0299],[113.537,15.5713]]],[[[80.175,42.2108],[80.1406,42.03],[78.1459,41.3676],[77.7651,41.0144],[76.9636,41.0584],[76.4398,40.3891],[75.6915,40.2846],[75.6008,40.6633],[74.8378,40.5219],[74.3446,40.0935],[74.0421,40.0995],[73.8744,39.4832],[73.6003,39.4597],[73.8037,38.6118],[74.6955,38.4249],[75.154,37.4096],[74.8899,37.2341],[74.5646,37.0309],[75.3756,36.9465],[75.9394,36.5978],[76.1456,35.8359],[76.7771,35.6583],[77.3793,35.4747],[78.1373,35.4917],[78.0029,35.2428],[78.2901,34.6151],[79.0392,34.3341],[78.6968,33.6388],[79.4607,32.7098],[78.9683,32.3357],[78.7481,32.6908],[78.3935,32.5401],[78.7791,31.9666],[78.8834,31.2862],[79.1423,31.4321],[80.5411,30.4488],[81.0348,30.1975],[81.2186,30.0074],[81.4386,30.4187],[82.1063,30.3491],[82.1665,30.0759],[83.2174,29.6049],[83.632,29.1592],[84.2024,29.2362],[84.2262,28.8931],[85.1083,28.3464],[85.712,28.3858],[85.9473,27.9416],[86.1884,28.1729],[87.226,27.8202],[88.135,27.8816],[88.8361,28.0153],[88.9212,27.3275],[88.9055,27.274],[89.1034,27.5238],[89.793,28.2466],[90.7969,28.0453],[91.1908,27.9867],[91.5656,27.8187],[91.9248,27.7166],[92.6507,27.9148],[93.2505,28.5493],[93.7094,28.6644],[94.6936,29.3179],[95.2723,29.0744],[95.9669,29.3746],[96.2656,29.2444],[96.6455,28.6195],[97.3456,28.2157],[97.5666,28.546],[98.1593,28.1061],[98.3171,27.5231],[98.6745,27.5855],[98.7359,26.19],[98.3148,25.5484],[97.7281,25.0469],[97.5284,24.4434],[97.7692,24.2643],[97.7075,23.8661],[98.2225,24.1169],[98.8971,24.1073],[98.681,23.9112],[98.9067,23.1883],[99.5231,23.0758],[99.1564,22.1683],[99.9624,22.052],[100.126,21.5113],[101.1475,21.562],[101.2802,21.1791],[101.7629,21.1445],[101.8342,21.6263],[101.5492,22.2427],[101.6725,22.4758],[102.1439,22.4005],[102.5079,22.7784],[103.0806,22.451],[103.3181,22.8038],[103.9641,22.5058],[104.8617,22.9416],[104.8018,23.1162],[105.3221,23.3924],[105.8902,22.9393],[106.5928,22.9328],[106.7366,22.0075],[107.3621,21.5997],[107.8154,21.6587],[108.2086,21.2097],[108.999,20.8141],[109.0439,19.9958],[108.4951,19.4943],[108.4662,18.4904],[109.0859,18.0464],[109.81,18.0113],[110.6773,18.5638],[111.3961,19.7811],[112.4893,21.2861],[112.8485,21.3732],[114.0585,21.6271],[116.5822,22.7511],[117.311,23.0182],[117.8584,23.4064],[118.3886,24.0149],[119.6401,24.8408],[120.1292,25.3294],[121.3212,27.3583],[122.4751,28.7908],[123.1544,30.0842],[123.3104,30.8854],[122.4464,31.5361],[121.8346,33.1304],[120.2197,34.99],[121.0525,35.7454],[122.665,36.7331],[122.9491,37.3464],[122.8377,37.596],[122.0261,37.77],[121.8156,37.661],[121.1587,37.915],[121.1136,38.526],[121.5492,38.3848],[123.3822,38.883],[123.3658,39.506],[124.1303,39.6229],[124.3507,40.0807],[124.8893,40.4756],[125.9945,40.8916],[126.9268,41.8101],[127.5592,41.43],[128.2964,41.5388],[128.0844,42.0204],[128.9299,42.0163],[129.3891,42.4472],[129.744,42.4682],[129.8502,42.9586],[130.1453,42.9714],[130.637,42.4183],[130.3951,42.7261],[131.0354,42.8603],[131.3129,43.4945],[131.3032,44.0439],[130.9786,44.8662],[131.9876,45.2554],[132.948,45.0216],[133.1783,45.4903],[133.903,46.2519],[134.1693,47.3184],[134.7752,47.74],[134.5439,47.985],[134.7692,48.3591],[134.1883,48.3837],[133.0605,48.1151],[132.539,47.7134],[130.9575,47.7203],[130.6299,48.882],[130.2243,48.8652],[129.5366,49.398],[127.8154,49.5849],[127.6015,50.2375],[126.9177,51.057],[126.9729,51.2978],[126.4651,51.9364],[126.5566,52.1201],[126.0479,52.797],[125.1578,53.2038],[124.7117,53.1514],[123.3044,53.5597],[122.1118,53.4315],[120.6835,53.1711],[120.0266,52.7763],[120.7226,52.5299],[120.6338,51.9204],[120.1373,51.6729],[119.1514,50.3581],[119.3527,50.1945],[117.8791,49.5125],[116.7137,49.8457],[115.7865,48.5225],[115.5705,47.9191],[115.9353,47.6812],[116.8708,47.8909],[117.3752,47.64],[117.805,48.0142],[118.5588,47.9926],[119.7081,47.1934],[119.9292,46.7203],[119.6807,46.5907],[118.3009,46.7383],[117.3685,46.3605],[116.8315,46.3837],[116.28,45.7707],[115.6897,45.4587],[114.5411,45.3845],[113.6256,44.7424],[112.702,44.8809],[112.4255,45.0742],[111.7695,44.9806],[111.4093,44.3446],[111.9546,43.8276],[111.5729,43.4908],[111.0061,43.322],[110.4362,42.7819],[109.5285,42.4675],[108.8385,42.3956],[107.4532,42.4567],[105.6969,41.9309],[105.0131,41.5811],[104.5237,41.8734],[103.8911,41.7956],[102.7669,42.1255],[102.0246,42.2242],[101.8007,42.5034],[100.3181,42.6874],[99.5033,42.5663],[97.1716,42.7946],[96.3874,42.7245],[95.9078,43.2363],[95.4098,44.2938],[94.9987,44.2509],[93.5033,44.9677],[93.2045,45.0025],[91.5586,45.0683],[90.6703,45.487],[91.022,46.0223],[90.9021,46.9574],[90.0843,47.8681],[89.0626,47.9883],[87.955,48.5938],[87.8145,49.1705],[87.2863,49.1158],[86.8963,49.1348],[86.5808,48.5391],[85.7559,48.403],[85.5428,48.0094],[85.6823,47.2228],[84.9442,46.8629],[83.9173,46.9729],[83.0323,47.2237],[82.28,45.5351],[82.5819,45.2194],[81.7741,45.3861],[79.882,44.9107],[80.4105,44.6088],[80.3962,44.1101],[80.7813,43.1378],[80.3878,43.0029],[80.175,42.2108]],[[113.5356,22.2023],[113.6301,22.1656],[113.6102,22.0767],[113.5356,22.2023]],[[114.0608,22.5144],[114.434,22.562],[114.5024,22.1485],[113.8966,22.1425],[114.0608,22.5144]]],[[[116.3841,9.9924],[116.4598,9.5149],[116.6628,9.8204],[116.3841,9.9924]]]]},"properties":{"tzid":"Asia/Shanghai"}},
{"type":"Feature","geometry":{"type":"MultiPolygon","coordinates":[[[[104.129,1.2726],[103.6729,1.4284],[103.5656,1.1957],[104.129,1.2726]]],[[[104.4024,1.3186],[104.5712,1.4441],[104.4877,1.5143],[104.4024,1.3186]]]]},"properties":{"tzid":"Asia/Singapore"}},
{"type":"Feature","geometry":{"type":"MultiPolygon","coordinates":[[[[146.3699,64.191],[148.0183,63.9361],[148.0552,64.4185],[149.5018,64.4053],[150.2336,64.2132],[152.8473,64.7014],[152.7128,65.2134],[153.5858,65.3984],[153.5285,65.8094],[154.2289,66.048],[156.674,66.189],[157.3352,65.8918],[158.5007,66.0935],[158.5434,66.3352],[158.96,66.7606],[157.8114,67.3083],[158.3724,68.0762],[161.3273,68.3686],[162.3937,68.2746],[162.7725,69.1814],[162.5311,69.869],[160.6543,69.9227],[160.4285,70.6029],[162.3683,70.4206],[162.8817,70.7976],[161.7101,71.1156],[159.823,70.8938],[157.5523,71.2467],[157.3817,71.2573],[155.7538,71.2665],[152.8122,71.0175],[150.4841,72.1219],[148.4435,72.518],[147.1992,72.5116],[145.2175,72.7612],[144.4928,72.2289],[143.4508,72.0742],[142.7146,71.659],[142.6019,71.1128],[140.7583,70.1397],[142.663,69.2589],[141.5008,69.2048],[141.8607,68.7687],[140.9219,68.3722],[141.2187,67.8287],[140.0046,67.8764],[138.7306,67.5844],[138.8139,67.154],[139.4609,67.0823],[140.584,66.4788],[139.727,66.2651],[140.1774,65.8845],[140.3415,65.5645],[144.2726,65.0185],[144.5392,64.6678],[146.3699,64.191]]],[[[152.1172,47.357],[152.5746,47.0999],[153.5625,47.9683],[153.5068,48.4184],[152.9897,48.4119],[152.5025,47.575],[152.1172,47.357]]],[[[153.6824,48.7965],[153.9552,48.3419],[155.1376,49.2719],[155.17,49.7299],[154.3528,50.0095],[154.1488,49.1383],[153.3545,49.175],[153.2634,48.8264],[153.6824,48.7965]]],[[[156.8029,50.6856],[156.3833,51.0593],[155.3566,51.0997],[155.4766,50.5768],[154.7864,50.3731],[154.7856,50.0215],[155.46,49.8004],[156.5744,50.4173],[156.8029,50.6856]]]]},"properties":{"tzid":"Asia/Srednekolymsk"}},
{"type":"Feature","geometry":{"type":"MultiPolygon","coordinates":[[[[116.6537,20.9389],[116.602,20.4545],[117.1237,20.6071],[116.9996,20.9455],[116.6537,20.9389]]],[[[122.1791,24.7943],[122.2789,25.7285],[121.9502,25.7988],[120.8846,25.1806],[119.3924,23.9341],[119.1269,23.5069],[119.2626,23.0518],[120.8789,21.5625],[121.665,21.7443],[121.8313,21.9731],[121.7348,23.4531],[122.1791,24.7943]]]]},"properties":{"tzid":"Asia/Taipei"}},
{"type":"Feature","geometry":{"type":"Polygon","coordinates":[[[70.9846,40.2224],[71.7238,40.15],[72.9391,40.8004],[71.862,41.2008],[70.776,41.2166],[70.7172,41.4658],[70.1732,41.5164],[71.2691,42.1964],[70.9433,42.2635],[69.9577,41.7338],[69.079,41.3771],[68.5828,40.9243],[68.4815,40.571],[67.9728,40.8619],[67.9655,41.149],[66.7524,41.1423],[67.096,39.9406],[67.4994,39.5839],[68.5242,39.5321],[69.0357,40.2287],[69.3055,40.1951],[69.3735,40.7906],[69.6693,40.6341],[70.4694,41.0419],[70.7958,40.7325],[70.3282,40.4552],[70.9846,40.2224]]]},"properties":{"tzid":"Asia/Tashkent"}},
{"type":"Feature","geometry":{"type":"Polygon","coordinates":[[[41.2994,41.612],[41.8236,41.4306],[42.8404,41.5893],[43.4741,41.123],[45.015,41.297],[45.3102,41.4729],[46.5014,41.0595],[46.7294,41.2907],[46.1813,41.7343],[46.4221,41.908],[45.6084,42.2122],[45.7751,42.4883],[45.1584,42.7075],[44.3092,42.7193],[43.9637,42.5471],[42.853,43.1789],[42.0807,43.2047],[41.5835,43.2374],[40.6618,43.563],[40.0907,43.5556],[39.8845,43.2244],[40.7396,42.8927],[41.2912,42.4072],[41.5077,41.8928],[41.2994,41.612]]]},"properties":{"tzid":"Asia/Tbilisi"}},
{"type":"Feature","geometry":{"type":"MultiPolygon","coordinates":[[[[56.5462,26.7027],[56.6693,26.9088],[57.1718,25.6269],[58.051,25.3578],[59.0661,25.2023],[60.5761,25.0724],[61.5821,24.8353],[61.8602,26.176],[62.3142,26.5199],[63.1932,26.6461],[63.1987,27.2594],[62.8118,27.2232],[62.793,28.2789],[61.91,28.5644],[60.8729,29.8585],[61.8031,30.8353],[61.7067,31.3759],[60.8561,31.4865],[60.8829,32.1977],[60.5834,33.1299],[60.9028,33.54],[60.6262,33.5822],[60.5176,34.0618],[60.9845,34.6198],[61.2741,35.6048],[61.1454,36.6464],[60.3455,36.6294],[60.0431,37.0208],[59.5582,37.1317],[59.3535,37.5284],[57.3483,37.9989],[56.4525,38.2647],[56.3352,38.0773],[55.4428,38.0861],[54.2447,37.32],[53.6649,37.3561],[53.7295,37.0931],[52.5044,36.8983],[52.4991,36.8973],[52.0136,36.7834],[51.1554,36.9276],[50.6088,37.1842],[50.4128,37.4874],[49.2334,37.8187],[49.1369,38.4516],[48.6593,38.3934],[48.0103,38.9073],[48.3676,39.3771],[48.0316,39.6922],[47.3776,39.4549],[46.534,38.8672],[46.1407,38.8445],[45.455,38.9905],[44.8094,39.6273],[44.0523,39.4053],[44.5101,38.3452],[44.2227,37.8882],[44.6304,37.7063],[44.7843,37.1439],[44.845,36.7787],[45.3814,36.0842],[46.0357,35.7053],[46.1912,35.1109],[45.689,34.8118],[45.501,33.9509],[46.215,33.2036],[46.094,32.9851],[47.3947,32.4624],[47.8659,31.7836],[47.6875,31.0009],[48.0347,30.9979],[48.0252,30.4776],[48.4563,29.9965],[49.0974,29.8059],[49.4643,29.7896],[51.3029,27.6854],[52.4851,26.9865],[52.5028,26.9759],[53.1298,26.6053],[53.9644,26.2944],[54.3571,25.7439],[54.8087,25.8996],[55.1788,25.7174],[55.152,26.0577],[56.2981,26.6034],[56.5462,26.7027]]],[[[49.9834,27.8818],[50.3669,27.8871],[50.2249,28.1893],[49.9834,27.8818]]]]},"properties":{"tzid":"Asia/Tehran"}},
{"type":"Feature","geometry":{"type":"Polygon","coordinates":[[[90.7969,28.0453],[89.793,28.2466],[89.1034,27.5238],[88.9212,27.3275],[88.9055,27.274],[89.1304,26.8089],[89.7716,26.7022],[90.4162,26.904],[90.6911,26.7718],[92.1025,26.8695],[92.0169,27.4804],[91.652,27.4834],[91.5656,27.8187],[91.1908,27.9867],[90.7969,28.0453]]]},"properties":{"tzid":"Asia/Thimphu"}},
{"type":"Feature","geometry":{"type":"MultiPolygon","coordinates":[[[[140.0377,31.6419],[139.9129,31.2764],[140.2859,31.4097],[140.0377,31.6419]]],[[[140.8366,27.4492],[140.7024,27.1153],[141.0413,27.1074],[140.8366,27.4492]]],[[[129.731,34.5967],[129.5995,34.8917],[129.2685,34.6795],[128.9979,33.9475],[129.731,34.5967]]],[[[128.0037,27.9443],[128.2794,27.6643],[128.4571,27.9093],[128.0037,27.9443]]],[[[141.0657,24.745],[141.5036,24.639],[141.3235,25.0127],[141.0657,24.745]]],[[[122.8933,24.2487],[123.157,24.6343],[122.7211,24.4992],[122.8933,24.2487]]],[[[141.0519,25.4295],[141.2805,25.2195],[141.4934,25.5214],[141.0519,25.4295]]],[[[131.4916,25.8017],[131.437,26.1287],[131.1055,26.0785],[131.1125,25.643],[131.4916,25.8017]]],[[[139.517,32.4451],[139.8523,32.2557],[139.801,32.6705],[139.517,32.4451]]],[[[140.0546,30.4718],[140.2747,30.2737],[140.5242,30.5738],[140.0546,30.4718]]],[[[139.751,32.8578],[140.0716,32.9897],[139.871,33.3667],[139.443,33.0837],[139.751,32.8578]]],[[[142.0344,27.3398],[141.8926,26.7025],[142.0394,26.3673],[142.4566,26.6239],[142.2913,27.8669],[141.87,27.6905],[142.0344,27.3398]]],[[[131.1702,24.6718],[131.1247,24.27],[131.4083,24.5178],[131.1702,24.6718]]],[[[153.7875,24.4042],[153.9308,24.0815],[154.1692,24.4],[153.7875,24.4042]]],[[[124.4549,24.7769],[123.6693,24.6261],[123.3538,24.1121],[123.8641,23.8564],[124.7387,24.4403],[124.9493,24.7145],[125.2167,24.5154],[125.7029,24.7535],[125.4802,25.1475],[124.9154,24.8113],[124.4549,24.7769]]],[[[127.4858,26.6935],[126.8855,26.7897],[126.4882,26.3234],[127.4982,25.9009],[127.6172,25.8821],[128.142,26.0922],[128.5381,26.6612],[128.6564,27.144],[129.7422,28.1663],[130.1521,28.1601],[129.8293,28.9534],[129.0698,28.4804],[128.6755,27.6401],[128.2401,27.1934],[127.764,27.1655],[127.5153,26.7546],[127.4858,26.6935]]],[[[142.5009,42.0364],[143.3657,41.7325],[143.623,42.3147],[144.2506,42.7885],[144.9699,42.7615],[145.916,43.1526],[145.264,43.7317],[145.6337,44.3348],[145.1756,44.5121],[144.6582,44.119],[143.6,44.4622],[142.5681,45.2983],[142.4947,45.3613],[141.9165,45.5765],[140.8401,45.6863],[140.6835,45.4012],[141.0124,44.3884],[141.0452,43.842],[140.1217,43.4636],[139.1336,42.1989],[139.0682,41.4981],[139.8618,41.1569],[140.8731,41.6922],[141.4017,41.6826],[141.2974,42.2636],[141.7837,42.3808],[142.492,42.0414],[142.5009,42.0364]]],[[[130.3033,30.075],[131.1942,30.2824],[131.26,30.9429],[130.0753,30.2596],[129.3463,30.0348],[129.3577,29.4302],[129.0763,29.3305],[128.7458,28.7808],[129.1468,28.6387],[129.2064,28.9266],[129.7577,29.2884],[130.3033,30.075]]],[[[128.4733,32.2473],[128.0438,32.441],[127.8974,32.1477],[128.2383,31.8066],[128.631,31.958],[128.4733,32.2473]]],[[[139.9663,34.7061],[140.6229,35.1326],[140.6411,35.3896],[141.1206,35.7555],[140.8157,36.2205],[141.2248,36.9387],[141.2652,37.7566],[141.8278,38.2144],[142.31,39.4111],[142.2377,40.069],[141.6961,40.7218],[141.6175,41.601],[140.8763,41.5994],[139.6034,40.9308],[139.2538,40.6098],[139.4288,40.0022],[139.0463,38.6589],[138.3837,38.5226],[138.0239,38.1952],[136.8507,38.0493],[136.4274,37.2243],[136.5046,36.8865],[136.2176,36.5417],[135.1102,35.9574],[133.7678,35.7006],[133.1479,35.8017],[133.5512,36.0611],[133.2652,36.5556],[132.7355,36.1864],[133.0047,35.7932],[132.4349,35.562],[132.1415,35.2236],[130.9962,34.9659],[129.8889,34.3908],[129.8036,34.058],[129.1208,33.5053],[128.5877,33.2759],[128.386,32.5228],[129.5195,31.8501],[129.1917,31.2307],[129.3864,30.6316],[130.3403,30.6777],[131.6592,31.494],[131.8517,32.2624],[133.0415,32.5218],[133.3015,32.8602],[134.235,33.0469],[134.6295,33.4363],[135.2047,33.4647],[135.769,33.2334],[137.6632,34.4678],[138.9521,34.3724],[138.6037,34.0423],[138.8876,33.7514],[139.3023,33.8559],[139.4239,33.4802],[139.8657,33.8224],[139.5429,34.4982],[139.9663,34.7061]]]]},"properties":{"tzid":"Asia/Tokyo"}},
{"type":"Feature","geometry":{"type":"Polygon","coordinates":[[[76.0947,57.2353],[78.4475,57.1654],[79.5886,56.9232],[80.2609,56.4326],[81.2203,56.5376],[81.5734,56.2419],[83.2884,56.4428],[83.0648,56.2305],[83.5854,55.6708],[84.4479,56.0416],[86.1157,56.5009],[88.5966,56.802],[88.8651,57.4436],[89.3531,57.9132],[88.1067,58.1128],[87.924,58.5113],[88.8287,59.0226],[88.6265,59.2951],[87.9022,59.2562],[87.5142,59.6644],[86.6365,59.9487],[84.7076,59.8921],[84.7915,60.3524],[84.2631,60.8625],[83.1567,61.0268],[82.1673,60.5163],[80.7048,60.8028],[79.3989,60.6358],[79.2948,60.802],[77.1105,60.8585],[76.6649,59.5712],[75.6381,59.2117],[75.1094,58.5757],[75.0715,58.1168],[76.0947,57.2353]]]},"properties":{"tzid":"Asia/Tomsk"}},
{"type":"Feature","geometry":{"type":"Polygon","coordinates":[[[96.3874,42.7245],[97.1716,42.7946],[99.5033,42.5663],[100.3181,42.6874],[101.8007,42.5034],[102.0246,42.2242],[102.7669,42.1255],[103.8911,41.7956],[104.5237,41.8734],[105.0131,41.5811],[105.6969,41.9309],[107.4532,42.4567],[108.8385,42.3956],[109.5285,42.4675],[110.4362,42.7819],[111.0061,43.322],[111.5729,43.4908],[111.9546,43.8276],[111.4093,44.3446],[111.7695,44.9806],[112.4255,45.0742],[112.702,44.8809],[113.6256,44.7424],[114.5411,45.3845],[115.6897,45.4587],[116.28,45.7707],[116.8315,46.3837],[117.3685,46.3605],[118.3009,46.7383],[119.6807,46.5907],[119.9292,46.7203],[119.7081,47.1934],[118.5588,47.9926],[117.805,48.0142],[117.3752,47.64],[116.8708,47.8909],[115.9353,47.6812],[115.5705,47.9191],[115.7865,48.5225],[116.7137,49.8457],[116.233,50.0359],[115.7445,49.8876],[114.8312,50.2237],[114.1784,50.243],[113.2184,49.8371],[113.0439,49.6082],[110.8193,49.182],[108.5175,49.3227],[107.7543,49.9706],[107.2572,49.9882],[106.8157,50.2982],[105.3547,50.4795],[104.1392,50.1394],[103.2563,50.1929],[102.2097,50.817],[102.1243,51.3616],[101.3701,51.4558],[98.9692,52.1426],[98.0501,51.4502],[97.858,50.9596],[98.307,50.3225],[98.0699,50.0359],[97.2311,49.7429],[95.8442,50.0436],[95.5054,49.9073],[95.726,49.3587],[95.5257,48.8876],[94.7269,48.6776],[94.097,48.7891],[93.4295,48.4243],[93.1824,47.9656],[93.9911,47.3063],[94.3068,46.7787],[93.5011,46.5988],[93.6483,46.3934],[93.1131,45.7425],[93.2045,45.0025],[93.5033,44.9677],[94.9987,44.2509],[95.4098,44.2938],[95.9078,43.2363],[96.3874,42.7245]]]},"properties":{"tzid":"Asia/Ulaanbaatar"}},
{"type":"Feature","geometry":{"type":"Polygon","coordinates":[[[80.175,42.2108],[80.1406,42.03],[78.1459,41.3676],[77.7651,41.0144],[76.9636,41.0584],[76.4398,40.3891],[75.6915,40.2846],[75.6008,40.6633],[74.8378,40.5219],[74.3446,40.0935],[74.0421,40.0995],[73.8744,39.4832],[73.6003,39.4597],[73.8037,38.6118],[74.6955,38.4249],[75.154,37.4096],[74.8899,37.2341],[74.5646,37.0309],[75.3756,36.9465],[75.9394,36.5978],[76.1456,35.8359],[76.7771,35.6583],[77.3793,35.4747],[78.1373,35.4917],[78.0029,35.2428],[78.2901,34.6151],[79.0392,34.3341],[79.7655,34.4705],[80.0309,35.0411],[80.4292,35.4498],[81.8607,35.2611],[82.4222,35.7133],[82.9647,35.6682],[83.1237,35.3992],[84.1786,35.3589],[85.2668,35.7902],[85.6127,35.6533],[86.4527,36.2215],[88.5714,36.4614],[89.9447,36.07],[90.0256,36.2602],[91.1231,36.1158],[90.8574,36.9191],[91.3093,37.0142],[91.0691,37.4767],[90.5165,37.7288],[90.529,38.3196],[90.1265,38.4923],[90.6181,38.6638],[92.3812,38.9994],[92.6394,39.515],[92.9273,40.572],[93.7594,40.6648],[93.8083,40.8786],[94.5336,41.5047],[95.1356,41.7714],[95.2981,41.5628],[96.1123,41.9805],[95.9778,42.4355],[96.3874,42.7245],[95.9078,43.2363],[95.4098,44.2938],[94.9987,44.2509],[93.5033,44.9677],[93.2045,45.0025],[91.5586,45.0683],[90.6703,45.487],[91.022,46.0223],[90.9021,46.9574],[90.0843,47.8681],[89.0626,47.9883],[87.955,48.5938],[87.8145,49.1705],[87.2863,49.1158],[86.8963,49.1348],[86.5808,48.5391],[85.7559,48.403],[85.5428,48.0094],[85.6823,47.2228],[84.9442,46.8629],[83.9173,46.9729],[83.0323,47.2237],[82.28,45.5351],[82.5819,45.2194],[81.7741,45.3861],[79.882,44.9107],[80.4105,44.6088],[80.3962,44.1101],[80.7813,43.1378],[80.3878,43.0029],[80.175,42.2108]]]},"properties":{"tzid":"Asia/Urumqi"}},
{"type":"Feature","geometry":{"type":"Polygon","coordinates":[[[140.5568,62.414],[141.3153,62.4165],[142.4458,61.8717],[143.231,62.1176],[143.9463,61.7551],[144.7374,62.0457],[145.199,62.2796],[145.2577,63.2435],[146.3699,64.191],[144.5392,64.6678],[144.2726,65.0185],[140.3415,65.5645],[139.3538,65.0149],[140.7888,64.1665],[140.6421,63.5017],[139.716,63.2904],[139.5546,62.8056],[140.5568,62.414]]]},"properties":{"tzid":"Asia/Ust-Nera"}},
{"type":"Feature","geometry":{"type":"Polygon","coordinates":[[[102.1439,22.4005],[101.6725,22.4758],[101.5492,22.2427],[101.8342,21.6263],[101.7629,21.1445],[101.2802,21.1791],[101.1475,21.562],[100.7322,21.316],[100.0847,20.3523],[100.5785,20.1678],[100.4855,19.5433],[101.2803,19.5826],[101.3541,19.0482],[101.0524,18.4264],[101.184,18.0651],[100.9676,17.5715],[101.3065,17.6507],[102.0883,18.2203],[102.6132,17.9408],[103.0729,18.0223],[103.4035,18.4484],[103.973,18.3369],[104.2712,17.8698],[104.796,17.4018],[104.7351,16.5455],[105.0469,16.1026],[105.4236,16.0062],[105.6347,15.6626],[105.4665,15.1308],[105.5388,14.5835],[105.2065,14.3433],[105.9108,13.9304],[106.1882,14.0623],[106.0269,14.3458],[106.5451,14.5927],[106.838,14.2942],[107.5566,14.6861],[107.6029,15.421],[107.3931,15.8872],[106.5492,16.9982],[106.0817,17.3713],[105.1035,18.4476],[105.1339,18.7167],[104.7399,18.8004],[103.8754,19.3065],[104.0719,19.6822],[104.5258,19.6158],[104.9721,20.0981],[104.6305,20.2293],[104.638,20.6713],[104.1216,20.9704],[103.6833,20.6616],[103.1095,20.9005],[102.8972,21.3047],[102.9884,21.7208],[102.6444,21.8595],[102.1439,22.4005]]]},"properties":{"tzid":"Asia/Vientiane"}},
{"type":"Feature","geometry":{"type":"MultiPolygon","coordinates":[[[[140.1774,65.8845],[139.727,66.2651],[140.584,66.4788],[139.4609,67.0823],[138.8139,67.154],[138.7306,67.5844],[140.0046,67.8764],[141.2187,67.8287],[140.9219,68.3722],[141.8607,68.7687],[141.5008,69.2048],[142.663,69.2589],[140.7583,70.1397],[142.6019,71.1128],[142.7146,71.659],[143.4508,72.0742],[144.4928,72.2289],[145.2175,72.7612],[144.3691,72.9181],[140.847,73.1133],[139.709,73.0358],[139.9228,72.9004],[138.2916,72.1226],[137.2643,71.8121],[135.1957,71.7998],[134.2318,71.5756],[133.9375,71.9494],[132.2375,72.0746],[131.2347,71.2727],[132.2084,70.9217],[132.0721,70.3656],[133.0803,70.339],[133.5234,69.7261],[132.3221,69.0566],[133.445,68.3401],[132.2763,67.6997],[131.4225,67.5977],[131.1246,67.161],[129.9814,66.8536],[130.1248,66.2153],[131.7213,65.7047],[132.4094,64.6146],[132.7411,64.5931],[133.2104,65.28],[133.8811,65.2034],[136.4457,66.2001],[137.6236,65.9971],[139.2999,66.0198],[140.1774,65.8845]]],[[[144.7374,62.0457],[143.9463,61.7551],[143.231,62.1176],[142.4458,61.8717],[141.3153,62.4165],[140.5568,62.414],[139.5538,61.4736],[138.6491,61.2973],[138.0222,59.6695],[136.7686,59.3379],[135.8906,59.514],[135.1933,59.1144],[133.5186,59.3123],[132.5623,58.8651],[131.9841,58.1578],[131.4693,58.2032],[132.051,57.7313],[131.4302,57.1383],[131.8317,56.7427],[131.2221,56.5208],[130.8602,55.9151],[131.1475,55.649],[132.4411,55.7428],[132.9653,55.4203],[131.1695,54.635],[130.4416,53.8882],[131.4441,53.7392],[131.4413,53.2217],[132.8447,53.2325],[133.6003,53.5514],[134.5321,53.622],[134.914,53.4017],[134.5948,52.9025],[134.6239,52.4389],[133.2621,52.6822],[133.4291,52.2647],[132.4506,51.8857],[131.4403,51.6689],[131.4904,51.3467],[131.0429,51.2391],[130.6448,50.662],[131.4583,50.1773],[131.42,49.2555],[130.6299,48.882],[130.9575,47.7203],[132.539,47.7134],[133.0605,48.1151],[134.1883,48.3837],[134.7692,48.3591],[134.5439,47.985],[134.7752,47.74],[134.1693,47.3184],[133.903,46.2519],[133.1783,45.4903],[132.948,45.0216],[131.9876,45.2554],[130.9786,44.8662],[131.3032,44.0439],[131.3129,43.4945],[131.0354,42.8603],[130.3951,42.7261],[130.637,42.4183],[130.8861,42.1479],[133.227,42.4931],[134.0252,42.6813],[135.2882,43.3345],[137.1232,45.1118],[137.8409,45.632],[138.5965,46.4436],[138.829,46.9467],[139.5833,47.7452],[140.4379,48.3537],[140.9957,50.0669],[140.7829,50.7021],[141.4157,51.6201],[141.59,52.1266],[141.6367,53.1633],[141.4917,53.5565],[140.9358,53.7261],[140.0265,54.5077],[138.5738,55.2692],[137.8375,55.9205],[138.4571,56.2692],[139.3835,57.0795],[140.7932,57.7274],[141.0613,58.1641],[142.4978,58.9647],[142.5129,58.9717],[143.8912,59.1987],[145.3938,59.186],[145.8359,58.9592],[146.9499,59.1511],[147.2162,59.7321],[146.3724,60.2506],[145.8574,60.1703],[145.5289,60.4948],[146.7039,60.9491],[146.7398,61.4686],[146.2377,61.9001],[144.7374,62.0457]]]]},"properties":{"tzid":"Asia/Vladivostok"}},
{"type":"Feature","geometry":{"type":"MultiPolygon","coordinates":[[[[147.7864,76.7587],[149.3078,76.4324],[150.2408,76.8601],[147.7864,76.7587]]],[[[157.5447,76.6257],[158.9115,76.889],[157.5434,76.9646],[157.4368,76.9458],[157.4754,76.639],[157.5447,76.6257]]],[[[157.4984,77.1512],[155.6576,77.1707],[156.3392,76.8754],[157.4773,77.011],[157.5178,77.0444],[157.53,77.0945],[157.4984,77.1512]]],[[[151.6627,75.7589],[152.9723,75.5556],[153.6597,76.2292],[152.1291,76.3407],[151.6627,75.7589]]],[[[134.7067,74.2595],[136.3281,73.6836],[136.9621,74.0408],[136.0424,74.3819],[134.7067,74.2595]]],[[[142.6696,74.5328],[144.5102,74.7717],[145.4903,75.1108],[147.638,74.6391],[149.7312,74.5512],[150.9453,74.6797],[151.7414,75.1418],[151.2416,75.3229],[146.5845,75.787],[145.8234,75.7119],[142.5207,76.2123],[142.4609,76.2312],[140.3037,76.4958],[138.1007,76.3345],[136.6889,75.9908],[135.2091,76.027],[134.7004,75.4456],[136.2153,75.1958],[137.5594,74.6411],[138.6615,74.4673],[139.5105,73.9806],[139.0779,73.4038],[139.709,73.0358],[140.847,73.1133],[144.3691,72.9181],[144.3081,73.4296],[142.5857,74.0493],[142.4843,74.0714],[142.3803,74.4423],[142.6696,74.5328]]],[[[115.2147,74.3236],[115.7869,74.0869],[116.9273,74.339],[116.2871,74.5593],[115.2147,74.3236]]],[[[119.1168,58.2381],[119.0582,57.7262],[119.6912,57.1789],[119.6779,56.7393],[120.5392,56.2663],[120.1206,55.8658],[121.1938,56.0412],[121.3363,55.5302],[121.8995,55.6195],[121.9299,54.5691],[121.6559,54.3578],[122.1118,53.4315],[123.3044,53.5597],[124.7117,53.1514],[125.1578,53.2038],[126.0479,52.797],[126.5566,52.1201],[126.4651,51.9364],[126.9729,51.2978],[126.9177,51.057],[127.6015,50.2375],[127.8154,49.5849],[129.5366,49.398],[130.2243,48.8652],[130.6299,48.882],[131.42,49.2555],[131.4583,50.1773],[130.6448,50.662],[131.0429,51.2391],[131.4904,51.3467],[131.4403,51.6689],[132.4506,51.8857],[133.4291,52.2647],[133.2621,52.6822],[134.6239,52.4389],[134.5948,52.9025],[134.914,53.4017],[134.5321,53.622],[133.6003,53.5514],[132.8447,53.2325],[131.4413,53.2217],[131.4441,53.7392],[130.4416,53.8882],[131.1695,54.635],[132.9653,55.4203],[132.4411,55.7428],[131.1475,55.649],[130.8602,55.9151],[131.2221,56.5208],[131.8317,56.7427],[131.4302,57.1383],[132.051,57.7313],[131.4693,58.2032],[131.9841,58.1578],[132.5623,58.8651],[131.765,59.1872],[131.6178,59.7423],[132.4829,60.6241],[133.1258,60.6984],[133.1005,61.2608],[134.9912,61.4096],[135.628,61.9832],[135.0218,62.5107],[134.1322,62.6227],[134.0033,63.3751],[132.8134,63.3535],[132.2088,63.7032],[132.9632,64.3534],[132.7411,64.5931],[132.4094,64.6146],[131.7213,65.7047],[130.1248,66.2153],[129.9814,66.8536],[131.1246,67.161],[131.4225,67.5977],[132.2763,67.6997],[133.445,68.3401],[132.3221,69.0566],[133.5234,69.7261],[133.0803,70.339],[132.0721,70.3656],[132.2084,70.9217],[131.2347,71.2727],[130.7475,71.2022],[130.2444,71.7911],[130.2455,73.004],[127.8142,73.7247],[127.4409,73.7592],[125.0227,74.1199],[123.0215,74.1827],[122.3936,73.8244],[122.5729,73.3119],[121.1163,73.138],[119.4378,73.6488],[115.7557,73.9065],[114.0252,73.787],[113.584,74.039],[114.1505,74.4895],[113.5666,74.8938],[110.5302,74.3381],[111.8736,74.1051],[110.1353,73.3845],[110.8502,73.1607],[111.0076,72.3903],[112.0007,72.1244],[112.2492,71.0014],[110.5108,70.7656],[109.5583,70.3522],[109.2011,69.7546],[106.1429,69.4094],[106.9056,68.859],[106.822,67.3341],[105.508,67.0144],[106.0796,66.8958],[106.415,65.6726],[106.9679,65.5083],[105.9505,65.0399],[106.0866,64.4305],[108.0868,64.2468],[108.7312,63.8429],[108.1357,63.6083],[109.0781,63.5777],[109.9109,62.437],[109.5753,61.9147],[109.7618,61.3317],[110.5423,61.0878],[109.7403,60.2486],[109.2523,59.4669],[109.8219,58.9888],[110.7205,59.2809],[111.6498,59.2238],[112.2513,59.5284],[112.6515,59.3136],[112.4415,58.9181],[115.6966,60.549],[117.3472,60.0242],[117.1121,59.6098],[118.0701,59.6251],[118.7652,59.4202],[118.7768,58.6114],[119.1168,58.2381]]]]},"properties":{"tzid":"Asia/Yakutsk"}},
{"type":"Feature","geometry":{"type":"MultiPolygon","coordinates":[[[[93.2271,13.778],[93.5727,14.2387],[93.2525,14.3663],[93.047,13.8747],[93.2271,13.778]]],[[[93.8586,14.9359],[93.4209,15.0125],[93.4567,14.6045],[93.8586,14.9359]]],[[[98.5268,9.9246],[98.7797,10.6782],[99.2288,11.1129],[99.6591,11.8288],[99.0995,13.0727],[99.167,13.7261],[98.2458,14.8316],[98.1981,15.2343],[98.5596,15.336],[98.5606,16.0342],[98.8054,16.1046],[98.3468,17.0478],[97.6716,17.8799],[97.3868,18.5054],[97.7678,18.5779],[97.8634,19.577],[98.0339,19.8048],[98.566,19.6721],[99.0147,19.7937],[99.0771,20.1017],[99.5388,20.1481],[99.4991,20.3842],[100.0847,20.3523],[100.7322,21.316],[101.1475,21.562],[100.126,21.5113],[99.9624,22.052],[99.1564,22.1683],[99.5231,23.0758],[98.9067,23.1883],[98.681,23.9112],[98.8971,24.1073],[98.2225,24.1169],[97.7075,23.8661],[97.7692,24.2643],[97.5284,24.4434],[97.7281,25.0469],[98.3148,25.5484],[98.7359,26.19],[98.6745,27.5855],[98.3171,27.5231],[98.1593,28.1061],[97.5666,28.546],[97.3456,28.2157],[96.7966,27.3458],[96.0222,27.18],[95.2339,26.6825],[95.0497,25.7924],[94.5856,25.2678],[94.7137,24.9302],[94.1561,23.8471],[93.3281,24.0801],[93.4363,23.6783],[93.3136,23.0198],[93.1255,23.0392],[93.1617,22.1956],[92.6074,21.9747],[92.6802,21.2858],[92.27,21.4294],[92.1732,21.1803],[92.4031,20.3823],[92.4052,20.0406],[92.8611,19.679],[93.2832,18.7264],[93.7609,18.2366],[94.1113,17.4408],[94.0082,16.9655],[93.9945,15.6952],[94.1213,15.5184],[96.0725,14.8072],[97.4922,14.2898],[97.5007,14.2867],[97.5743,14.1146],[97.5001,12.2862],[97.4971,12.2777],[97.2293,11.7914],[97.4986,10.3677],[97.5013,10.3592],[97.7163,9.6059],[98.2798,9.7667],[98.5268,9.9246]]]]},"properties":{"tzid":"Asia/Yangon"}},
{"type":"Feature","geometry":{"type":"Polygon","coordinates":[[[52.5683,54.3401],[52.0418,52.9646],[51.5232,52.6768],[51.3914,52.0693],[50.7682,51.773],[51.4315,51.4749],[52.3354,51.7433],[52.5956,51.4533],[53.3222,51.5095],[54.5182,50.8546],[54.5448,50.5277],[54.7398,51.0386],[55.7362,50.5503],[56.5137,51.0859],[57.1848,51.115],[57.507,50.876],[58.321,51.1623],[58.8743,50.6998],[59.8132,50.5355],[60.0149,50.8221],[60.809,50.6566],[61.449,50.8061],[61.6898,51.256],[60.1448,51.9069],[61.0668,52.3471],[60.7146,52.663],[61.251,53.0362],[62.1304,52.9901],[61.2262,53.2834],[61.5531,53.5931],[60.9935,53.907],[61.4809,54.0824],[62.0439,53.9485],[63.8036,54.2711],[65.222,54.3343],[65.2145,54.5414],[66.074,54.6409],[68.2341,54.9695],[68.177,55.1987],[68.9324,55.4418],[70.2276,55.1472],[70.4607,55.2855],[70.754,55.6091],[70.8011,56.4513],[71.6773,56.7652],[70.3923,57.7825],[70.8478,58.5235],[71.2116,58.0545],[72.8676,58.0014],[74.2196,58.1363],[75.1094,58.5757],[75.6381,59.2117],[76.6649,59.5712],[77.1105,60.8585],[79.2948,60.802],[79.3989,60.6358],[80.7048,60.8028],[82.1673,60.5163],[83.1567,61.0268],[84.2631,60.8625],[85.6966,61.2838],[85.9611,61.5451],[84.6779,61.8081],[84.4409,62.1957],[85.6198,63.0345],[85.2952,63.5111],[85.967,64.0485],[85.8337,64.7843],[84.2723,64.9353],[84.5094,65.4774],[83.5634,65.762],[83.0775,66.4538],[83.1449,66.8303],[82.1328,67.219],[82.8727,68.6743],[82.3959,69.1739],[79.9541,69.3417],[78.9098,69.8567],[80.7018,70.4805],[80.584,71.0432],[79.1431,71.3823],[80.3786,71.8779],[78.6257,72.1713],[77.7647,73.0251],[77.7299,73.6395],[75.0506,73.6336],[74.3857,73.309],[72.2103,73.3381],[71.4698,73.6173],[69.3768,73.4642],[68.321,72.6832],[67.5242,71.6679],[67.4962,71.6588],[66.3737,71.3574],[65.8951,70.5157],[66.3865,70.11],[64.965,69.5639],[64.5389,69.0288],[65.6526,68.5838],[65.4308,67.9101],[66.1335,67.9147],[66.0102,67.4091],[65.1392,66.9077],[63.4185,66.4666],[62.8406,65.8782],[61.7031,65.6023],[60.9482,65.0146],[59.8111,64.9109],[59.5263,64.5224],[59.8284,64.1344],[59.2038,63.0276],[59.6354,62.5485],[59.3489,61.6632],[58.8459,61.4959],[56.3783,61.4431],[56.2745,61.1919],[55.2759,61.1487],[54.9769,60.8599],[52.8707,61.0901],[51.7724,60.58],[52.3174,60.2275],[53.6866,60.0093],[53.2211,59.358],[53.903,59.0873],[53.7913,58.455],[54.1326,57.9554],[54.3138,57.0799],[53.841,56.5967],[54.4161,56.3112],[53.7039,55.9279],[54.2654,55.7032],[53.3187,55.1622],[53.6177,54.697],[53.3689,53.9742],[52.5683,54.3401]]]},"properties":{"tzid":"Asia/Yekaterinburg"}},
{"type":"Feature","geometry":{"type":"Polygon","coordinates":[[[43.4741,41.123],[43.7483,40.7309],[43.5469,40.4675],[43.8959,40.0218],[44.2746,40.0495],[44.7657,39.7145],[45.4734,39.4905],[45.7989,39.5713],[46.1407,38.8445],[46.534,38.8672],[46.5821,39.5498],[45.7806,39.9468],[45.9785,40.1905],[45.3633,40.6548],[45.608,40.8507],[45.015,41.297],[43.4741,41.123]]]},"properties":{"tzid":"Asia/Yerevan"}},
{"type":"Feature","geometry":{"type":"MultiPolygon","coordinates":[[[[-31.5429,39.5091],[-31.3529,39.1637],[-30.9771,39.2145],[-30.927,39.8641],[-31.3504,39.8176],[-31.5429,39.5091]]],[[[-29.094,38.6198],[-28.5719,38.2104],[-27.9288,38.2237],[-27.5081,38.5166],[-27.0944,38.409],[-26.7598,38.6947],[-26.9617,38.9467],[-27.8781,38.8106],[-27.7473,39.1846],[-28.0874,39.3032],[-28.2955,38.9592],[-29.094,38.6198]]],[[[-25.0421,36.7274],[-24.5513,37.3567],[-25.1486,38.0596],[-25.9456,38.0689],[-26.0595,37.721],[-25.3735,36.821],[-25.0421,36.7274]]]]},"properties":{"tzid":"Atlantic/Azores"}},
{"type":"Feature","geometry":{"type":"Polygon","coordinates":[[[-65.1188,32.319],[-64.9664,32.0683],[-64.4179,32.3055],[-64.7297,32.586],[-65.1188,32.319]]]},"properties":{"tzid":"Atlantic/Bermuda"}},
{"type":"Feature","geometry":{"type":"MultiPolygon","coordinates":[[[[-14.7247,28.1233],[-14.3123,27.8404],[-13.8103,28.0597],[-13.1058,29.3151],[-13.4067,29.885],[-13.7406,29.7804],[-14.389,28.4547],[-14.7247,28.1233]]],[[[-16.0629,27.9361],[-15.82,27.5853],[-15.3165,27.6251],[-15.1713,28.1989],[-15.4276,28.3822],[-15.8987,28.2767],[-16.0629,27.9361]]],[[[-17.5765,28.1178],[-17.2652,27.8133],[-16.4404,27.8411],[-15.9208,28.4342],[-16.3987,28.7682],[-17.4857,28.3394],[-17.5765,28.1178]]],[[[-18.2359,28.7925],[-18.0621,28.3587],[-17.7444,28.2631],[-17.4919,28.7452],[-17.9338,29.0586],[-18.2359,28.7925]]],[[[-18.3924,27.7347],[-18.0095,27.4343],[-17.7295,27.9666],[-18.0308,28.0325],[-18.3924,27.7347]]]]},"properties":{"tzid":"Atlantic/Canary"}},
{"type":"Feature","geometry":{"type":"Polygon","coordinates":[[[-22.5,15.9702],[-22.5,16.3031],[-22.5505,16.4539],[-22.9538,17.0551],[-24.2864,16.8907],[-24.9018,17.3383],[-25.5608,17.1246],[-25.3865,16.7234],[-24.5752,16.3754],[-24.9653,14.8359],[-24.7791,14.6172],[-23.4953,14.6974],[-22.9934,14.9828],[-22.5954,15.7636],[-22.5,15.9702]]]},"properties":{"tzid":"Atlantic/Cape_Verde"}},
{"type":"Feature","geometry":{"type":"Polygon","coordinates":[[[-7.5,61.5744],[-7.0133,61.2221],[-6.2665,61.2964],[-5.8293,62.3112],[-6.5023,62.5941],[-7.4989,62.4572],[-7.5,62.4567],[-8.1062,62.1449],[-7.5069,61.5796],[-7.5,61.5744]]]},"properties":{"tzid":"Atlantic/Faroe"}},
{"type":"Feature","geometry":{"type":"MultiPolygon","coordinates":[[[[-17.5034,32.8333],[-17.2079,32.4917],[-16.5743,32.2215],[-16.2307,32.3668],[-16.4152,32.7936],[-16.0431,33.0018],[-16.4779,33.2806],[-16.6258,32.9489],[-17.2482,33.0709],[-17.5034,32.8333]]],[[[-16.0507,29.8282],[-15.6879,30],[-15.8298,30.3573],[-16.2289,30.1805],[-16.0507,29.8282]]]]},"properties":{"tzid":"Atlantic/Madeira"}},
{"type":"Feature","geometry":{"type":"Polygon","coordinates":[[[-22.5,63.4173],[-20.774,63.1019],[-18.5781,63.193],[-16.5809,63.5876],[-14.77,64.0538],[-12.8218,64.6401],[-13.2196,64.7833],[-13.1572,65.5785],[-14.063,66.4484],[-15.8898,66.7267],[-17.3761,66.4565],[-18.2524,66.7432],[-18.3171,66.3769],[-20.1192,66.3368],[-22.5,66.6642],[-22.5442,66.6629],[-23.5396,66.5349],[-24.9887,65.4379],[-23.7161,63.6161],[-22.9863,63.5055],[-22.5,63.4173]]]},"properties":{"tzid":"Atlantic/Reykjavik"}},
{"type":"Feature","geometry":{"type":"MultiPolygon","coordinates":[[[[-27.2325,-59.2212],[-27.7618,-59.535],[-26.6986,-59.5488],[-27.2325,-59.2212]]],[[[-26.7048,-59.2415],[-26.0658,-59.0687],[-26.4758,-58.7709],[-27.1201,-59.0232],[-26.7048,-59.2415]]],[[[-26.3553,-58.1824],[-26.7878,-58.5779],[-25.8946,-58.5499],[-26.3553,-58.1824]]],[[[-26.392,-58.0248],[-26.0226,-57.8581],[-26.5462,-57.5647],[-26.8658,-57.9114],[-26.392,-58.0248]]],[[[-26.6702,-56.8776],[-27.1936,-57.1851],[-26.3205,-57.1247],[-26.6702,-56.8776]]],[[[-27.6144,-56.7518],[-26.8472,-56.8366],[-27.1951,-56.4824],[-27.6144,-56.7518]]],[[[-27.9656,-56.2995],[-27.4864,-56.513],[-27.4805,-56.0865],[-27.9656,-56.2995]]],[[[-41.9145,-53.3573],[-42.2096,-53.7165],[-41.5735,-53.7951],[-41.9145,-53.3573]]],[[[-34.2916,-55.073],[-35.0288,-54.9244],[-34.965,-55.1893],[-34.2916,-55.073]]],[[[-37.5,-53.766],[-38.512,-53.8339],[-38.629,-54.061],[-37.5,-54.5759],[-37.3838,-54.6419],[-36.3357,-55.0823],[-35.5941,-54.9935],[-35.3889,-54.6822],[-36.1148,-54.0935],[-37.4979,-53.766],[-37.5,-53.766]]]]},"properties":{"tzid":"Atlantic/South_Georgia"}},
{"type":"Feature","geometry":{"type":"MultiPolygon","coordinates":[[[[-14.5192,-8.153],[-14.0955,-7.917],[-14.4218,-7.694],[-14.5192,-8.153]]],[[[-5.7569,-16.23],[-5.4619,-16.097],[-5.5391,-15.747],[-5.9885,-15.939],[-5.7569,-16.23]]],[[[-9.9974,-40.561],[-9.6974,-40.168],[-10.2771,-40.277],[-9.9974,-40.561]]],[[[-12.0874,-37.304],[-12.1244,-36.895],[-12.9277,-37.201],[-12.6277,-37.599],[-12.0874,-37.304]]]]},"properties":{"tzid":"Atlantic/St_Helena"}},
{"type":"Feature","geometry":{"type":"Polygon","coordinates":[[[-57.6553,-51.2511],[-58.9051,-51.0376],[-59.4822,-51.0714],[-61.529,-50.8027],[-61.6692,-51.8223],[-60.7313,-52.453],[-58.9009,-52.65],[-57.5278,-51.8767],[-57.6553,-51.2511]]]},"properties":{"tzid":"Atlantic/Stanley"}},
{"type":"Feature","geometry":{"type":"Polygon","coordinates":[[[140.9637,-38.2742],[140.9669,-36.3052],[141.0028,-34.0211],[141.0011,-32.2183],[141.0009,-31.5916],[140.9993,-28.9991],[140.9994,-25.9964],[137.9991,-25.9969],[134.6743,-25.9982],[132.3765,-25.9986],[129.0018,-25.9986],[129.0019,-29.3252],[129.0019,-31.3],[129.0014,-31.9126],[131.1839,-31.6906],[131.6955,-31.9331],[132.0273,-32.3274],[132.8524,-32.3074],[133.0967,-32.8442],[133.7947,-32.8976],[134.3433,-33.5131],[134.0673,-33.642],[134.0685,-34.1505],[134.8037,-33.8587],[135,-34.1233],[134.5838,-34.5134],[134.5969,-34.9912],[135.2895,-34.9112],[136.7007,-36.3283],[137.2066,-36.597],[137.8471,-36.0703],[138.8832,-35.7956],[139.5731,-36.5882],[139.3561,-37.0185],[140.2262,-38.0755],[140.9637,-38.2742]]]},"properties":{"tzid":"Australia/Adelaide"}},
{"type":"Feature","geometry":{"type":"MultiPolygon","coordinates":[[[[156.0136,-17.5809],[155.9513,-17.1679],[155.6875,-17.5604],[156.0136,-17.5809]]],[[[153.6506,-22.1189],[153.9814,-21.6046],[153.6434,-21.4907],[153.2988,-21.8376],[153.6506,-22.1189]]],[[[154.5529,-21.1487],[154.2906,-20.7481],[154.213,-21.1752],[154.5529,-21.1487]]],[[[155.5952,-21.4496],[156.0074,-21.2037],[155.5613,-20.9804],[155.5952,-21.4496]]],[[[155.1744,-22.4063],[155.6493,-22.3048],[155.5733,-21.9918],[154.9481,-22.1238],[155.1744,-22.4063]]],[[[155.6311,-23.4458],[155.603,-23.0448],[155.3301,-23.3281],[155.6311,-23.4458]]],[[[151.8637,-20.867],[151.5097,-20.9474],[151.5582,-21.5631],[151.9693,-21.5938],[152.0845,-22.1398],[152.5149,-22.588],[152.8037,-22.5482],[152.967,-22.0662],[152.7631,-21.6153],[152.8423,-20.9815],[152.1946,-20.7229],[151.8637,-20.867]]],[[[151.135,-21.6336],[151.3413,-22.0092],[151.4548,-21.7192],[151.135,-21.6336]]],[[[152.0402,-19.4034],[152.5891,-19.2802],[152.4542,-18.7864],[152.1742,-18.742],[152.0402,-19.4034]]],[[[151.285,-17.3479],[150.6162,-17.3358],[150.742,-17.849],[151.1431,-17.6469],[151.4994,-17.8322],[152.174,-17.53],[152.3582,-17.2091],[152.1387,-16.9099],[151.7369,-16.9404],[151.285,-17.3479]]],[[[150.1667,-16.7303],[150.5041,-16.7385],[150.4065,-16.3423],[149.9854,-15.9079],[149.7732,-16.3883],[150.1667,-16.7303]]],[[[149.7028,-16.9104],[150.1629,-17.0776],[150.0677,-16.7294],[149.7028,-16.9104]]],[[[148.9298,-17.0509],[149.3186,-17.1581],[149.2617,-16.727],[148.9298,-17.0509]]],[[[148.3003,-16.4731],[148.1978,-16.2545],[147.7084,-16.2378],[147.7021,-16.7154],[148.3003,-16.4731]]],[[[148.7443,-17.8595],[148.6814,-17.3775],[148.2394,-17.3924],[148.1589,-17.8011],[148.5906,-18.0707],[148.7443,-17.8595]]],[[[149.1006,-19.7565],[149.5103,-20.0865],[149.9445,-19.8084],[149.6672,-19.3256],[149.3128,-19.386],[149.1006,-19.7565]]],[[[142.0594,-9.2605],[142.0594,-9.2612],[142.3082,-9.2469],[142.0938,-9.2265],[142.0594,-9.2605]]],[[[142.5624,-9.3724],[142.5258,-9.3618],[142.4958,-9.3663],[142.4991,-9.4754],[142.5035,-9.4787],[142.8511,-9.3916],[142.8519,-9.3784],[142.7469,-9.3336],[142.5624,-9.3724]]],[[[140.9993,-28.9991],[143.5891,-28.999],[146.1992,-28.9987],[148.9581,-28.9991],[149.4564,-28.5926],[150.2956,-28.5395],[151.2747,-28.9386],[152.0097,-28.9077],[151.9554,-28.5192],[152.4616,-28.2608],[153.1098,-28.3573],[153.7597,-28.0725],[153.6962,-26.8989],[153.3624,-26.6959],[153.2998,-25.6868],[153.5672,-25.0776],[153.2386,-24.4559],[152.2681,-24.4436],[151.8618,-23.7271],[152.7824,-24.3097],[152.6495,-23.9158],[152.0872,-23.0569],[151.572,-23.1262],[151.4755,-23.446],[150.9162,-21.9247],[150.3949,-21.2555],[150.4448,-20.9634],[149.3577,-20.4552],[149.0011,-20.568],[148.6764,-19.8165],[148.4816,-19.5598],[148.0462,-19.6596],[147.4974,-19.1249],[147.045,-18.9666],[147.4024,-18.4782],[147.1666,-18.0452],[146.4632,-17.3204],[146.5458,-16.771],[145.8124,-15.8461],[145.7563,-15.3589],[145.928,-15.0137],[145.6688,-14.3183],[144.5043,-13.7409],[144.1988,-13.2979],[144.0049,-12.5427],[144.3152,-11.7441],[144.2577,-11.1199],[143.9602,-11.0123],[143.5101,-11.3752],[143.4723,-11.0936],[143.8326,-10.9],[143.6978,-10.2858],[144.0831,-10.3404],[144.4387,-9.9314],[144.2511,-9.4985],[143.8011,-9.3652],[142.6983,-9.6818],[142.4379,-9.6957],[141.9073,-9.8473],[141.713,-10.6622],[141.916,-11.3051],[141.386,-12.5059],[141.4419,-13.2443],[141.2623,-13.8457],[141.4322,-15.0121],[141.2,-16.0589],[140.6886,-17.2385],[140.3133,-17.4731],[139.7635,-17.3285],[140.0831,-16.7449],[139.93,-16.3078],[139.2598,-16.0283],[138.8507,-16.6261],[138.1282,-16.3694],[137.9947,-16.5235],[137.9962,-19.7353],[137.9976,-21.8711],[137.9984,-23.5442],[137.9991,-25.9969],[140.9994,-25.9964],[140.9993,-28.9991]]]]},"properties":{"tzid":"Australia/Brisbane"}},
{"type":"Feature","geometry":{"type":"Polygon","coordinates":[[[141.0009,-31.5916],[141.0011,-32.2183],[141.928,-32.3042],[141.9727,-31.593],[141.0009,-31.5916]]]},"properties":{"tzid":"Australia/Broken_Hill"}},
{"type":"Feature","geometry":{"type":"Polygon","coordinates":[[[138.1282,-16.3694],[137.3246,-15.8207],[136.9841,-15.2914],[136.3493,-15.218],[135.9777,-14.8836],[136.1361,-14.4266],[136.8094,-14.6489],[137.191,-14.2771],[137.1772,-13.6265],[136.8972,-13.0101],[137.1662,-12.4556],[136.96,-10.952],[136.6766,-10.8047],[136.3203,-11.2914],[135.5133,-11.7387],[135.2728,-11.4232],[134.9376,-11.7163],[134.4588,-11.8487],[133.4754,-11.2629],[133.1257,-11.2689],[133.1247,-10.7188],[132.2332,-10.9023],[131.2884,-10.9857],[130.7701,-11.1378],[130.2069,-10.9271],[129.8166,-11.7324],[130.0927,-12.5855],[129.5494,-13.661],[129.3309,-13.6708],[129.0532,-14.4383],[129.0005,-16.5469],[129.0005,-19.2485],[129.0005,-21.1841],[129.0005,-23.2092],[129.0018,-25.9986],[132.3765,-25.9986],[134.6743,-25.9982],[137.9991,-25.9969],[137.9984,-23.5442],[137.9976,-21.8711],[137.9962,-19.7353],[137.9947,-16.5235],[138.1282,-16.3694]]]},"properties":{"tzid":"Australia/Darwin"}},
{"type":"Feature","geometry":{"type":"Polygon","coordinates":[[[129.0014,-31.9126],[129.0019,-31.3],[125.5,-31.3],[125.5,-32.7773],[126.0487,-32.4764],[127.489,-32.4262],[127.5016,-32.4228],[129.0014,-31.9126]]]},"properties":{"tzid":"Australia/Eucla"}},
{"type":"Feature","geometry":{"type":"Polygon","coordinates":[[[147.2876,-39.1985],[145.9999,-39.1985],[147.0422,-39.9521],[147.4228,-39.9639],[147.7728,-40.5841],[147.149,-40.6523],[146.2699,-40.9506],[145.531,-40.6402],[145.1241,-40.2385],[144.3545,-40.1047],[144.3239,-39.557],[143.9841,-39.3578],[143.556,-39.6492],[143.6659,-40.2384],[144.423,-40.7774],[144.34,-41.0248],[144.6788,-41.8145],[144.9633,-42.0622],[145.002,-42.6792],[145.8036,-43.6859],[146.9279,-44.0582],[147.2686,-43.752],[148.2644,-43.3128],[148.5972,-42.4148],[148.6178,-40.9665],[148.754,-40.4993],[148.5708,-39.8255],[148.2049,-39.5147],[147.2876,-39.1985]]]},"properties":{"tzid":"Australia/Hobart"}},
{"type":"Feature","geometry":{"type":"Polygon","coordinates":[[[148.6764,-19.8165],[149.0011,-20.568],[149.3577,-20.4552],[149.109,-19.9117],[148.6764,-19.8165]]]},"properties":{"tzid":"Australia/Lindeman"}},
{"type":"Feature","geometry":{"type":"Polygon","coordinates":[[[159.3625,-31.5772],[158.9935,-31.2966],[158.8012,-31.513],[159.1446,-31.9515],[159.3625,-31.5772]]]},"properties":{"tzid":"Australia/Lord_Howe"}},
{"type":"Feature","geometry":{"type":"Polygon","coordinates":[[[145.9999,-39.1985],[147.2876,-39.1985],[146.9398,-38.8671],[147.6494,-38.2993],[148.2605,-38.0219],[149.546,-37.9708],[150.2018,-37.5956],[148.1949,-36.7962],[147.9976,-36.0465],[147.7102,-35.9294],[147.0322,-36.1147],[146.5021,-35.9577],[145.7951,-35.9836],[145.536,-35.8026],[144.9681,-35.8658],[144.7762,-36.1292],[144.1058,-35.5917],[143.3956,-35.193],[143.3515,-34.7957],[142.6996,-34.6004],[142.5245,-34.76],[142.2203,-34.1817],[141.5068,-34.2148],[141.0028,-34.0211],[140.9669,-36.3052],[140.9637,-38.2742],[141.5064,-38.6311],[142.4967,-38.6384],[142.5059,-38.6446],[143.0863,-38.9334],[143.6992,-39.0222],[144.5358,-38.4898],[145.6409,-38.8804],[145.9999,-39.1985]]]},"properties":{"tzid":"Australia/Melbourne"}},
{"type":"Feature","geometry":{"type":"MultiPolygon","coordinates":[[[[123.3629,-14.2185],[123.678,-14.2797],[123.6237,-13.9135],[123.3629,-14.2185]]],[[[121.581,-14.3091],[122.1248,-14.2624],[122.1808,-13.5064],[121.8963,-13.449],[121.5368,-14.0118],[121.581,-14.3091]]],[[[118.8819,-17.8558],[119.1832,-17.5229],[119.5635,-17.4645],[119.2696,-17.0558],[118.8288,-17.3303],[118.8819,-17.8558]]],[[[113.5216,-28.8679],[113.8909,-29.1878],[114.2702,-28.7842],[114.0188,-28.3704],[113.4939,-28.0824],[113.3634,-28.3765],[113.5216,-28.8679]]],[[[127.4905,-13.7452],[127.044,-13.5182],[126.3166,-13.5422],[125.8055,-13.2577],[125.5935,-13.6953],[124.767,-14.2436],[124.5512,-14.7235],[123.811,-15.264],[123.6865,-15.1325],[122.9191,-15.3066],[123.1942,-15.8384],[122.3561,-16.7275],[121.9182,-16.7116],[121.9419,-18.1609],[121.3818,-18.6635],[121.3043,-19.0044],[120.5978,-19.5527],[119.5856,-19.8185],[119.2725,-19.4543],[118.9367,-19.4335],[118.5907,-20.0674],[118.1022,-20.1408],[117.4024,-20.5011],[116.8312,-20.1507],[116.4948,-20.2719],[115.2559,-20.1114],[115.0672,-20.9321],[114.6402,-21.3496],[113.844,-21.7046],[113.408,-22.5967],[113.5517,-23.3975],[113.2093,-23.9981],[112.7151,-25.4703],[113.0914,-26.4786],[113.7643,-27.3217],[113.9649,-28.1859],[114.676,-29.2512],[114.6273,-29.7487],[114.797,-30.5787],[115.4691,-31.7894],[115.4488,-33.1127],[115.2869,-33.4342],[114.7852,-33.4445],[114.8061,-34.3919],[115.3749,-34.5718],[116.1272,-35.2021],[117.3309,-35.2443],[117.8311,-35.3894],[118.6221,-35.1091],[119.0212,-34.6831],[119.7253,-34.5626],[119.8094,-34.2562],[120.2128,-34.1495],[120.8423,-34.2764],[121.2537,-34.0679],[121.7852,-34.5839],[122.4546,-34.4026],[123.286,-34.3628],[123.7117,-34.519],[124.4154,-33.8258],[124.225,-33.5252],[124.4484,-33.1454],[125.5,-32.7773],[125.5,-31.3],[129.0019,-31.3],[129.0019,-29.3252],[129.0018,-25.9986],[129.0005,-23.2092],[129.0005,-21.1841],[129.0005,-19.2485],[129.0005,-16.5469],[129.0532,-14.4383],[128.0498,-14.3328],[127.5008,-13.7487],[127.4905,-13.7452]]],[[[115,-86],[135,-86],[150,-86],[160,-86],[160,-70],[150,-70],[135,-70],[120,-70],[115,-70],[115,-86]]]]},"properties":{"tzid":"Australia/Perth"}},
{"type":"Feature","geometry":{"type":"Polygon","coordinates":[[[141.0028,-34.0211],[141.5068,-34.2148],[142.2203,-34.1817],[142.5245,-34.76],[142.6996,-34.6004],[143.3515,-34.7957],[143.3956,-35.193],[144.1058,-35.5917],[144.7762,-36.1292],[144.9681,-35.8658],[145.536,-35.8026],[145.7951,-35.9836],[146.5021,-35.9577],[147.0322,-36.1147],[147.7102,-35.9294],[147.9976,-36.0465],[148.1949,-36.7962],[150.2018,-37.5956],[150.1912,-36.9064],[150.4777,-36.2657],[150.41,-35.9771],[151.0917,-35.0371],[151.1949,-34.3488],[152.0171,-33.0077],[152.7772,-32.5271],[152.7779,-32.1193],[153.1677,-31.5153],[153.2655,-30.5509],[153.6206,-29.9644],[153.5415,-29.7647],[153.866,-28.6482],[153.7597,-28.0725],[153.1098,-28.3573],[152.4616,-28.2608],[151.9554,-28.5192],[152.0097,-28.9077],[151.2747,-28.9386],[150.2956,-28.5395],[149.4564,-28.5926],[148.9581,-28.9991],[146.1992,-28.9987],[143.5891,-28.999],[140.9993,-28.9991],[141.0009,-31.5916],[141.9727,-31.593],[141.928,-32.3042],[141.0011,-32.2183],[141.0028,-34.0211]]]},"properties":{"tzid":"Australia/Sydney"}},
{"type":"Feature","geometry":{"type":"Polygon","coordinates":[[[-17,-86],[-5.5,-86],[-5.5,-69],[-17,-71],[-17,-86]]]},"properties":{"tzid":"Etc/UTC"}},
{"type":"Feature","geometry":{"type":"Polygon","coordinates":[[[7.1917,53.3151],[6.3672,53.7428],[5.0141,53.5682],[4.5393,53.3208],[4.2088,52.4341],[3.0808,51.5505],[3.8864,51.2002],[4.3854,51.4496],[5.4876,51.2997],[6.021,50.7543],[6.4075,51.8281],[7.0721,52.3519],[7.1917,53.3151]]]},"properties":{"tzid":"Europe/Amsterdam"}},
{"type":"Feature","geometry":{"type":"Polygon","coordinates":[[[1.442,42.6037],[1.5158,42.4288],[1.7259,42.5027],[1.442,42.6037]]]},"properties":{"tzid":"Europe/Andorra"}},
{"type":"Feature","geometry":{"type":"Polygon","coordinates":[[[47.123,48.2685],[46.4932,48.4326],[46.622,48.6677],[46.0384,48.8636],[44.961,48.2709],[46.008,47.5648],[46.5363,47.4034],[46.9622,46.9742],[46.9647,46.4455],[46.4493,46.1776],[46.4777,45.7005],[47.296,45.6768],[47.8268,45.2623],[48.8959,45.4548],[49.8861,46.0458],[48.4779,46.6706],[48.996,46.7431],[48.1117,47.7449],[47.1944,47.7608],[47.123,48.2685]]]},"properties":{"tzid":"Europe/Astrakhan"}},
{"type":"Feature","geometry":{"type":"MultiPolygon","coordinates":[[[[25.1812,36.15],[25.5526,36.3002],[25.2665,36.5144],[25.1812,36.15]]],[[[27.0193,35.3192],[27.3422,35.4901],[27.2136,35.9861],[26.8021,35.275],[27.0193,35.3192]]],[[[24.9407,35.5089],[24.3604,35.4426],[23.7695,35.7725],[23.3987,35.6406],[23.4595,35.2039],[24.3315,35.1019],[24.7163,34.8412],[25.8323,34.9191],[26.1514,34.8371],[26.4525,35.2667],[25.8613,35.2794],[24.9407,35.5089]]],[[[24.6211,39.0045],[24.2602,38.7884],[24.7788,38.7506],[24.6211,39.0045]]],[[[25.051,40.0713],[24.9504,39.8031],[25.4329,39.7344],[25.5341,40.0724],[25.051,40.0713]]],[[[21.2718,37.2635],[20.7998,37.3838],[20.8661,37.0746],[21.2718,37.2635]]],[[[28.1546,36.5182],[27.5471,36.3239],[27.3032,36.6207],[27.2654,36.7254],[27.279,36.7514],[27.4557,36.8546],[27.452,36.8808],[27.1406,37.0289],[27.1512,37.0828],[27.1339,37.1416],[26.9474,37.5823],[27.1365,37.8355],[26.7417,37.8922],[25.9935,37.6834],[26.7873,37.0325],[26.8935,36.4375],[27.1822,36.4771],[27.7906,35.7989],[28.1906,36.0004],[28.195,36.5358],[28.1546,36.5182]],[[27.101,37.4287],[27.0673,37.5413],[27.2014,37.2641],[27.1008,37.3861],[27.101,37.4287]]],[[[26.2008,38.1913],[26.2548,38.6121],[25.8314,38.6565],[25.763,38.2466],[26.2008,38.1913]]],[[[26.6363,39.1887],[26.4728,39.4023],[26.4431,39.4269],[26.0681,39.3879],[25.7335,39.1613],[26.3914,38.8849],[26.6947,38.9782],[26.7086,39.065],[26.6363,39.1887]]],[[[26.358,41.7111],[26.1322,41.355],[25.2884,41.2357],[24.5257,41.5686],[22.9276,41.3385],[22.0616,41.16],[21.7568,40.9251],[20.9797,40.8525],[20.6781,40.0954],[20.2287,39.6519],[19.3057,40.0606],[19.1838,39.7059],[19.9671,39.0514],[20.4462,38.9573],[20.0882,38.1448],[20.7316,37.4597],[21.4199,37.3572],[21.4665,36.6508],[22.0701,36.5504],[22.5,36.1852],[23.1683,36.0515],[23.2982,36.4721],[22.9988,37.2368],[23.4935,37.1797],[23.6601,37.7395],[24.1646,37.581],[24.369,37.0505],[24.0952,36.4767],[24.5907,36.6085],[24.8582,36.9199],[25.3365,36.8931],[24.951,36.5123],[26.5737,36.9469],[26.4436,37.1026],[25.7813,36.9127],[26.002,37.1818],[25.0264,37.2693],[24.8602,36.9759],[24.1415,37.935],[24.5993,37.877],[24.8713,37.2831],[25.6404,37.4855],[24.3583,38.2615],[24.3426,38.6981],[23.5472,38.8953],[24.0818,38.9564],[24.4009,39.2804],[24.2017,39.5834],[23.7595,39.2191],[23.4074,39.2793],[22.6508,40.145],[22.8344,40.3087],[23.2571,39.9413],[24.0761,39.9069],[24.0999,40.2092],[24.4974,40.1275],[24.0751,40.6424],[24.4779,40.8019],[24.6233,40.4792],[25.0754,40.8928],[25.9498,40.6887],[26.6251,41.3438],[26.358,41.7111]]]]},"properties":{"tzid":"Europe/Athens"}},
{"type":"Feature","geometry":{"type":"Polygon","coordinates":[[[20.5944,41.8772],[21.1039,42.206],[22.3602,42.3111],[22.5355,42.8821],[22.9832,43.1115],[22.3571,43.8095],[22.676,44.2162],[22.484,44.7078],[22.1842,44.4822],[21.3671,44.8645],[21.5148,45.1712],[21.0166,45.3246],[20.8231,45.7751],[20.2643,46.1264],[19.5676,46.1787],[18.8902,45.9221],[18.815,45.9094],[18.8553,45.8591],[18.8534,45.826],[18.848,45.8151],[18.8742,45.7844],[18.8939,45.7516],[18.9283,45.6893],[18.9329,45.6875],[18.9594,45.6755],[18.9669,45.666],[18.9417,45.6441],[18.9354,45.6345],[18.9144,45.6006],[18.899,45.5837],[18.9234,45.5498],[18.9969,45.3612],[19.0536,45.3431],[19.1866,45.2667],[19.2607,45.2427],[19.0214,44.8554],[19.3693,44.8805],[19.1147,44.3438],[19.5318,43.6678],[19.2257,43.5284],[20.3458,42.9109],[20.0763,42.5558],[20.5944,41.8772]]]},"properties":{"tzid":"Europe/Belgrade"}},
{"type":"Feature","geometry":{"type":"Polygon","coordinates":[[[10.4544,47.5558],[11.2725,47.398],[11.6064,47.5816],[13.0989,47.6352],[12.7497,48.1109],[13.7271,48.513],[13.8396,48.7716],[12.4031,49.7619],[12.1997,50.1106],[12.512,50.3973],[14.388,50.8992],[14.8234,50.8706],[15.0329,51.2944],[14.5903,51.8378],[14.6382,52.5744],[14.1237,52.8454],[14.4496,53.2595],[14.0783,54.4411],[13.6498,54.839],[13.1792,54.8629],[11.6444,54.3308],[10.1694,54.7382],[9.3437,54.8002],[8.0444,55.0992],[8.1614,54.3333],[7.6518,54.3517],[7.5,53.9598],[6.3672,53.7428],[7.1917,53.3151],[7.0721,52.3519],[6.4075,51.8281],[6.021,50.7543],[6.4003,50.3437],[6.1378,50.1299],[6.1377,50.1299],[6.1983,49.9484],[6.2239,49.9278],[6.3677,49.4694],[6.3688,49.4692],[6.7386,49.1637],[7.494,49.1694],[8.2229,48.9759],[7.8417,48.6435],[7.589,47.5899],[9.2566,47.6587],[9.5587,47.5419],[10.227,47.3888],[10.4544,47.5558]]]},"properties":{"tzid":"Europe/Berlin"}},
{"type":"Feature","geometry":{"type":"Polygon","coordinates":[[[22.5657,49.088],[21.2775,49.4609],[20.3251,49.403],[20.0881,49.1796],[19.4674,49.6138],[18.8509,49.5171],[18.184,49.287],[17.8853,48.9277],[17.1923,48.8747],[16.9402,48.6165],[17.1608,48.0067],[17.7183,47.7542],[18.6689,47.7626],[18.82,48.0397],[19.9069,48.1288],[20.5065,48.5344],[21.4395,48.5853],[22.1553,48.4034],[22.5657,49.088]]]},"properties":{"tzid":"Europe/Bratislava"}},
{"type":"Feature","geometry":{"type":"Polygon","coordinates":[[[6.021,50.7543],[5.4876,51.2997],[4.3854,51.4496],[3.8864,51.2002],[3.0808,51.5505],[2.3889,51.2683],[2.6351,50.8129],[4.2201,50.2517],[4.1949,49.9567],[4.6944,49.9963],[5.8186,49.5464],[6.1377,50.1299],[6.1378,50.1299],[6.4003,50.3437],[6.021,50.7543]]]},"properties":{"tzid":"Europe/Brussels"}},
{"type":"Feature","geometry":{"type":"Polygon","coordinates":[[[30.0454,45.0867],[29.3235,45.4481],[28.7139,45.2236],[28.2139,45.4672],[28.0859,46.009],[28.2524,46.612],[26.6302,48.2596],[26.1844,47.9947],[24.8831,47.7244],[23.1513,48.1127],[22.8963,47.9541],[22.0455,47.5398],[21.1806,46.3041],[20.2643,46.1264],[20.8231,45.7751],[21.0166,45.3246],[21.5148,45.1712],[21.3671,44.8645],[22.1842,44.4822],[22.484,44.7078],[22.676,44.2162],[22.8805,43.8331],[25.401,43.6188],[26.1037,43.9698],[26.9394,44.1384],[27.9168,44.0083],[28.2362,43.7585],[28.8556,43.7386],[29.2239,44.5413],[29.6717,44.6051],[30.0454,45.0867]]]},"properties":{"tzid":"Europe/Bucharest"}},
{"type":"Feature","geometry":{"type":"Polygon","coordinates":[[[17.1608,48.0067],[17.0931,47.7083],[16.4215,47.6653],[16.4437,47.0382],[16.1139,46.8691],[16.5967,46.4759],[17.3547,45.941],[18.3378,45.7471],[18.815,45.9094],[18.8902,45.9221],[19.5676,46.1787],[20.2643,46.1264],[21.1806,46.3041],[22.0455,47.5398],[22.8963,47.9541],[22.1553,48.4034],[21.4395,48.5853],[20.5065,48.5344],[19.9069,48.1288],[18.82,48.0397],[18.6689,47.7626],[17.7183,47.7542],[17.1608,48.0067]]]},"properties":{"tzid":"Europe/Budapest"}},
{"type":"Feature","geometry":{"type":"Polygon","coordinates":[[[8.7021,47.6919],[8.7013,47.7152],[8.6647,47.7134],[8.7021,47.6919]]]},"properties":{"tzid":"Europe/Busingen"}},
{"type":"Feature","geometry":{"type":"Polygon","coordinates":[[[26.6302,48.2596],[28.2524,46.612],[28.0859,46.009],[28.2139,45.4672],[28.5152,45.4999],[29.2358,46.5583],[30.1637,46.4135],[29.5958,46.9636],[29.5741,47.3705],[29.191,47.4251],[29.1753,47.9938],[28.0793,48.2461],[27.5811,48.491],[26.6302,48.2596]]]},"properties":{"tzid":"Europe/Chisinau"}},
{"type":"Feature","geometry":{"type":"MultiPolygon","coordinates":[[[[14.3444,55.1476],[14.858,54.8095],[15.3183,54.8366],[15.5458,55.3599],[14.8503,55.4916],[14.3444,55.1476]]],[[[12.6408,55.3367],[12.8941,55.6436],[12.3678,56.214],[11.2719,56.5523],[11.9083,56.6014],[11.7121,56.936],[11.1552,56.6746],[10.7558,57.0448],[11.5068,57.1916],[10.7263,57.941],[9.7407,57.7597],[9.2659,57.364],[8.3334,57.2707],[7.749,56.5458],[7.7264,55.5098],[8.0444,55.0992],[9.3437,54.8002],[10.1694,54.7382],[10.8281,54.7468],[11.795,54.4517],[12.8378,54.8556],[12.6408,55.3367]]]]},"properties":{"tzid":"Europe/Copenhagen"}},
{"type":"Feature","geometry":{"type":"Polygon","coordinates":[[[-5.826,53.8702],[-6.6238,54.0365],[-7.0287,54.4213],[-7.6104,54.1438],[-8.1775,54.4648],[-7.6943,54.6136],[-6.7443,55.415],[-7.5,55.5721],[-8.3584,55.465],[-9.1573,54.737],[-9.0256,54.497],[-9.7921,54.567],[-10.3649,54.405],[-10.6593,54.04],[-10.5485,53.326],[-9.8247,52.91],[-10.2496,52.498],[-10.9288,52.195],[-10.8159,51.661],[-10.4109,51.398],[-9.413,51.232],[-8.4102,51.419],[-7.5,51.7886],[-6.0126,52.042],[-5.6657,52.971],[-5.826,53.8702]]]},"properties":{"tzid":"Europe/Dublin"}},
{"type":"Feature","geometry":{"type":"Polygon","coordinates":[[[-5.2768,36.1495],[-5.3846,36.1548],[-5.3706,36.0651],[-5.2768,36.1495]]]},"properties":{"tzid":"Europe/Gibraltar"}},
{"type":"Feature","geometry":{"type":"Polygon","coordinates":[[[-2.0989,49.4596],[-2.0547,49.9201],[-2.4675,49.9147],[-2.9332,49.3034],[-2.5605,49.2199],[-2.0989,49.4596]]]},"properties":{"tzid":"Europe/Guernsey"}},
{"type":"Feature","geometry":{"type":"Polygon","coordinates":[[[20.3775,60.8767],[21.1438,60.5474],[21.3456,59.8856],[20.8132,59.4727],[22.5,59.5544],[26.0173,59.9768],[27.293,60.2002],[29.2448,61.2707],[31.2216,62.4986],[31.5867,62.9087],[29.9719,63.7572],[30.528,64.0489],[29.7396,64.7898],[29.6018,65.2599],[30.1385,65.6687],[29.0733,66.9962],[30.0171,67.6735],[28.6461,68.1963],[28.4339,68.5397],[28.9293,69.0519],[29.1339,69.6953],[27.616,70.075],[25.8915,69.6655],[25.6281,68.8933],[25.0694,68.6199],[23.9833,68.8271],[22.3745,68.7167],[21.6271,69.2766],[20.5486,69.06],[23.0699,68.3006],[23.6367,67.966],[23.3941,67.4854],[23.9953,66.8218],[23.65,66.4543],[24.1328,65.5154],[23.8358,64.6655],[22.5,64.1088],[21.3674,63.6336],[20.1636,63.1664],[20.9032,61.6462],[20.3775,60.8767]]]},"properties":{"tzid":"Europe/Helsinki"}},
{"type":"Feature","geometry":{"type":"Polygon","coordinates":[[[-4.8686,54.434],[-5.1706,54.048],[-4.4316,53.889],[-4.0344,54.479],[-4.8686,54.434]]]},"properties":{"tzid":"Europe/Isle_of_Man"}},
{"type":"Feature","geometry":{"type":"Polygon","coordinates":[[[27.6482,36.5808],[27.9578,36.4752],[28.1546,36.5182],[28.195,36.5358],[28.5124,36.708],[29.3871,36.1612],[29.6528,36.028],[30.5898,36.02],[30.8322,36.647],[31.9207,36.335],[32.2232,36.016],[32.8683,35.824],[34.0927,36.062],[34.7155,36.593],[35.6922,36.0338],[36.1731,35.8266],[36.6651,36.827],[37.4741,36.6331],[38.2368,36.9228],[38.7469,36.7066],[39.8199,36.7563],[40.9155,37.1313],[42.3494,37.1127],[42.7937,37.3807],[44.2684,37.2444],[44.2516,36.9824],[44.7843,37.1439],[44.6304,37.7063],[44.2227,37.8882],[44.5101,38.3452],[44.0523,39.4053],[44.8094,39.6273],[44.7657,39.7145],[44.2746,40.0495],[43.8959,40.0218],[43.5469,40.4675],[43.7483,40.7309],[43.4741,41.123],[42.8404,41.5893],[41.8236,41.4306],[41.2994,41.612],[40.1516,41.14],[39.449,41.305],[38.4586,41.13],[37.505,41.286],[37.4995,41.288],[36.6846,41.583],[36.4326,41.508],[35.9337,41.934],[35.5913,41.837],[35.2973,42.224],[34.6822,42.146],[33.2841,42.215],[32.4845,42.013],[31.2404,41.475],[31.1268,41.297],[29.0279,41.4564],[28.416,41.67],[28.3238,41.9813],[27.56,41.9051],[27.2937,42.0972],[26.6237,41.9796],[26.358,41.7111],[26.6251,41.3438],[25.9498,40.6887],[26.459,40.53],[25.5969,40.2043],[26.0094,40.0543],[26.0681,39.3879],[26.4431,39.4269],[26.4728,39.4023],[26.6363,39.1887],[26.7086,39.065],[26.6947,38.9782],[26.2548,38.6121],[26.2008,38.1913],[27.1365,37.8355],[26.9474,37.5823],[27.0673,37.5413],[27.101,37.4287],[27.1008,37.3861],[27.2014,37.2641],[27.1339,37.1416],[27.1512,37.0828],[27.1406,37.0289],[27.452,36.8808],[27.4557,36.8546],[27.279,36.7514],[27.2654,36.7254],[27.3032,36.6207],[27.6482,36.5808]]]},"properties":{"tzid":"Europe/Istanbul"}},
{"type":"Feature","geometry":{"type":"Polygon","coordinates":[[[-2.5605,49.2199],[-2.5267,48.9269],[-1.9847,48.8824],[-2.0989,49.4596],[-2.5605,49.2199]]]},"properties":{"tzid":"Europe/Jersey"}},
{"type":"Feature","geometry":{"type":"Polygon","coordinates":[[[22.792,54.3633],[22.8552,54.8879],[20.6557,55.3842],[19.6058,54.9796],[19.4042,54.6039],[19.6469,54.4534],[21.4958,54.324],[22.792,54.3633]]]},"properties":{"tzid":"Europe/Kaliningrad"}},
{"type":"Feature","geometry":{"type":"Polygon","coordinates":[[[32.7727,45.8266],[33.5407,46.012],[33.6152,46.2262],[34.9598,45.7566],[35.2334,45.7917],[35.8444,46.41],[36.2775,46.3441],[37.4376,46.7158],[38.3381,46.9808],[38.3507,47.6167],[38.8796,47.8761],[39.7378,47.8276],[40.0095,48.2247],[39.6605,48.608],[40.2081,49.2419],[39.1799,49.8887],[38.948,49.7969],[37.7555,50.0787],[37.4906,50.4572],[36.6479,50.2177],[36.1606,50.4315],[35.6265,50.352],[35.1503,51.2234],[34.2316,51.2732],[34.4328,51.7296],[33.7855,52.3666],[31.7817,52.112],[30.935,52.0753],[30.5096,51.6263],[30.6188,51.2894],[29.1674,51.6531],[27.742,51.4774],[25.9896,51.9322],[24.3875,51.8819],[23.6178,51.5082],[24.145,50.8696],[24.0913,50.562],[22.6408,49.53],[22.5657,49.088],[22.1553,48.4034],[22.8963,47.9541],[23.1513,48.1127],[24.8831,47.7244],[26.1844,47.9947],[26.6302,48.2596],[27.5811,48.491],[28.0793,48.2461],[29.1753,47.9938],[29.191,47.4251],[29.5741,47.3705],[29.5958,46.9636],[30.1637,46.4135],[29.2358,46.5583],[28.5152,45.4999],[28.2139,45.4672],[28.7139,45.2236],[29.3235,45.4481],[30.0454,45.0867],[30.4805,45.3078],[30.0663,45.5059],[31.2373,46.4032],[31.3934,46.1072],[32.7727,45.8266]]]},"properties":{"tzid":"Europe/Kyiv"}},
{"type":"Feature","geometry":{"type":"Polygon","coordinates":[[[52.3174,60.2275],[51.4672,59.9156],[49.991,59.7791],[49.8174,59.2105],[48.5232,59.7068],[48.4197,60.8372],[47.1932,61.0674],[46.763,60.2337],[47.0348,60.1264],[47.0489,59.3693],[47.5523,59.0568],[46.4267,58.3936],[46.3467,58.0552],[47.7326,57.9338],[47.4814,57.5152],[46.7529,57.5215],[46.7905,56.9967],[47.2638,56.8074],[48.3289,57.1661],[49.6021,57.078],[50.8755,56.1962],[51.444,56.1274],[51.1804,56.6846],[51.5135,56.8636],[51.1242,57.2433],[51.9542,57.7669],[51.7129,58.1369],[52.17,58.4886],[53.7913,58.455],[53.903,59.0873],[53.2211,59.358],[53.6866,60.0093],[52.3174,60.2275]]]},"properties":{"tzid":"Europe/Kirov"}},
{"type":"Feature","geometry":{"type":"Polygon","coordinates":[[[-7.3863,36.9747],[-7.5227,37.5531],[-7.002,38.0224],[-7.3175,38.4404],[-6.9511,39.0236],[-7.5338,39.6672],[-7.0155,39.6704],[-6.8736,40.0078],[-6.8089,41.0365],[-6.1892,41.5748],[-6.5995,41.9483],[-8.165,41.8181],[-8.1964,42.1527],[-9.1567,41.8726],[-9.0398,40.6728],[-9.1698,40.2757],[-9.8271,39.5259],[-9.7128,38.5979],[-9.1665,37.8998],[-9.2649,37.0634],[-8.9489,36.7129],[-7.8845,36.7633],[-7.5,36.9418],[-7.3863,36.9747]]]},"properties":{"tzid":"Europe/Lisbon"}},
{"type":"Feature","geometry":{"type":"Polygon","coordinates":[[[16.1139,46.8691],[14.8705,46.6072],[14.5863,46.4296],[13.7141,46.523],[13.4796,46.0115],[13.9187,45.6335],[13.468,45.5884],[13.3844,45.5659],[13.5857,45.4786],[15.3859,45.4885],[15.7093,45.8465],[15.6042,46.1612],[16.3697,46.5469],[16.5967,46.4759],[16.1139,46.8691]]]},"properties":{"tzid":"Europe/Ljubljana"}},
{"type":"Feature","geometry":{"type":"MultiPolygon","coordinates":[[[[-6.0609,59.295],[-6.2454,58.893],[-5.4717,59.015],[-6.0609,59.295]]],[[[-4.759,59.179],[-4.4207,58.828],[-4.038,59.015],[-4.759,59.179]]],[[[-8.7614,58.025],[-8.6766,57.605],[-8.1047,57.845],[-8.7614,58.025]]],[[[-4.8686,54.434],[-4.0344,54.479],[-3.3917,53.8697],[-3.4402,53.547],[-4.8147,53.581],[-4.8119,53.085],[-5.1324,52.749],[-4.4426,52.413],[-5.5279,52.054],[-5.8055,51.754],[-5.3803,51.5024],[-5.3559,50.6191],[-6.0463,50.114],[-6.6568,50.054],[-6.4027,49.675],[-5.9395,49.909],[-5.0438,49.785],[-4.5235,50.124],[-3.4195,50.08],[-3.1557,50.453],[-2.3368,50.328],[-1.3323,50.376],[-0.2347,50.626],[0.3512,50.546],[1.2635,50.8244],[1.8876,51.1994],[1.2853,51.584],[1.8545,51.979],[2.0917,52.475],[1.8876,52.903],[0.689,53.189],[0.1885,54.244],[-0.8636,54.784],[-1.2586,55.684],[-2.1642,56.2758],[-2.1289,56.5731],[-1.4323,57.39],[-1.9303,57.896],[-3.1579,57.9136],[-2.3322,58.799],[-1.9788,59.397],[-1.2938,59.403],[-0.346,60.3565],[-0.3722,60.885],[-1.0125,61.049],[-2.4373,60.263],[-1.6736,59.7529],[-3.0775,59.56],[-3.6576,59.253],[-3.7995,58.808],[-6.3281,58.7162],[-7.5,58.4857],[-8.0191,58.338],[-7.64,58.0748],[-8.0202,57.8079],[-7.8443,57.2105],[-8.0296,56.787],[-7.5,56.2069],[-6.9678,56.0198],[-6.7443,55.415],[-7.6943,54.6136],[-8.1775,54.4648],[-7.6104,54.1438],[-7.0287,54.4213],[-6.6238,54.0365],[-5.826,53.8702],[-4.8686,54.434]]]]},"properties":{"tzid":"Europe/London"}},
{"type":"Feature","geometry":{"type":"Polygon","coordinates":[[[6.3688,49.4692],[6.2239,49.9278],[6.1983,49.9484],[6.1378,50.1299],[6.1377,50.1299],[5.8186,49.5464],[6.3677,49.4694],[6.3688,49.4692]]]},"properties":{"tzid":"Europe/Luxembourg"}},
{"type":"Feature","geometry":{"type":"MultiPolygon","coordinates":[[[[-5.3706,36.0651],[-5.3846,36.1548],[-5.2768,36.1495],[-4.0425,36.5238],[-2.8163,36.4817],[-1.8792,36.6364],[-1.3546,37.2467],[-0.6047,37.4224],[-0.1776,38.2276],[0.4418,38.6065],[0.0471,39.2542],[0.0544,39.58],[1.3777,40.9224],[2.2199,41.1021],[3.3632,41.7181],[3.448,42.4353],[2.4812,42.3408],[1.7259,42.5027],[1.5158,42.4288],[1.442,42.6037],[0.7086,42.8615],[0.6689,42.6892],[-0.5676,42.7808],[-1.7901,43.3533],[-1.804,43.5949],[-3.8455,43.6948],[-4.3567,43.611],[-5.7525,43.852],[-6.8948,43.7779],[-7.5,43.9539],[-7.9462,43.9736],[-9.4167,43.3008],[-9.5374,42.8047],[-9.1567,41.8726],[-8.1964,42.1527],[-8.165,41.8181],[-6.5995,41.9483],[-6.1892,41.5748],[-6.8089,41.0365],[-6.8736,40.0078],[-7.0155,39.6704],[-7.5338,39.6672],[-6.9511,39.0236],[-7.3175,38.4404],[-7.002,38.0224],[-7.5227,37.5531],[-7.3863,36.9747],[-6.9116,36.9374],[-6.0567,35.9595],[-5.4,35.9965],[-5.3378,36.0115],[-5.3706,36.0651]]],[[[-3.1067,36.1325],[-3.1793,35.7749],[-2.7847,35.9302],[-3.1067,36.1325]]],[[[0.9006,39.007],[1.2526,38.4655],[1.6946,38.4707],[1.9101,39.0019],[1.5188,39.3205],[0.9006,39.007]]],[[[2.0514,39.6326],[2.7412,38.9771],[3.1544,38.9906],[3.741,39.7281],[4.1978,39.6065],[4.5891,39.9047],[4.1718,40.2819],[3.5293,39.9942],[3.2054,40.1647],[2.6249,40.0205],[2.0514,39.6326]]]]},"properties":{"tzid":"Europe/Madrid"}},
{"type":"Feature","geometry":{"type":"Polygon","coordinates":[[[14.234,36.2825],[13.9732,35.9348],[14.4348,35.5863],[14.8184,35.902],[14.234,36.2825]]]},"properties":{"tzid":"Europe/Malta"}},
{"type":"Feature","geometry":{"type":"Polygon","coordinates":[[[20.3775,60.8767],[19.2079,60.5891],[19.0832,60.1917],[19.9406,59.5951],[20.8132,59.4727],[21.3456,59.8856],[21.1438,60.5474],[20.3775,60.8767]]]},"properties":{"tzid":"Europe/Mariehamn"}},
{"type":"Feature","geometry":{"type":"Polygon","coordinates":[[[28.1514,56.1702],[27.6155,55.787],[26.6304,55.6807],[26.8355,55.2855],[25.8578,54.9276],[25.5523,54.315],[24.3521,53.8968],[23.515,53.9563],[23.9386,52.7129],[23.1787,52.2836],[23.6886,51.9941],[23.6178,51.5082],[24.3875,51.8819],[25.9896,51.9322],[27.742,51.4774],[29.1674,51.6531],[30.6188,51.2894],[30.5096,51.6263],[30.935,52.0753],[31.7817,52.112],[31.5896,52.7914],[31.2426,53.0283],[32.0948,53.0762],[32.7335,53.3325],[32.499,53.6811],[31.7563,53.8312],[31.3135,54.2485],[31.0164,55.0295],[30.4815,55.8127],[28.7341,55.9695],[28.1514,56.1702]]]},"properties":{"tzid":"Europe/Minsk"}},
{"type":"Feature","geometry":{"type":"Polygon","coordinates":[[[7.533,43.5368],[7.4185,43.7248],[7.5002,43.5165],[7.533,43.5368]]]},"properties":{"tzid":"Europe/Monaco"}},
{"type":"Feature","geometry":{"type":"MultiPolygon","coordinates":[[[[31.7817,52.112],[33.7855,52.3666],[34.4328,51.7296],[34.2316,51.2732],[35.1503,51.2234],[35.6265,50.352],[36.1606,50.4315],[36.6479,50.2177],[37.4906,50.4572],[37.7555,50.0787],[38.948,49.7969],[39.1799,49.8887],[40.2081,49.2419],[39.6605,48.608],[40.0095,48.2247],[39.7378,47.8276],[38.8796,47.8761],[38.3507,47.6167],[38.3381,46.9808],[37.4376,46.7158],[37.4914,46.5828],[37.5024,46.5736],[37.7651,46.1453],[37.508,45.8383],[37.4923,45.8333],[37.292,45.515],[36.6685,45.6266],[36.6097,44.9407],[37.4922,44.4948],[37.5084,44.4902],[38.6239,44.1188],[39.8845,43.2244],[40.7396,42.8927],[41.2912,42.4072],[41.9494,42.6391],[42.0807,43.2047],[42.853,43.1789],[43.9637,42.5471],[44.3092,42.7193],[45.1584,42.7075],[45.7751,42.4883],[45.6084,42.2122],[46.4221,41.908],[47.1134,41.5953],[47.2579,41.3393],[47.8845,41.2185],[48.809,41.9613],[47.7773,43.1377],[48.1434,43.9928],[47.6636,44.2104],[47.6907,44.6582],[47.1648,44.6053],[47.8268,45.2623],[47.296,45.6768],[46.4777,45.7005],[46.4493,46.1776],[46.9647,46.4455],[46.9622,46.9742],[46.5363,47.4034],[46.008,47.5648],[44.961,48.2709],[44.3264,48.2388],[43.5872,47.4857],[42.9255,47.5191],[42.5252,48.0186],[42.0524,48.013],[42.0857,48.4157],[42.7045,48.5869],[42.6816,48.9376],[42.0211,49.1338],[42.1844,49.6757],[41.3822,50.2272],[41.1689,50.7763],[41.9281,51.1941],[42.8809,51.233],[42.5661,51.538],[42.7725,52.1852],[43.1789,52.4521],[44.3199,52.2913],[45.9621,52.3972],[46.3259,52.6808],[46.8011,52.6208],[46.9082,53.3626],[45.8463,53.9931],[46.6635,54.2951],[46.4428,54.7616],[48.0696,54.7637],[48.8817,54.6252],[49.2883,54.8914],[50.0925,54.5066],[50.9513,54.3426],[51.1903,54.6596],[52.5683,54.3401],[53.3689,53.9742],[53.6177,54.697],[53.3187,55.1622],[54.2654,55.7032],[53.7039,55.9279],[52.9999,56.1776],[52.9455,56.5383],[52.1562,55.9044],[51.444,56.1274],[50.8755,56.1962],[49.6021,57.078],[48.3289,57.1661],[47.2638,56.8074],[46.7905,56.9967],[46.7529,57.5215],[47.4814,57.5152],[47.7326,57.9338],[46.3467,58.0552],[46.4267,58.3936],[47.5523,59.0568],[47.0489,59.3693],[47.0348,60.1264],[46.763,60.2337],[47.1932,61.0674],[48.4197,60.8372],[48.5232,59.7068],[49.8174,59.2105],[49.991,59.7791],[51.4672,59.9156],[52.3174,60.2275],[51.7724,60.58],[52.8707,61.0901],[54.9769,60.8599],[55.2759,61.1487],[56.2745,61.1919],[56.3783,61.4431],[58.8459,61.4959],[59.3489,61.6632],[59.6354,62.5485],[59.2038,63.0276],[59.8284,64.1344],[59.5263,64.5224],[59.8111,64.9109],[60.9482,65.0146],[61.7031,65.6023],[62.8406,65.8782],[63.4185,66.4666],[65.1392,66.9077],[66.0102,67.4091],[66.1335,67.9147],[65.4308,67.9101],[65.6526,68.5838],[64.5389,69.0288],[64.965,69.5639],[63.2891,69.8736],[60.6697,70.1229],[59.4265,70.6252],[57.4979,71.0074],[56.6873,71.3374],[56.1089,72.0265],[57.3325,73.1329],[59.3091,74.0835],[62.6437,75.2373],[67.4367,75.8952],[67.563,75.9115],[69.0466,76.155],[69.9397,76.6624],[69.2424,77.0921],[67.5451,77.2373],[67.4912,77.234],[64.5723,76.6637],[62.699,76.4639],[60.6262,76.4593],[58.4404,76.1889],[57.9082,75.9231],[55.1671,75.2445],[54.2946,74.2362],[53.1453,73.9182],[53.2953,73.5596],[52.5154,73.2016],[52.4355,73.1645],[50.993,72.1722],[50.7962,71.6343],[52.334,70.8809],[52.5627,70.7962],[53.2954,70.5222],[55.289,70.2862],[57.2086,70.2199],[58.7717,69.6639],[57.9086,69.4952],[58.5185,69.138],[57.2181,68.9293],[54.7218,69.1833],[52.5302,68.9183],[52.3107,68.8584],[51.0578,68.6829],[49.0204,68.0516],[47.1113,68.033],[46.7074,68.4978],[45.7375,68.7029],[43.07,68.8475],[39.7597,68.3746],[37.5,69.0235],[35.964,69.3967],[34.2746,69.5803],[32.3722,70.1148],[31.4448,70.0997],[30.939,69.5611],[28.9293,69.0519],[28.4339,68.5397],[28.6461,68.1963],[30.0171,67.6735],[29.0733,66.9962],[30.1385,65.6687],[29.6018,65.2599],[29.7396,64.7898],[30.528,64.0489],[29.9719,63.7572],[31.5867,62.9087],[31.2216,62.4986],[29.2448,61.2707],[27.293,60.2002],[26.44,59.9383],[26.8167,59.6624],[28.21,59.3704],[27.357,58.7873],[27.7409,57.8277],[27.3516,57.5182],[27.8667,57.2963],[28.1514,56.1702],[28.7341,55.9695],[30.4815,55.8127],[31.0164,55.0295],[31.3135,54.2485],[31.7563,53.8312],[32.499,53.6811],[32.7335,53.3325],[32.0948,53.0762],[31.2426,53.0283],[31.5896,52.7914],[31.7817,52.112]]],[[[37.5,79.9774],[37.5474,80.3102],[37.4633,80.3227],[35.6201,80.2765],[37.5,79.9774]]],[[[52.5385,79.8531],[54.5396,79.9974],[58.7546,79.5724],[60.6575,79.7369],[62.673,80.3998],[66.5552,80.8509],[66.3838,81.2151],[64.2632,81.4164],[64.0285,81.8848],[57.3564,81.9988],[55.4442,81.577],[52.8746,81.3942],[52.5236,80.8777],[52.4272,80.8925],[51.999,81.2766],[49.8988,81.3568],[48.6783,81.0064],[46.5791,81.0223],[43.6894,80.6178],[47.3903,79.8556],[51.4323,79.7144],[52.4637,79.8265],[52.5385,79.8531]]],[[[49.0566,68.4616],[50.0792,68.5776],[50.8019,68.9974],[50.6106,69.3655],[48.843,69.6905],[47.8452,69.3687],[47.7107,68.7342],[49.0566,68.4616]]]]},"properties":{"tzid":"Europe/Moscow"}},
{"type":"Feature","geometry":{"type":"MultiPolygon","coordinates":[[[[10.5935,58.7622],[11.775,59.0864],[11.8406,59.8419],[12.4486,60.0392],[12.6069,60.5127],[12.224,61.0131],[12.8708,61.3565],[12.1377,61.7238],[12.2994,62.2675],[11.9746,63.2692],[12.6836,63.9742],[13.9675,64.008],[14.1139,64.4625],[13.6543,64.5803],[14.5068,65.3097],[14.5163,66.1326],[16.3878,67.0455],[16.0898,67.4353],[17.2815,68.1188],[17.8998,67.9694],[18.1259,68.5365],[19.9214,68.356],[20.5486,69.06],[21.6271,69.2766],[22.3745,68.7167],[23.9833,68.8271],[25.0694,68.6199],[25.6281,68.8933],[25.8915,69.6655],[27.616,70.075],[29.1339,69.6953],[28.9293,69.0519],[30.939,69.5611],[31.4448,70.0997],[31.5488,70.5453],[28.5556,71.2623],[25.5435,71.3803],[23.7231,71.2793],[22.5,71.032],[18.163,70.3405],[17.0555,69.745],[14.7337,69.2314],[12.1285,67.8228],[11.3045,67.4464],[11.8588,66.8154],[11.0933,66.1997],[9.997,64.8698],[7.5269,63.695],[7.5,63.6787],[6.8389,63.2598],[4.9491,62.4719],[4.1778,61.7264],[4.1041,60.9762],[4.6721,59.665],[4.4754,59.2125],[5.623,58.2737],[6.344,57.9357],[7.5,57.7595],[8.5059,57.961],[9.7884,58.6723],[10.5935,58.7622]]],[[[-7.5,71.2955],[-7.5032,71.2966],[-8.6263,71.2886],[-9.5594,70.9916],[-8.8198,70.6346],[-7.5,70.9005],[-7.5,71.2955]]]]},"properties":{"tzid":"Europe/Oslo"}},
{"type":"Feature","geometry":{"type":"MultiPolygon","coordinates":[[[[9.631,41.4337],[9.8282,42.2612],[9.559,43.193],[8.5602,42.7439],[8.2757,42.4287],[8.3172,41.8476],[8.8312,41.2611],[9.631,41.4337]]],[[[7.5002,43.5165],[7.4185,43.7248],[7.533,43.5368],[7.631,43.5786],[7.719,44.0824],[7.0085,44.2352],[6.9871,44.6897],[6.6273,45.1068],[7.1824,45.4078],[6.8402,45.8408],[6.8536,45.8373],[6.8621,45.8325],[6.8694,45.8394],[6.9323,45.8458],[6.9416,45.8476],[7.0445,45.9225],[6.8211,46.4272],[5.9574,46.1285],[6.1105,46.5764],[7.0499,47.3614],[7.589,47.5899],[7.8417,48.6435],[8.2229,48.9759],[7.494,49.1694],[6.7386,49.1637],[6.3688,49.4692],[6.3677,49.4694],[5.8186,49.5464],[4.6944,49.9963],[4.1949,49.9567],[4.2201,50.2517],[2.6351,50.8129],[2.3889,51.2683],[1.8876,51.1994],[1.2635,50.8244],[1.1644,50.2213],[0.0136,49.8728],[-0.2433,49.5363],[-0.8597,49.5892],[-1.0424,49.8396],[-2.0547,49.9201],[-2.0989,49.4596],[-1.9847,48.8824],[-2.5267,48.9269],[-2.5605,49.2199],[-2.9332,49.3034],[-5.2465,48.6668],[-5.4468,48.4084],[-5.2653,47.9374],[-4.1773,47.4923],[-3.6677,47.4439],[-3.2969,47.0975],[-2.6701,47.0091],[-2.5572,46.5391],[-1.7298,46.0449],[-1.444,45.4494],[-1.5893,44.172],[-1.804,43.5949],[-1.7901,43.3533],[-0.5676,42.7808],[0.6689,42.6892],[0.7086,42.8615],[1.442,42.6037],[1.7259,42.5027],[2.4812,42.3408],[3.448,42.4353],[3.3388,42.9795],[3.9963,43.3031],[6.1374,42.7872],[6.6148,42.8469],[7.5,43.5164],[7.5002,43.5165]]]]},"properties":{"tzid":"Europe/Paris"}},
{"type":"Feature","geometry":{"type":"Polygon","coordinates":[[[18.4196,42.2096],[19.2103,41.685],[19.2808,42.1804],[19.7231,42.661],[20.0763,42.5558],[20.3458,42.9109],[19.2257,43.5284],[18.9499,43.5037],[18.4982,42.9957],[18.4381,42.5556],[18.4196,42.2096]]]},"properties":{"tzid":"Europe/Podgorica"}},
{"type":"Feature","geometry":{"type":"Polygon","coordinates":[[[13.8396,48.7716],[14.6635,48.582],[15.0217,49.0205],[16.9402,48.6165],[17.1923,48.8747],[17.8853,48.9277],[18.184,49.287],[18.8509,49.5171],[18.5729,49.9216],[16.8605,50.4112],[16.706,50.0966],[15.8633,50.6801],[15.0199,51.0231],[14.8234,50.8706],[14.388,50.8992],[12.512,50.3973],[12.1997,50.1106],[12.4031,49.7619],[13.8396,48.7716]]]},"properties":{"tzid":"Europe/Prague"}},
{"type":"Feature","geometry":{"type":"Polygon","coordinates":[[[21.7181,57.7864],[20.6903,56.8494],[20.7097,56.0454],[22.1224,56.4321],[24.5795,56.2883],[25.6996,56.1195],[26.6304,55.6807],[27.6155,55.787],[28.1514,56.1702],[27.8667,57.2963],[27.3516,57.5182],[26.5574,57.5139],[25.2868,58.0816],[23.9744,57.8992],[24.0017,57.3004],[23.2133,57.5875],[22.7075,57.9408],[21.7181,57.7864]]]},"properties":{"tzid":"Europe/Riga"}},
{"type":"Feature","geometry":{"type":"MultiPolygon","coordinates":[[[[12.8975,38.7239],[13.0763,38.4991],[13.4571,38.6865],[12.8975,38.7239]]],[[[12.2829,36.6749],[11.9331,37.0385],[11.68,36.7596],[12.2829,36.6749]]],[[[13.0743,35.7289],[12.8012,36.0719],[12.6835,35.7129],[12.2341,35.7361],[12.1425,35.4048],[12.7159,35.3016],[13.0743,35.7289]]],[[[8.8312,41.2611],[8.0953,41.2548],[7.9049,40.4913],[8.1652,39.686],[7.9799,39.0497],[8.2147,38.7238],[8.8738,38.6728],[9.8675,39.1171],[10.0948,40.5382],[10.0335,40.938],[9.631,41.4337],[8.8312,41.2611]]],[[[13.468,45.5884],[13.9187,45.6335],[13.4796,46.0115],[13.7141,46.523],[12.569,46.6514],[12.186,47.0921],[10.4697,46.8549],[10.0709,46.2172],[9.2818,46.496],[9.0314,45.8208],[8.3669,46.4519],[7.8641,45.9168],[7.0445,45.9225],[6.9416,45.8476],[6.9323,45.8458],[6.8694,45.8394],[6.8621,45.8325],[6.8536,45.8373],[6.8402,45.8408],[7.1824,45.4078],[6.6273,45.1068],[6.9871,44.6897],[7.0085,44.2352],[7.719,44.0824],[7.631,43.5786],[8.399,43.8318],[8.7508,44.1878],[9.9428,43.7038],[9.559,43.193],[9.8282,42.2612],[11.6052,41.9214],[12.377,41.3684],[12.6745,40.7638],[13.7834,40.5033],[15.5384,39.6951],[15.831,39.04],[15.5258,38.5048],[15.2367,39.0224],[14.8761,38.7865],[14.2304,38.7359],[14.2979,38.3327],[12.6423,38.3791],[11.8562,38.1394],[11.9268,37.7761],[14.3621,36.6132],[15.0929,36.44],[15.5671,36.9144],[15.5471,37.7781],[16.1253,37.7267],[17.3674,38.8215],[17.4139,39.2622],[18.4686,39.6047],[18.7699,40.0404],[18.6406,40.4118],[18.146,40.8258],[16.5385,41.4673],[16.4399,41.9613],[15.6089,42.3994],[15.0564,42.2341],[14.306,42.7122],[13.8665,43.6516],[12.6273,44.3294],[12.8604,45.3517],[13.2125,45.4584],[13.3844,45.5659],[13.468,45.5884]],[[12.4576,41.9033],[12.4467,41.9018],[12.4554,41.9074],[12.4576,41.9033]],[[12.4355,43.9567],[12.5145,43.9907],[12.4874,43.8965],[12.4355,43.9567]]]]},"properties":{"tzid":"Europe/Rome"}},
{"type":"Feature","geometry":{"type":"MultiPolygon","coordinates":[[[[50.0925,54.5066],[50.0359,53.8191],[48.9956,53.8749],[47.9304,53.3616],[48.4286,52.8144],[50.7682,51.773],[51.3914,52.0693],[51.5232,52.6768],[52.0418,52.9646],[52.5683,54.3401],[51.1903,54.6596],[50.9513,54.3426],[50.0925,54.5066]]],[[[53.7913,58.455],[52.17,58.4886],[51.7129,58.1369],[51.9542,57.7669],[51.1242,57.2433],[51.5135,56.8636],[51.1804,56.6846],[51.444,56.1274],[52.1562,55.9044],[52.9455,56.5383],[52.9999,56.1776],[53.7039,55.9279],[54.4161,56.3112],[53.841,56.5967],[54.3138,57.0799],[54.1326,57.9554],[53.7913,58.455]]]]},"properties":{"tzid":"Europe/Samara"}},
{"type":"Feature","geometry":{"type":"Polygon","coordinates":[[[12.4355,43.9567],[12.4874,43.8965],[12.5145,43.9907],[12.4355,43.9567]]]},"properties":{"tzid":"Europe/San_Marino"}},
{"type":"Feature","geometry":{"type":"Polygon","coordinates":[[[19.0214,44.8554],[18.2705,45.1372],[17.863,45.0448],[16.9359,45.2755],[16.3545,45.0034],[15.8268,45.2173],[15.7287,44.8255],[16.2122,44.2168],[17.4316,43.1785],[18.4381,42.5556],[18.4982,42.9957],[18.9499,43.5037],[19.2257,43.5284],[19.5318,43.6678],[19.1147,44.3438],[19.3693,44.8805],[19.0214,44.8554]]]},"properties":{"tzid":"Europe/Sarajevo"}},
{"type":"Feature","geometry":{"type":"Polygon","coordinates":[[[46.8011,52.6208],[46.3259,52.6808],[45.9621,52.3972],[44.3199,52.2913],[43.1789,52.4521],[42.7725,52.1852],[42.5661,51.538],[42.8809,51.233],[43.3585,50.9987],[44.2282,51.199],[44.9931,51.1456],[45.1934,50.5852],[45.7442,50.7573],[46.5834,50.7123],[47.4317,50.3779],[47.8286,50.3296],[48.2637,49.8581],[48.9034,50.0184],[48.6522,50.6011],[49.4199,50.8489],[49.4547,51.1256],[50.3731,51.3326],[50.7682,51.773],[48.4286,52.8144],[47.7225,52.5683],[46.8011,52.6208]]]},"properties":{"tzid":"Europe/Saratov"}},
{"type":"Feature","geometry":{"type":"Polygon","coordinates":[[[35.2334,45.7917],[34.9598,45.7566],[33.6152,46.2262],[33.5407,46.012],[32.7727,45.8266],[32.223,45.4788],[32.3141,45.1957],[33.2952,44.9405],[33.093,44.6036],[33.716,44.188],[34.2724,44.2459],[34.8085,44.6039],[35.6322,44.8491],[36.6097,44.9407],[36.6685,45.6266],[35.2334,45.7917]]]},"properties":{"tzid":"Europe/Simferopol"}},
{"type":"Feature","geometry":{"type":"Polygon","coordinates":[[[22.9276,41.3385],[22.8671,42.0221],[22.3602,42.3111],[21.1039,42.206],[20.5944,41.8772],[20.4571,41.5508],[20.7318,40.9109],[20.9797,40.8525],[21.7568,40.9251],[22.0616,41.16],[22.9276,41.3385]]]},"properties":{"tzid":"Europe/Skopje"}},
{"type":"Feature","geometry":{"type":"Polygon","coordinates":[[[28.8556,43.7386],[28.2362,43.7585],[27.9168,44.0083],[26.9394,44.1384],[26.1037,43.9698],[25.401,43.6188],[22.8805,43.8331],[22.676,44.2162],[22.3571,43.8095],[22.9832,43.1115],[22.5355,42.8821],[22.3602,42.3111],[22.8671,42.0221],[22.9276,41.3385],[24.5257,41.5686],[25.2884,41.2357],[26.1322,41.355],[26.358,41.7111],[26.6237,41.9796],[27.2937,42.0972],[27.56,41.9051],[28.3238,41.9813],[28.0732,42.3174],[28.2878,43.1845],[28.6467,43.2101],[28.8556,43.7386]]]},"properties":{"tzid":"Europe/Sofia"}},
{"type":"Feature","geometry":{"type":"MultiPolygon","coordinates":[[[[19.6688,58.1155],[19.599,58.5044],[18.8654,58.5148],[18.9887,58.1784],[18.4681,58.0817],[17.6064,57.3516],[17.8678,56.7641],[18.6981,56.8781],[19.2807,57.3096],[19.6688,58.1155]]],[[[20.5486,69.06],[19.9214,68.356],[18.1259,68.5365],[17.8998,67.9694],[17.2815,68.1188],[16.0898,67.4353],[16.3878,67.0455],[14.5163,66.1326],[14.5068,65.3097],[13.6543,64.5803],[14.1139,64.4625],[13.9675,64.008],[12.6836,63.9742],[11.9746,63.2692],[12.2994,62.2675],[12.1377,61.7238],[12.8708,61.3565],[12.224,61.0131],[12.6069,60.5127],[12.4486,60.0392],[11.8406,59.8419],[11.775,59.0864],[10.5935,58.7622],[11.2026,57.6747],[12.2988,56.637],[12.3678,56.214],[12.8941,55.6436],[12.6408,55.3367],[12.923,55.1484],[14.1685,55.1777],[15.1583,55.8982],[15.7118,55.7468],[16.7885,56.1313],[17.5031,57.2503],[17.2347,57.8256],[17.5693,58.399],[18.8339,58.8032],[19.7971,59.2824],[19.9406,59.5951],[19.0832,60.1917],[19.2079,60.5891],[17.8838,60.9347],[17.7665,61.1711],[18.288,62.4175],[19.4284,63.0761],[20.1636,63.1664],[21.3674,63.6336],[22.0612,64.5121],[21.8168,64.8361],[22.5,65.0863],[24.1328,65.5154],[23.65,66.4543],[23.9953,66.8218],[23.3941,67.4854],[23.6367,67.966],[23.0699,68.3006],[20.5486,69.06]]]]},"properties":{"tzid":"Europe/Stockholm"}},
{"type":"Feature","geometry":{"type":"Polygon","coordinates":[[[27.3516,57.5182],[27.7409,57.8277],[27.357,58.7873],[28.21,59.3704],[26.8167,59.6624],[26.44,59.9383],[24.4817,59.7033],[22.5,59.2889],[21.85,59.0567],[21.3826,58.3015],[21.7181,57.7864],[22.7075,57.9408],[23.2133,57.5875],[23.9744,57.8992],[25.2868,58.0816],[26.5574,57.5139],[27.3516,57.5182]]]},"properties":{"tzid":"Europe/Tallinn"}},
{"type":"Feature","geometry":{"type":"Polygon","coordinates":[[[19.3057,40.0606],[20.2287,39.6519],[20.6781,40.0954],[20.9797,40.8525],[20.7318,40.9109],[20.4571,41.5508],[20.5944,41.8772],[20.0763,42.5558],[19.7231,42.661],[19.2808,42.1804],[19.2103,41.685],[19.0011,40.4966],[19.3057,40.0606]]]},"properties":{"tzid":"Europe/Tirane"}},
{"type":"Feature","geometry":{"type":"Polygon","coordinates":[[[48.4286,52.8144],[47.9304,53.3616],[48.9956,53.8749],[50.0359,53.8191],[50.0925,54.5066],[49.2883,54.8914],[48.8817,54.6252],[48.0696,54.7637],[46.4428,54.7616],[46.6635,54.2951],[45.8463,53.9931],[46.9082,53.3626],[46.8011,52.6208],[47.7225,52.5683],[48.4286,52.8144]]]},"properties":{"tzid":"Europe/Ulyanovsk"}},
{"type":"Feature","geometry":{"type":"Polygon","coordinates":[[[9.5307,47.2706],[9.4858,47.0491],[9.6071,47.0608],[9.5307,47.2706]]]},"properties":{"tzid":"Europe/Vaduz"}},
{"type":"Feature","geometry":{"type":"Polygon","coordinates":[[[12.4576,41.9033],[12.4554,41.9074],[12.4467,41.9018],[12.4576,41.9033]]]},"properties":{"tzid":"Europe/Vatican"}},
{"type":"Feature","geometry":{"type":"Polygon","coordinates":[[[10.4544,47.5558],[10.227,47.3888],[9.5587,47.5419],[9.5307,47.2706],[9.6071,47.0608],[10.4697,46.8549],[12.186,47.0921],[12.569,46.6514],[13.7141,46.523],[14.5863,46.4296],[14.8705,46.6072],[16.1139,46.8691],[16.4437,47.0382],[16.4215,47.6653],[17.0931,47.7083],[17.1608,48.0067],[16.9402,48.6165],[15.0217,49.0205],[14.6635,48.582],[13.8396,48.7716],[13.7271,48.513],[12.7497,48.1109],[13.0989,47.6352],[11.6064,47.5816],[11.2725,47.398],[10.4544,47.5558]]]},"properties":{"tzid":"Europe/Vienna"}},
{"type":"Feature","geometry":{"type":"Polygon","coordinates":[[[23.515,53.9563],[24.3521,53.8968],[25.5523,54.315],[25.8578,54.9276],[26.8355,55.2855],[26.6304,55.6807],[25.6996,56.1195],[24.5795,56.2883],[22.1224,56.4321],[20.7097,56.0454],[20.6557,55.3842],[22.8552,54.8879],[22.792,54.3633],[23.515,53.9563]]]},"properties":{"tzid":"Europe/Vilnius"}},
{"type":"Feature","geometry":{"type":"Polygon","coordinates":[[[46.622,48.6677],[47.0287,49.0892],[46.7822,49.3399],[46.9026,49.8638],[47.4317,50.3779],[46.5834,50.7123],[45.7442,50.7573],[45.1934,50.5852],[44.9931,51.1456],[44.2282,51.199],[43.3585,50.9987],[42.8809,51.233],[41.9281,51.1941],[41.1689,50.7763],[41.3822,50.2272],[42.1844,49.6757],[42.0211,49.1338],[42.6816,48.9376],[42.7045,48.5869],[42.0857,48.4157],[42.0524,48.013],[42.5252,48.0186],[42.9255,47.5191],[43.5872,47.4857],[44.3264,48.2388],[44.961,48.2709],[46.0384,48.8636],[46.622,48.6677]]]},"properties":{"tzid":"Europe/Volgograd"}},
{"type":"Feature","geometry":{"type":"Polygon","coordinates":[[[14.8234,50.8706],[15.0199,51.0231],[15.8633,50.6801],[16.706,50.0966],[16.8605,50.4112],[18.5729,49.9216],[18.8509,49.5171],[19.4674,49.6138],[20.0881,49.1796],[20.3251,49.403],[21.2775,49.4609],[22.5657,49.088],[22.6408,49.53],[24.0913,50.562],[24.145,50.8696],[23.6178,51.5082],[23.6886,51.9941],[23.1787,52.2836],[23.9386,52.7129],[23.515,53.9563],[22.792,54.3633],[21.4958,54.324],[19.6469,54.4534],[19.4042,54.6039],[18.3807,55.0328],[17.1189,54.9175],[15.9432,54.4527],[14.2375,54.1258],[14.0783,54.4411],[14.4496,53.2595],[14.1237,52.8454],[14.6382,52.5744],[14.5903,51.8378],[15.0329,51.2944],[14.8234,50.8706]]]},"properties":{"tzid":"Europe/Warsaw"}},
{"type":"Feature","geometry":{"type":"Polygon","coordinates":[[[18.4381,42.5556],[17.4316,43.1785],[16.2122,44.2168],[15.7287,44.8255],[15.8268,45.2173],[16.3545,45.0034],[16.9359,45.2755],[17.863,45.0448],[18.2705,45.1372],[19.0214,44.8554],[19.2607,45.2427],[19.1866,45.2667],[19.0536,45.3431],[18.9969,45.3612],[18.9234,45.5498],[18.899,45.5837],[18.9144,45.6006],[18.9354,45.6345],[18.9417,45.6441],[18.9669,45.666],[18.9594,45.6755],[18.9329,45.6875],[18.9283,45.6893],[18.8939,45.7516],[18.8742,45.7844],[18.848,45.8151],[18.8534,45.826],[18.8553,45.8591],[18.8902,45.9221],[18.815,45.9094],[18.3378,45.7471],[17.3547,45.941],[16.5967,46.4759],[16.3697,46.5469],[15.6042,46.1612],[15.7093,45.8465],[15.3859,45.4885],[13.5857,45.4786],[13.468,45.5884],[13.3844,45.5659],[13.2125,45.4584],[13.701,44.5987],[15.0626,43.6597],[15.9202,43.2334],[15.3815,43.2844],[15.3254,42.9168],[16.3383,42.5829],[16.0675,42.2438],[16.5749,42.2814],[16.4796,42.5486],[17.2837,42.5716],[18.4196,42.2096],[18.4381,42.5556]]]},"properties":{"tzid":"Europe/Zagreb"}},
{"type":"Feature","geometry":{"type":"Polygon","coordinates":[[[9.5587,47.5419],[9.2566,47.6587],[7.589,47.5899],[7.0499,47.3614],[6.1105,46.5764],[5.9574,46.1285],[6.8211,46.4272],[7.0445,45.9225],[7.8641,45.9168],[8.3669,46.4519],[9.0314,45.8208],[9.2818,46.496],[10.0709,46.2172],[10.4697,46.8549],[9.6071,47.0608],[9.4858,47.0491],[9.5307,47.2706],[9.5587,47.5419]]]},"properties":{"tzid":"Europe/Zurich"}},
{"type":"Feature","geometry":{"type":"Polygon","coordinates":[[[48.566,-21.2609],[49.0712,-19.6664],[49.5321,-18.4857],[49.7211,-17.7713],[50.2201,-16.7877],[50.1153,-16.3045],[50.3415,-16.1706],[50.6674,-15.2215],[50.216,-13.3057],[50.0184,-12.687],[49.4184,-11.8208],[49.1498,-11.7588],[48.55,-12.0919],[48.4595,-12.671],[47.687,-13.4426],[47.3992,-14.4252],[46.3586,-15.3407],[43.8473,-16.1688],[43.5602,-17.4671],[43.5398,-18.3126],[44.0145,-18.9518],[44.1477,-19.7849],[43.9312,-20.3747],[43.5585,-20.7446],[42.9737,-22.0375],[43.1544,-22.9027],[43.4174,-23.415],[43.4478,-24.3395],[44.1303,-25.418],[45.0481,-25.7686],[45.5921,-25.772],[46.7937,-25.3713],[47.3004,-25.0832],[47.8072,-23.8198],[48.1048,-22.5291],[48.566,-21.2609]]]},"properties":{"tzid":"Indian/Antananarivo"}},
{"type":"Feature","geometry":{"type":"Polygon","coordinates":[[[71.6829,-5.3073],[71.9928,-5.421],[71.9505,-5.1904],[71.6829,-5.3073]]]},"properties":{"tzid":"Indian/Chagos"}},
{"type":"Feature","geometry":{"type":"Polygon","coordinates":[[[105.4281,-10.2821],[105.5765,-10.7582],[105.8732,-10.3048],[105.4281,-10.2821]]]},"properties":{"tzid":"Indian/Christmas"}},
{"type":"Feature","geometry":{"type":"Polygon","coordinates":[[[97.0124,-11.7362],[96.6116,-11.8344],[96.6276,-12.2571],[97.013,-12.3807],[97.0124,-11.7362]]]},"properties":{"tzid":"Indian/Cocos"}},
{"type":"Feature","geometry":{"type":"Polygon","coordinates":[[[44.548,-12.8142],[44.9731,-12.1975],[43.5037,-11.2015],[43.2231,-11.1846],[42.8548,-11.7009],[42.887,-11.9467],[43.5606,-12.5841],[44.4375,-12.9854],[44.548,-12.8142]]]},"properties":{"tzid":"Indian/Comoro"}},
{"type":"Feature","geometry":{"type":"MultiPolygon","coordinates":[[[[52.5,-46.2634],[51.6573,-46.1486],[51.5265,-46.6148],[52.5,-46.6107],[52.5,-46.2634]]],[[[50.1348,-45.8679],[49.9044,-46.1835],[50.3776,-46.6279],[50.7139,-46.4097],[50.6872,-45.8322],[50.1348,-45.8679]]],[[[68.4599,-49.1738],[68.1236,-49.5643],[68.6243,-50.1522],[69.6887,-50.1083],[70.7888,-49.5663],[70.8085,-49.0312],[70.0005,-48.7868],[69.5956,-48.4776],[68.7327,-48.2571],[68.3429,-48.5334],[68.4599,-49.1738]]],[[[77.2507,-38.7366],[77.6298,-38.9253],[77.6728,-38.5438],[77.2507,-38.7366]]],[[[77.2653,-37.8767],[77.802,-37.9725],[77.6019,-37.5952],[77.2653,-37.8767]]]]},"properties":{"tzid":"Indian/Kerguelen"}},
{"type":"Feature","geometry":{"type":"MultiPolygon","coordinates":[[[[50.6516,-9.1389],[50.5305,-9.4032],[50.8715,-10.339],[51.1589,-10.4449],[51.3964,-10.1149],[51.3318,-9.3619],[51.1807,-9.07],[50.6516,-9.1389]]],[[[56.0966,-4.4488],[55.7084,-4.0136],[55.0508,-4.3144],[55.0351,-4.5905],[55.4444,-4.9936],[56.0185,-4.781],[56.0966,-4.4488]]],[[[53.5041,-5.848],[53.8803,-5.5961],[53.5588,-5.5198],[53.5932,-4.8842],[53.2105,-4.7707],[53.0298,-5.6843],[52.6398,-6.0296],[53.046,-6.4391],[53.5041,-5.848]]],[[[46.7254,-9.4207],[46.2075,-9.17],[46.0056,-9.4563],[46.3452,-9.8942],[46.6134,-9.9277],[46.7254,-9.4207]]],[[[52.5218,-6.9744],[52.5891,-7.3122],[52.9508,-7.249],[52.9445,-6.9194],[52.5218,-6.9744]]],[[[56.0777,-7.0756],[56.3766,-7.3491],[56.3707,-6.9064],[56.0777,-7.0756]]],[[[47.8183,-9.5904],[47.5969,-9.4562],[47.3344,-9.8407],[47.6736,-10.2956],[47.9176,-10.2192],[47.8183,-9.5904]]],[[[55.2233,-5.6782],[55.4744,-6.0606],[55.5882,-5.8048],[55.2233,-5.6782]]]]},"properties":{"tzid":"Indian/Mahe"}},
{"type":"Feature","geometry":{"type":"Polygon","coordinates":[[[73.4756,6.7918],[73.3865,7.0738],[72.8972,7.3106],[72.6027,7.121],[72.3554,6.2183],[72.5354,4.2395],[72.4992,3.5974],[72.686,2.3963],[72.8768,-0.6074],[73.1284,-0.9062],[73.6395,-0.3459],[73.788,0.431],[73.7859,2.1206],[73.9701,3.4671],[73.8587,5.3822],[73.4756,6.7918]]]},"properties":{"tzid":"Indian/Maldives"}},
{"type":"Feature","geometry":{"type":"MultiPolygon","coordinates":[[[[59.2636,-16.7922],[59.5579,-17.0269],[59.8779,-16.7623],[59.7944,-16.1729],[59.4055,-16.1381],[59.2636,-16.7922]]],[[[56.3838,-10.321],[56.716,-10.6934],[56.9078,-10.4568],[56.7077,-10.172],[56.3838,-10.321]]],[[[63.0783,-19.7207],[63.3006,-20.0312],[63.7032,-19.62],[63.2697,-19.4617],[63.0783,-19.7207]]],[[[57.1452,-20.2924],[57.2064,-20.6597],[57.5226,-20.7283],[58.0339,-20.3643],[58.0204,-19.8115],[57.5242,-19.7057],[57.1452,-20.2924]]]]},"properties":{"tzid":"Indian/Mauritius"}},
{"type":"Feature","geometry":{"type":"Polygon","coordinates":[[[45.0599,-12.38],[44.8071,-12.5095],[44.8132,-13.0936],[45.407,-13.1345],[45.4348,-12.5912],[45.0599,-12.38]]]},"properties":{"tzid":"Indian/Mayotte"}},
{"type":"Feature","geometry":{"type":"Polygon","coordinates":[[[55.9275,-20.9674],[55.4761,-20.6738],[55.1182,-20.7993],[55.019,-21.1495],[55.222,-21.4496],[55.8403,-21.5566],[55.9275,-20.9674]]]},"properties":{"tzid":"Indian/Reunion"}},
{"type":"Feature","geometry":{"type":"Polygon","coordinates":[[[-172.4894,-14.0006],[-171.3975,-14.2771],[-171.2078,-13.937],[-171.9783,-13.6098],[-172.4923,-13.2609],[-172.5249,-13.2652],[-172.9947,-13.5904],[-172.5314,-14.0036],[-172.4894,-14.0006]]]},"properties":{"tzid":"Pacific/Apia"}},
{"type":"Feature","geometry":{"type":"MultiPolygon","coordinates":[[[[-178.9898,-31.2119],[-178.9297,-31.5352],[-178.5889,-31.3602],[-178.9898,-31.2119]]],[[[-178.671,-30.2364],[-178.7397,-30.6739],[-178.4735,-30.7326],[-178.2007,-30.1504],[-178.671,-30.2364]]],[[[-177.8478,-29.4878],[-177.6248,-29.2374],[-178.0354,-29.0443],[-178.1978,-29.3114],[-177.8478,-29.4878]]],[[[172.3466,-34.2857],[172.281,-33.9533],[171.8073,-34.2617],[172.3466,-34.2857]]],[[[166.2039,-48.0102],[166.832,-48.1921],[166.7923,-47.8548],[166.2039,-48.0102]]],[[[168.9424,-52.7867],[169.5962,-52.5485],[169.2827,-52.2701],[168.656,-52.567],[168.9424,-52.7867]]],[[[166.5247,-50.3398],[165.8198,-50.394],[165.5544,-50.8205],[165.763,-51.0649],[166.5516,-50.8851],[166.5247,-50.3398]]],[[[179.2533,-47.9203],[179.2597,-47.6082],[178.7382,-47.8436],[179.2533,-47.9203]]],[[[178.9405,-49.8867],[178.9131,-49.4482],[178.4334,-49.7739],[178.9405,-49.8867]]],[[[172.5011,-34.6408],[172.8913,-35.0226],[172.8185,-35.2447],[174.1702,-36.8672],[174.5621,-37.728],[174.3174,-37.9382],[174.3488,-38.7318],[173.8616,-38.884],[173.4932,-39.3194],[173.7505,-39.6808],[174.9466,-40.2285],[174.6035,-40.8959],[174.0767,-40.4696],[173.4562,-40.8793],[173.1013,-40.3481],[172.502,-40.3385],[172.498,-40.3403],[171.8295,-40.8884],[171.8234,-41.2805],[171.2214,-41.6477],[170.9204,-42.4239],[169.4999,-43.3863],[168.3018,-43.8093],[166.6333,-45.1171],[166.1631,-45.673],[166.5785,-46.6185],[167.0668,-46.7473],[167.5334,-46.5128],[167.0852,-47.3468],[167.8691,-47.7215],[168.5441,-47.015],[170.0134,-46.6054],[170.4822,-46.1411],[171.0154,-45.9473],[171.1397,-45.3099],[171.5445,-44.426],[172.495,-44.0454],[172.5,-44.0452],[172.9883,-44.0995],[173.4019,-43.7075],[172.9889,-43.4247],[173.5418,-42.9972],[174.5161,-41.8622],[174.5363,-41.5265],[175.1947,-41.8105],[176.0496,-41.4973],[177.1304,-40.1861],[177.2955,-39.3097],[177.8824,-39.5083],[178.1662,-39.3776],[178.1736,-38.8947],[178.4928,-38.6714],[178.8016,-37.584],[177.9381,-37.336],[177.3489,-37.7661],[177.4283,-37.4377],[177.1063,-37.2768],[176.8087,-37.6231],[176.3133,-37.0668],[176.157,-36.4956],[175.5618,-35.8675],[174.8857,-35.7022],[174.9849,-35.4155],[174.1178,-34.8163],[173.2457,-34.5667],[173.038,-34.1939],[172.5027,-34.2834],[172.4996,-34.2862],[172.4973,-34.6387],[172.5011,-34.6408]]]]},"properties":{"tzid":"Pacific/Auckland"}},
{"type":"Feature","geometry":{"type":"MultiPolygon","coordinates":[[[[156.9545,-4.4927],[156.7855,-4.9296],[157.0623,-4.9898],[157.2066,-4.6389],[156.9545,-4.4927]]],[[[159.326,-4.2378],[159.1179,-4.6152],[159.4329,-4.8075],[159.6863,-4.631],[159.326,-4.2378]]],[[[154,-5.2742],[154.3203,-5.336],[154.3664,-5.7524],[155.3362,-7.0975],[155.9231,-6.8472],[156.1738,-6.4449],[155.6845,-5.9493],[155.42,-5.0607],[155.6728,-4.8469],[155.2463,-4.4767],[154.8661,-3.197],[154.5466,-2.9361],[154,-3.0048],[154,-5.2742]]]]},"properties":{"tzid":"Pacific/Bougainville"}},
{"type":"Feature","geometry":{"type":"Polygon","coordinates":[[[-176.0933,-44.6057],[-175.5933,-44.3894],[-175.574,-43.8687],[-176.1696,-43.5266],[-177.0304,-43.3259],[-177.2447,-43.9009],[-176.386,-44.6063],[-176.0933,-44.6057]]]},"properties":{"tzid":"Pacific/Chatham"}},
{"type":"Feature","geometry":{"type":"MultiPolygon","coordinates":[[[[147.4435,8.0877],[147.7189,7.913],[147.6619,8.3089],[147.4435,8.0877]]],[[[146.4889,8.0626],[146.7638,7.8653],[146.7669,8.2946],[146.4889,8.0626]]],[[[144.2926,8.5818],[144.725,8.5433],[144.4474,8.8043],[144.2926,8.5818]]],[[[144.2467,7.175],[144.6643,7.2637],[144.419,7.4613],[144.2467,7.175]]],[[[143.6182,7.3434],[143.9714,7.1488],[144.094,7.4686],[143.6182,7.3434]]],[[[142.8005,6.6101],[143.2837,6.6496],[143.1511,6.881],[142.8005,6.6101]]],[[[140.1528,8.0395],[140.5348,7.9463],[140.4067,8.3514],[140.1528,8.0395]]],[[[140.412,9.5769],[140.6902,9.8923],[140.3201,9.8338],[140.412,9.5769]]],[[[139.3652,9.9941],[139.7025,9.5758],[140.058,9.7968],[139.7899,10.28],[139.3652,9.9941]]],[[[137.146,8.3659],[137.43,8.0987],[137.6827,8.2013],[137.7345,8.7281],[137.2301,8.6511],[137.146,8.3659]]],[[[146.305,7.2587],[146.5821,7.4925],[145.825,7.9017],[145.6893,7.5579],[146.305,7.2587]]],[[[137.8454,9.5174],[138.0944,9.2271],[138.4141,9.5461],[138.0786,9.8431],[137.8454,9.5174]]],[[[151.1317,8.5356],[151.7694,8.2283],[152.5438,8.654],[152.2448,8.9881],[151.1317,8.5356]]],[[[149.0941,6.6717],[149.3087,6.4715],[149.3813,6.8885],[149.0941,6.6717]]],[[[148.9717,7.3229],[149.1659,7.1455],[149.6308,7.493],[149.4079,7.8458],[148.9717,7.3229]]],[[[149.8647,8.9093],[150.383,8.3673],[150.62,8.5113],[150.4813,8.9037],[150.058,9.1763],[149.8647,8.9093]]],[[[151.2456,7.2508],[151.9134,6.792],[152.1858,6.9367],[152.1276,7.6891],[151.5351,7.7942],[151.2456,7.2508]]],[[[152.3699,6.9758],[152.691,6.63],[152.933,6.8189],[152.6425,7.1889],[152.3699,6.9758]]],[[[152.9127,5.8961],[153.3486,5.8392],[153.0129,6.1025],[152.9127,5.8961]]],[[[153.2543,5.4377],[153.589,5.0895],[154.0235,5.4927],[153.5833,5.8286],[153.2543,5.4377]]]]},"properties":{"tzid":"Pacific/Chuuk"}},
{"type":"Feature","geometry":{"type":"Polygon","coordinates":[[[-112.5,-29.173],[-111.5383,-29.9915],[-110.2659,-30.4663],[-109.1151,-30.5308],[-108.5638,-30.4512],[-107.5077,-30.0947],[-106.701,-29.5996],[-105.8965,-29.7838],[-104.9414,-29.7964],[-104.2861,-29.6782],[-103.4009,-29.328],[-102.7589,-28.8849],[-102.1748,-28.2303],[-101.6998,-27.0931],[-101.6482,-26.3772],[-101.904,-25.2867],[-102.6665,-24.1937],[-103.4283,-23.6281],[-104.6549,-23.1896],[-106.0392,-23.1832],[-106.9664,-23.4613],[-107.8419,-23.9984],[-109.1458,-23.7178],[-110.228,-23.802],[-111.4424,-24.2812],[-112.5,-25.2405],[-112.5003,-25.2409],[-113.0972,-26.4926],[-113.1742,-27.5886],[-112.9943,-28.3219],[-112.5,-29.173]]]},"properties":{"tzid":"Pacific/Easter"}},
{"type":"Feature","geometry":{"type":"Polygon","coordinates":[[[169.3133,-18.35],[168.8097,-17.6352],[168.8471,-16.9422],[168.4857,-15.8769],[168.2641,-14.3759],[167.8394,-13.1909],[167.6782,-13.0571],[166.5829,-12.8742],[166.3446,-13.0336],[166.3385,-14.8835],[166.5856,-15.7379],[167.2874,-16.6989],[167.977,-17.815],[168.8028,-18.9691],[169.0741,-19.6364],[169.5825,-20.3704],[170.0913,-20.2986],[170.4277,-19.6255],[170.3797,-19.3594],[169.3133,-18.35]]]},"properties":{"tzid":"Pacific/Efate"}},
{"type":"Feature","geometry":{"type":"MultiPolygon","coordinates":[[[[-172.5005,-8.3307],[-172.7236,-8.5439],[-172.5027,-8.788],[-172.4995,-8.7879],[-172.2654,-8.5215],[-172.4973,-8.3307],[-172.5005,-8.3307]]],[[[-172.0654,-9.1004],[-171.9448,-9.3886],[-171.5681,-9.2618],[-171.7006,-8.9168],[-172.0654,-9.1004]]],[[[-171.4376,-9.2577],[-171.2453,-9.6423],[-170.9975,-9.4809],[-171.1732,-9.1262],[-171.4376,-9.2577]]]]},"properties":{"tzid":"Pacific/Fakaofo"}},
{"type":"Feature","geometry":{"type":"MultiPolygon","coordinates":[[[[174.4215,-21.7329],[174.7233,-21.9283],[174.6634,-21.534],[174.4215,-21.7329]]],[[[177.0098,-12.7221],[177.3516,-12.5372],[176.9539,-12.2644],[176.7296,-12.4806],[177.0098,-12.7221]]],[[[-180,-19.8005],[-179.094,-20.8188],[-179.0155,-21.1512],[-178.6083,-21.1551],[-178.0136,-19.771],[-178.1329,-18.8795],[-178.045,-17.8368],[-178.7432,-16.6548],[-178.945,-16.0319],[-180,-15.5089],[-180,-15.5632],[-180,-15.6156],[-180,-15.6681],[-180,-15.7205],[-180,-15.7729],[-180,-15.8253],[-180,-15.8777],[-180,-15.93],[-180,-15.9824],[-180,-16.0347],[-180,-16.0871],[-180,-16.1394],[-180,-16.1404],[-180,-16.141],[-180,-16.1416],[-180,-16.1596],[-180,-16.1685],[-180,-16.2207],[-180,-16.2731],[-180,-16.3254],[-180,-16.3777],[-180,-16.43],[-180,-16.4823],[-180,-16.4826],[-180,-16.505],[-180,-16.5274],[-180,-16.5277],[-180,-16.572],[-180,-16.6163],[-180,-16.6606],[-180,-16.7049],[-180,-16.7492],[-180,-16.7688],[-180,-16.77],[-180,-16.7934],[-180,-16.7935],[-180,-16.7951],[-180,-16.7967],[-180,-16.8178],[-180,-16.839],[-180,-16.8602],[-180,-16.8814],[-180,-16.9025],[-180,-16.9237],[-180,-16.9449],[-180,-16.9667],[-180,-17.0124],[-180,-17.0587],[-180,-17.1051],[-180,-17.1514],[-180,-17.2769],[-180,-17.7829],[-180,-18.3663],[-180,-18.4189],[-180,-18.4715],[-180,-18.524],[-180,-18.5766],[-180,-18.6291],[-180,-18.6816],[-180,-18.7341],[-180,-18.7865],[-180,-18.839],[-180,-18.8914],[-180,-18.9439],[-180,-18.9963],[-180,-19.0487],[-180,-19.101],[-180,-19.1534],[-180,-19.2058],[-180,-19.4891],[-180,-19.8005]]],[[[180,-15.5089],[178.9941,-15.9855],[178.0303,-16.2497],[177.1421,-16.6359],[176.6759,-17.2473],[176.8237,-17.7612],[177.7771,-19.2531],[178.0973,-19.3924],[179.6482,-19.4054],[180,-19.8005],[180,-19.4891],[180,-19.2058],[180,-19.1534],[180,-19.101],[180,-19.0487],[180,-18.9963],[180,-18.9439],[180,-18.8914],[180,-18.839],[180,-18.7865],[180,-18.7341],[180,-18.6816],[180,-18.6291],[180,-18.5766],[180,-18.524],[180,-18.4715],[180,-18.4189],[180,-18.3663],[180,-18.3024],[180,-17.2769],[180,-17.1452],[180,-17.0927],[180,-17.0402],[180,-16.9876],[180,-16.9667],[180,-16.9455],[180,-16.9242],[180,-16.903],[180,-16.8817],[180,-16.8605],[180,-16.8392],[180,-16.8179],[180,-16.7967],[180,-16.7951],[180,-16.7935],[180,-16.7934],[180,-16.7773],[180,-16.77],[180,-16.7688],[180,-16.7247],[180,-16.6721],[180,-16.6194],[180,-16.5668],[180,-16.5277],[180,-16.5274],[180,-16.505],[180,-16.4826],[180,-16.4823],[180,-16.43],[180,-16.3777],[180,-16.3254],[180,-16.2731],[180,-16.2208],[180,-16.1685],[180,-16.1596],[180,-16.1416],[180,-16.141],[180,-16.1404],[180,-16.1399],[180,-16.1394],[180,-16.0871],[180,-16.0348],[180,-15.9824],[180,-15.9301],[180,-15.8777],[180,-15.8253],[180,-15.7729],[180,-15.7205],[180,-15.6681],[180,-15.6156],[180,-15.5632],[180,-15.5089]]]]},"properties":{"tzid":"Pacific/Fiji"}},
{"type":"Feature","geometry":{"type":"MultiPolygon","coordinates":[[[[180,-9.2282],[179.3343,-8.3164],[178.4376,-7.7348],[178.1802,-8.1903],[178.9373,-8.7927],[179.6978,-9.5689],[180,-9.5852],[180,-9.2282]]],[[[177.1685,-6.2266],[177.5468,-6.168],[177.2605,-5.9147],[177.1685,-6.2266]]],[[[176.5282,-6.2754],[176.1714,-6.1364],[176.1719,-6.4392],[176.5282,-6.2754]]],[[[176.3299,-5.7817],[176.2393,-5.4941],[175.8961,-5.514],[176.1141,-5.9084],[176.3299,-5.7817]]],[[[177.2523,-7.0141],[176.9644,-7.3432],[177.3187,-7.3837],[177.2523,-7.0141]]],[[[178.7156,-7.2613],[178.4603,-7.4607],[178.8821,-7.571],[178.7156,-7.2613]]]]},"properties":{"tzid":"Pacific/Funafuti"}},
{"type":"Feature","geometry":{"type":"Polygon","coordinates":[[[-91.9498,1.8751],[-92.1987,1.6153],[-91.8482,-0.4311],[-91.5587,-1.1737],[-90.522,-1.5494],[-89.6637,-1.6103],[-89.4533,-1.5101],[-89.0725,-0.6043],[-89.8646,0.5279],[-90.6622,0.8176],[-91.9498,1.8751]]]},"properties":{"tzid":"Pacific/Galapagos"}},
{"type":"Feature","geometry":{"type":"MultiPolygon","coordinates":[[[[-137.0421,-23.3647],[-137.0154,-22.9594],[-137.3579,-23.1856],[-137.0421,-23.3647]]],[[[-136.2144,-22.2371],[-135.9749,-21.945],[-136.2663,-21.8078],[-136.2144,-22.2371]]],[[[-135.8486,-21.5186],[-135.4798,-21.7633],[-135.2787,-21.4178],[-135.6972,-21.2844],[-135.8486,-21.5186]]],[[[-134.7087,-23.3532],[-134.248,-23.3878],[-134.7576,-22.8881],[-135.0739,-22.8351],[-135.2415,-23.34],[-134.7087,-23.3532]]],[[[-136.5679,-21.1309],[-136.9509,-21.3794],[-136.4664,-21.6858],[-136.1844,-21.3852],[-136.5679,-21.1309]]]]},"properties":{"tzid":"Pacific/Gambier"}},
{"type":"Feature","geometry":{"type":"MultiPolygon","coordinates":[[[[162.7612,-8.2097],[162.6653,-8.4536],[162.9939,-8.6146],[163.1338,-8.3205],[162.7612,-8.2097]]],[[[159.2431,-5.9995],[159.3101,-6.4737],[159.5941,-6.2028],[159.2431,-5.9995]]],[[[170.0195,-12.0238],[170.3965,-11.911],[170.1488,-11.7076],[170.0195,-12.0238]]],[[[168.7487,-12.4963],[169.0122,-12.1757],[168.7037,-12.125],[168.7487,-12.4963]]],[[[169.7853,-11.4172],[169.7962,-11.8076],[170.0511,-11.564],[169.7853,-11.4172]]],[[[167.2188,-9.6219],[166.8638,-9.8058],[167.3521,-10.1015],[167.2188,-9.6219]]],[[[166.3771,-9.9914],[165.5822,-9.8768],[165.4919,-10.1092],[165.6201,-10.9841],[166.7003,-11.8853],[167.189,-11.8311],[167.204,-11.5146],[166.561,-10.1726],[166.3771,-9.9914]]],[[[160.6181,-11.5542],[159.9229,-11.1156],[159.5525,-11.3232],[159.8551,-12.3718],[160.3882,-13.1233],[160.8465,-13.0033],[160.8556,-11.855],[160.6181,-11.5542]]],[[[157.5823,-8.9913],[157.7763,-9.0122],[159.988,-10.0223],[161.8109,-10.9845],[162.4113,-11.1003],[162.6612,-10.7536],[162.1325,-9.5746],[161.1804,-8.5124],[160.8172,-7.7841],[160.5,-7.6587],[159.048,-7.5582],[158.7043,-7.2841],[157.9167,-7.0084],[156.74,-6.4542],[156.1738,-6.4449],[155.9231,-6.8472],[155.3362,-7.0975],[155.4182,-7.6034],[156.3847,-8.4571],[157.3364,-8.9329],[157.5823,-8.9913]]],[[[159.2457,-5.6756],[159.7592,-5.7083],[159.9165,-5.4653],[159.5321,-4.8984],[159.114,-4.9031],[158.9824,-5.3288],[159.2457,-5.6756]]]]},"properties":{"tzid":"Pacific/Guadalcanal"}},
{"type":"Feature","geometry":{"type":"Polygon","coordinates":[[[144.6314,13.6684],[144.4149,13.4757],[144.5774,13.044],[144.8392,13.0755],[145.1144,13.7291],[144.6314,13.6684]]]},"properties":{"tzid":"Pacific/Guam"}},
{"type":"Feature","geometry":{"type":"MultiPolygon","coordinates":[[[[-169.6395,16.9301],[-169.6864,16.5487],[-169.2629,16.8444],[-169.6395,16.9301]]],[[[-155.2647,20.2349],[-155.8627,20.4692],[-156.0711,20.3558],[-156.2723,19.698],[-156.0445,18.907],[-155.5825,18.7302],[-154.8694,19.1738],[-154.5958,19.498],[-155.2647,20.2349]]],[[[-157.4989,21.0046],[-156.672,20.3001],[-155.9821,20.4565],[-155.8106,20.8971],[-156.683,21.3668],[-157.4991,21.4684],[-157.5,21.4705],[-157.861,21.8867],[-158.4968,21.5828],[-158.1401,21.0965],[-157.5,21.0067],[-157.4989,21.0046]]],[[[-164.7867,23.3897],[-164.4762,23.5828],[-164.8932,23.6796],[-164.7867,23.3897]]],[[[-165.8428,23.685],[-166.2044,24.0754],[-166.5394,23.8959],[-166.3213,23.4943],[-165.8428,23.685]]],[[[-167.9266,25.1894],[-168.2142,24.9518],[-167.7887,24.9373],[-167.9266,25.1894]]],[[[-170.842,25.4512],[-170.429,25.4201],[-170.6416,25.7073],[-170.842,25.4512]]],[[[-171.9395,25.6643],[-171.6522,25.5684],[-171.5504,25.9143],[-171.9395,25.6643]]],[[[-174.216,26.1173],[-173.8311,25.8927],[-173.7827,26.1864],[-174.216,26.1173]]],[[[-176.2082,27.8748],[-176.083,27.5875],[-175.6671,27.6141],[-175.7004,28.1527],[-176.2082,27.8748]]],[[[-160.4641,21.8481],[-160.5211,21.4491],[-159.8781,21.8122],[-159.3425,21.6912],[-159.0835,22.1938],[-159.6024,22.4268],[-160.1827,22.2153],[-160.4641,21.8481]]]]},"properties":{"tzid":"Pacific/Honolulu"}},
{"type":"Feature","geometry":{"type":"MultiPolygon","coordinates":[[[[-174.4991,-4.896],[-174.5036,-4.458],[-174.7356,-4.602],[-174.4991,-4.896]]],[[[-174.1266,-3.799],[-173.9449,-3.495],[-174.2311,-3.422],[-174.1266,-3.799]]],[[[-172.1959,-4.742],[-172.0147,-4.334],[-172.3842,-4.393],[-172.1959,-4.742]]],[[[-171.2469,-4.668],[-171.2063,-4.242],[-171.4465,-4.372],[-171.2469,-4.668]]],[[[-170.7149,-3.926],[-170.5644,-3.581],[-170.9181,-3.706],[-170.7149,-3.926]]],[[[-171.5187,-3.79],[-171.3301,-3.504],[-171.6931,-3.479],[-171.5187,-3.79]]],[[[-171.0917,-3.347],[-170.8767,-3.113],[-171.1534,-2.915],[-171.0917,-3.347]]],[[[-171.6234,-3.07],[-171.415,-2.854],[-171.7581,-2.569],[-171.895,-2.905],[-171.6234,-3.07]]]]},"properties":{"tzid":"Pacific/Kanton"}},
{"type":"Feature","geometry":{"type":"MultiPolygon","coordinates":[[[[-157.5,2.2472],[-157.7605,1.895],[-157.5,1.5996],[-157.4984,1.599],[-156.9708,1.655],[-157.1901,2.145],[-157.4866,2.248],[-157.5,2.2472]]],[[[-159.3059,3.606],[-159.051,3.779],[-159.3388,4.14],[-159.5784,3.817],[-159.3059,3.606]]],[[[-160.3554,4.47],[-160.1498,4.661],[-160.3967,4.9],[-160.5867,4.596],[-160.3554,4.47]]],[[[-152.1065,-10.0676],[-152.4973,-9.9705],[-152.4051,-10.2454],[-152.1065,-10.0676]]],[[[-150.2279,-10.21],[-150.0133,-10.047],[-150.2735,-9.714],[-150.4366,-10.023],[-150.2279,-10.21]]],[[[-155.8809,-5.863],[-155.7831,-5.438],[-156.0929,-5.509],[-155.8809,-5.863]]],[[[-154.9262,-4.252],[-154.7771,-3.824],[-155.1701,-4.034],[-154.9262,-4.252]]]]},"properties":{"tzid":"Pacific/Kiritimati"}},
{"type":"Feature","geometry":{"type":"Polygon","coordinates":[[[163.2365,5.295],[163.0533,5.572],[162.7451,5.4394],[162.7954,5.1115],[163.2365,5.295]]]},"properties":{"tzid":"Pacific/Kosrae"}},
{"type":"Feature","geometry":{"type":"Polygon","coordinates":[[[166.885,10.2417],[166.3138,9.487],[166.8576,8.6679],[167.3163,8.6679],[167.72,8.4045],[168.136,8.5512],[167.8957,9.2151],[167.4355,9.6044],[167.0036,9.5446],[166.885,10.2417]]]},"properties":{"tzid":"Pacific/Kwajalein"}},
{"type":"Feature","geometry":{"type":"MultiPolygon","coordinates":[[[[170.1095,10.8513],[170.0657,11.251],[169.7759,11.5433],[169.3402,11.2046],[169.3237,10.2743],[168.8645,10.215],[168.8226,9.8255],[169.6413,9.3193],[169.9085,8.8638],[170.8108,8.129],[170.8683,7.0211],[171.5799,5.9386],[172.0878,5.6922],[172.3713,5.9226],[172.1343,7.1602],[171.4086,8.5272],[171.4364,8.7524],[171.0777,10.3461],[170.9131,10.5036],[170.1321,10.6455],[170.1095,10.8513]]],[[[166.885,10.2417],[166.766,10.9374],[167.4528,11.0711],[167.7291,11.4033],[167.4856,11.6144],[165.4424,11.9144],[164.997,11.5526],[165.6943,10.175],[165.332,9.2994],[165.6583,8.7509],[166.1761,8.7164],[167.2715,8.137],[168.0961,7.6051],[168.5459,7.1506],[169.175,5.9894],[168.9305,5.7246],[168.4586,4.7188],[168.5527,4.4314],[168.9215,4.4765],[169.9054,5.9064],[169.071,7.9367],[168.3127,8.3246],[168.136,8.5512],[167.72,8.4045],[167.3163,8.6679],[166.8576,8.6679],[166.3138,9.487],[166.885,10.2417]]],[[[168.3375,5.633],[168.0121,5.8338],[167.9309,5.4808],[168.3375,5.633]]],[[[169.2257,14.6614],[168.6932,14.797],[168.9087,14.3522],[169.2257,14.6614]]],[[[170.3521,12.2512],[169.874,12.3376],[170.1659,11.987],[170.3521,12.2512]]],[[[161.1953,9.7783],[160.7091,10.047],[160.6681,9.6861],[160.9958,9.5647],[161.1953,9.7783]]],[[[162.6015,11.4673],[162.2727,11.882],[161.8569,11.4303],[162.1775,11.1453],[162.6015,11.4673]]]]},"properties":{"tzid":"Pacific/Majuro"}},
{"type":"Feature","geometry":{"type":"MultiPolygon","coordinates":[[[[-138.554,-10.727],[-138.2252,-10.433],[-138.4159,-10.1575],[-138.8884,-10.3873],[-138.554,-10.727]]],[[[-139.3238,-9.9078],[-139.2402,-10.1853],[-138.5977,-10.0589],[-138.8291,-9.2557],[-139.0524,-9.273],[-139.3238,-9.9078]]],[[[-140.377,-8.064],[-140.3919,-7.6597],[-140.7828,-7.7861],[-140.8909,-8.1467],[-140.377,-8.064]]],[[[-140.2625,-9.2237],[-140.1919,-9.6263],[-139.8452,-9.513],[-140.0482,-9.1351],[-139.3382,-9.074],[-139.2984,-8.8374],[-139.9459,-8.6043],[-140.7805,-8.5534],[-140.2625,-9.2237]]]]},"properties":{"tzid":"Pacific/Marquesas"}},
{"type":"Feature","geometry":{"type":"MultiPolygon","coordinates":[[[[-178.5628,28.3051],[-178.0584,28.373],[-178.239,28.6438],[-178.5628,28.3051]]],[[[-177.3205,28.0019],[-177.0887,28.2424],[-177.6018,28.3587],[-177.3205,28.0019]]]]},"properties":{"tzid":"Pacific/Midway"}},
{"type":"Feature","geometry":{"type":"Polygon","coordinates":[[[166.9053,-0.7507],[167.1594,-0.5111],[166.9273,-0.3035],[166.9053,-0.7507]]]},"properties":{"tzid":"Pacific/Nauru"}},
{"type":"Feature","geometry":{"type":"Polygon","coordinates":[[[-170.1281,-18.9699],[-170.1046,-19.235],[-169.7187,-19.307],[-169.69,-18.7981],[-170.1281,-18.9699]]]},"properties":{"tzid":"Pacific/Niue"}},
{"type":"Feature","geometry":{"type":"Polygon","coordinates":[[[168.1823,-29.1814],[168.138,-28.8691],[167.691,-28.9652],[167.7901,-29.2824],[168.1823,-29.1814]]]},"properties":{"tzid":"Pacific/Norfolk"}},
{"type":"Feature","geometry":{"type":"MultiPolygon","coordinates":[[[[171.4796,-22.1743],[171.1348,-22.3429],[171.5356,-22.4637],[171.4796,-22.1743]]],[[[168.7421,-22.6842],[169.1698,-22.635],[168.9405,-22.3808],[168.7421,-22.6842]]],[[[158.1459,-19.1482],[157.9867,-19.6738],[158.1927,-20.0463],[158.6333,-20.1207],[159.093,-19.5553],[159.2523,-19.1374],[158.8639,-18.7466],[158.3398,-18.8519],[158.1459,-19.1482]]],[[[164.282,-18.7571],[164.6442,-18.607],[164.4686,-18.3147],[164.282,-18.7571]]],[[[165.9484,-19.6546],[165.4307,-19.567],[165.3841,-20.0373],[165.8119,-20.0878],[165.9484,-19.6546]]],[[[165.8987,-20.3464],[166.2466,-20.8734],[166.8651,-21.0805],[167.689,-21.737],[168.2965,-21.7359],[168.3292,-21.3611],[167.4256,-20.5658],[166.1809,-20.0881],[165.8987,-20.3464]]],[[[164.8698,-21.6214],[165.729,-22.1273],[166.7066,-23.0738],[166.9742,-23.2195],[167.6685,-22.9431],[167.7157,-22.4532],[167.2965,-22.216],[167.0327,-21.8029],[165.8919,-20.986],[165.3414,-20.4313],[164.9598,-20.3341],[164.2937,-19.7214],[163.9524,-19.0543],[163.463,-18.5114],[163.2693,-17.8565],[162.7855,-17.72],[162.6287,-18.4776],[162.9616,-19.4646],[164.3191,-21.1663],[164.8698,-21.6214]]],[[[159.5053,-21.1947],[158.7403,-21.2376],[158.6428,-21.4813],[159.2005,-21.8581],[159.7054,-22.0126],[159.7257,-21.2713],[159.5053,-21.1947]]],[[[158.7058,-20.816],[158.4206,-20.6137],[158.2588,-20.8922],[158.4495,-21.1799],[158.8049,-21.0698],[158.7058,-20.816]]]]},"properties":{"tzid":"Pacific/Noumea"}},
{"type":"Feature","geometry":{"type":"MultiPolygon","coordinates":[[[[-168.2502,-14.3526],[-168.2776,-14.7243],[-168.0106,-14.7078],[-168.2502,-14.3526]]],[[[-169.6604,-14.389],[-169.3469,-14.4444],[-169.2609,-14.0896],[-169.6167,-13.9545],[-169.8928,-14.1473],[-169.6604,-14.389]]],[[[-170.5734,-14.4903],[-170.4806,-14.0605],[-171.0365,-14.2419],[-170.8619,-14.5484],[-170.5734,-14.4903]]]]},"properties":{"tzid":"Pacific/Pago_Pago"}},
{"type":"Feature","geometry":{"type":"Polygon","coordinates":[[[132.8921,6.4725],[132.0437,5.4453],[130.9386,3.0998],[131.0647,2.8059],[131.6991,2.6051],[131.9278,2.6889],[133.6799,5.4977],[134.8159,7.3124],[134.928,8.06],[134.4553,8.3342],[132.8921,6.4725]]]},"properties":{"tzid":"Pacific/Palau"}},
{"type":"Feature","geometry":{"type":"MultiPolygon","coordinates":[[[[-124.552,-24.6719],[-124.9459,-24.5284],[-124.954,-24.8235],[-124.552,-24.6719]]],[[[-128.0814,-24.3285],[-128.3078,-24.13],[-128.5759,-24.3847],[-128.3097,-24.6236],[-128.0814,-24.3285]]],[[[-130.5012,-23.9066],[-130.7514,-23.7073],[-130.8301,-24.131],[-130.5012,-23.9066]]],[[[-129.8685,-25.0554],[-130.2186,-24.8832],[-130.1086,-25.2802],[-129.8685,-25.0554]]]]},"properties":{"tzid":"Pacific/Pitcairn"}},
{"type":"Feature","geometry":{"type":"MultiPolygon","coordinates":[[[[154.709,3.8243],[155.0495,3.6454],[155.033,4.0581],[154.709,3.8243]]],[[[154.5158,1.0175],[154.9547,0.9041],[154.9723,1.2033],[154.6307,1.274],[154.5158,1.0175]]],[[[154.0411,8.0716],[154.3781,7.8744],[154.2964,8.3485],[154.0411,8.0716]]],[[[154.9482,7.5152],[155.0855,7.2969],[155.5368,7.2845],[155.6121,7.6113],[155.0863,7.8153],[154.9482,7.5152]]],[[[157.498,5.9407],[157.0387,5.963],[157.0242,5.6275],[157.4963,5.6517],[157.5002,5.6563],[157.5049,5.9309],[157.498,5.9407]]],[[[159.5475,6.6263],[159.9241,6.5473],[159.7514,6.9022],[159.5475,6.6263]]],[[[160.4883,6.1915],[160.8386,6.0436],[160.8986,6.3105],[160.4883,6.1915]]],[[[158.5336,6.9846],[158.3062,7.2513],[157.7133,7.282],[157.5631,7.0797],[157.8636,6.5328],[158.3026,6.5614],[158.5336,6.9846]]]]},"properties":{"tzid":"Pacific/Pohnpei"}},
{"type":"Feature","geometry":{"type":"MultiPolygon","coordinates":[[[[142.8511,-9.3916],[143.3241,-9.3339],[143.9714,-8.6586],[143.9084,-8.2411],[144.1231,-7.9968],[144.9901,-8.0426],[145.9126,-8.2485],[146.6843,-9.4716],[147.2043,-9.7369],[147.6513,-10.2911],[148.0695,-10.4246],[149.0956,-10.4436],[151.2565,-11.357],[151.9297,-11.3789],[153.2128,-11.6992],[153.4849,-11.8448],[154.4408,-11.6469],[154.5291,-11.2911],[154.2867,-11.1063],[153.1158,-10.6379],[152.7536,-9.7187],[153.7212,-9.5021],[153.8043,-9.1066],[151.9882,-8.6084],[150.8192,-8.116],[150.0011,-8.1324],[149.2526,-8.7379],[148.3169,-7.9483],[148.1327,-6.8731],[149.305,-6.2781],[149.4558,-6.5208],[150.5417,-6.4602],[151.304,-6.1189],[151.6884,-5.7691],[152.205,-5.6087],[152.9276,-5.0658],[154,-5.2742],[154,-3.0048],[153.3872,-3.151],[152.7942,-2.6199],[152.0818,-2.4119],[150.7877,-1.482],[150.0903,-1.4722],[149.4676,-1.1309],[147.9979,-1.7822],[147.6581,-1.8564],[146.6669,-1.7057],[145.707,-0.7328],[145.224,-0.5731],[142.894,-1.3254],[142.1875,-2],[141.5348,-2.5561],[141.013,-2.4022],[141,-3.932],[141,-6.3223],[141.0194,-9.1356],[140.9152,-9.3047],[141.9823,-9.4024],[142.0594,-9.2612],[142.0594,-9.2605],[142.0938,-9.2265],[142.3082,-9.2469],[142.4992,-9.3343],[142.5011,-9.3361],[142.5624,-9.3724],[142.7469,-9.3336],[142.8519,-9.3784],[142.8511,-9.3916]]],[[[155.8188,-10.5233],[155.4511,-10.9979],[155.9283,-10.963],[155.8188,-10.5233]]]]},"properties":{"tzid":"Pacific/Port_Moresby"}},
{"type":"Feature","geometry":{"type":"MultiPolygon","coordinates":[[[[-159.5132,-21.2023],[-159.8194,-20.9954],[-159.995,-21.3759],[-159.5132,-21.2023]]],[[[-157.7081,-21.8072],[-158.1752,-21.9605],[-157.8442,-22.1547],[-157.7081,-21.8072]]],[[[-157.5006,-19.7452],[-157.9346,-19.8514],[-158.4961,-19.7326],[-158.2824,-20.1577],[-157.539,-20.0324],[-157.5002,-20.3261],[-157.4977,-20.3284],[-157.193,-19.9873],[-157.4985,-19.9852],[-157.5008,-19.9872],[-157.4997,-19.9854],[-157.4989,-19.7479],[-157.5006,-19.7452]]],[[[-159.9928,-18.7536],[-159.9656,-19.0819],[-159.5905,-19.1034],[-159.6463,-18.6593],[-159.9928,-18.7536]]],[[[-158.9442,-19.0476],[-159.1706,-19.3406],[-158.8063,-19.4541],[-158.9442,-19.0476]]],[[[-163.3721,-17.9333],[-163.1588,-18.2961],[-162.9129,-17.9739],[-163.3721,-17.9333]]],[[[-163.3561,-13.1281],[-163.2771,-13.4983],[-162.8678,-13.1741],[-163.3561,-13.1281]]],[[[-165.5885,-11.6763],[-165.205,-11.5423],[-165.4101,-11.353],[-165.5885,-11.6763]]],[[[-165.9614,-10.6762],[-166.114,-10.9741],[-165.7104,-11.08],[-165.6697,-10.7209],[-165.9614,-10.6762]]],[[[-160.9428,-10.1788],[-161.2284,-9.8427],[-161.1903,-10.5748],[-160.7527,-10.3974],[-160.9428,-10.1788]]],[[[-158.2538,-8.8936],[-157.8615,-9.2782],[-157.6789,-9.0003],[-158.0876,-8.72],[-158.2538,-8.8936]]]]},"properties":{"tzid":"Pacific/Rarotonga"}},
{"type":"Feature","geometry":{"type":"MultiPolygon","coordinates":[[[[145.6867,15.4521],[145.3363,14.7718],[145.7208,14.7091],[146.0189,15.3581],[145.6867,15.4521]]],[[[145.4845,14.115],[145.035,14.3292],[145.1747,13.9096],[145.4845,14.115]]],[[[145.6813,18.5244],[145.7739,18.9871],[145.5117,18.9622],[145.6813,18.5244]]],[[[144.6989,20.6439],[144.8599,20.3379],[145.0552,20.6892],[144.6989,20.6439]]],[[[145.9357,16.1878],[146.0374,15.8047],[146.2163,16.1642],[145.9357,16.1878]]],[[[146.0591,17.3464],[146.0337,17.7028],[145.612,17.6573],[145.8194,17.0966],[146.0591,17.3464]]],[[[144.996,20.0316],[145.2906,19.5026],[145.6145,19.6122],[145.32,20.2144],[144.996,20.0316]]],[[[145.6672,16.1307],[145.9142,16.2696],[145.9657,16.8171],[145.6492,16.8772],[145.4247,16.3382],[145.6672,16.1307]]],[[[145.5502,18.1992],[145.5742,17.8904],[145.9547,17.9667],[145.9816,18.2694],[145.5502,18.1992]]]]},"properties":{"tzid":"Pacific/Saipan"}},
{"type":"Feature","geometry":{"type":"MultiPolygon","coordinates":[[[[-143.2725,-27.8093],[-143.7049,-27.7866],[-143.4427,-28.0948],[-143.2725,-27.8093]]],[[[-148.2787,-17.9211],[-147.9462,-18.0496],[-147.9212,-17.7197],[-148.2787,-17.9211]]],[[[-154.602,-16.0187],[-154.3117,-15.7409],[-154.7414,-15.7558],[-154.602,-16.0187]]],[[[-139.037,-20.9696],[-139.0989,-20.5713],[-139.3587,-20.7606],[-139.037,-20.9696]]],[[[-154.7974,-22.001],[-154.5815,-21.6293],[-154.9192,-21.7356],[-154.7974,-22.001]]],[[[-141.4589,-19.2583],[-141.0187,-19.1892],[-141.3544,-19.003],[-141.4589,-19.2583]]],[[[-150.8578,-17.6286],[-150.5335,-17.8608],[-150.604,-17.4339],[-150.8578,-17.6286]]],[[[-142.127,-16.9054],[-141.7072,-16.8961],[-142.0122,-16.6413],[-142.127,-16.9054]]],[[[-143.0889,-18.08],[-142.8526,-17.8586],[-143.1544,-17.6499],[-143.0889,-18.08]]],[[[-141.7118,-17.4717],[-141.4716,-17.5973],[-141.3056,-17.2784],[-141.7118,-17.4717]]],[[[-148.4792,-15.7717],[-148.2276,-16.0725],[-148.1962,-15.6153],[-148.4792,-15.7717]]],[[[-140.6147,-19.5292],[-140.3841,-19.8618],[-140.1734,-19.6672],[-140.6147,-19.5292]]],[[[-143.6683,-17.5386],[-143.2166,-17.5263],[-143.366,-17.2622],[-143.6683,-17.5386]]],[[[-140.8697,-19.2731],[-140.4543,-19.171],[-140.5868,-18.9379],[-140.8697,-19.2731]]],[[[-152.028,-16.3953],[-152.4575,-16.3083],[-152.3533,-16.662],[-152.028,-16.3953]]],[[[-140.0528,-16.1955],[-140.0566,-15.7704],[-140.3168,-15.8377],[-140.0528,-16.1955]]],[[[-138.97,-14.6504],[-138.8639,-15.0337],[-138.5834,-14.8531],[-138.97,-14.6504]]],[[[-149.3278,-16.982],[-149.7047,-16.8254],[-149.7668,-17.1391],[-149.3278,-16.982]]],[[[-141.0884,-15.9141],[-140.6887,-15.9677],[-140.8612,-15.6023],[-141.0884,-15.9141]]],[[[-144.681,-15.1247],[-144.3243,-14.96],[-144.4652,-14.7558],[-144.681,-15.1247]]],[[[-154.1519,-16.6768],[-153.7858,-16.992],[-153.8258,-16.6092],[-154.1519,-16.6768]]],[[[-138.6064,-17.4933],[-138.1784,-17.4731],[-138.4411,-17.1299],[-138.6064,-17.4933]]],[[[-144.6061,-27.6078],[-144.2896,-27.8498],[-144.1451,-27.4454],[-144.6061,-27.6078]]],[[[-145.1101,-20.0438],[-144.7497,-19.7641],[-145.0699,-19.6585],[-145.1101,-20.0438]]],[[[-137.2318,-18.403],[-136.8282,-18.5142],[-137.029,-18.0643],[-137.2318,-18.403]]],[[[-154.8357,-16.3347],[-154.8418,-16.7488],[-154.411,-16.5315],[-154.8357,-16.3347]]],[[[-141.7469,-19.0016],[-141.6008,-18.618],[-142.077,-18.7226],[-141.7469,-19.0016]]],[[[-138.784,-20.8438],[-138.3811,-21.0404],[-138.323,-20.7091],[-138.784,-20.8438]]],[[[-140.8807,-21.7543],[-140.5124,-21.9072],[-140.6309,-21.4241],[-140.8807,-21.7543]]],[[[-136.3613,-18.7752],[-136.098,-18.6472],[-136.3489,-18.2841],[-136.6357,-18.3514],[-136.3613,-18.7752]]],[[[-145.8144,-17.377],[-145.3704,-17.6971],[-145.1967,-17.4054],[-145.416,-17.1622],[-145.8144,-17.377]]],[[[-149.6231,-17.3326],[-150.0598,-17.34],[-149.9811,-17.7428],[-149.2287,-18.0754],[-148.923,-17.7383],[-149.1899,-17.403],[-149.6231,-17.3326]]],[[[-150.7777,-16.6516],[-151.2061,-16.5797],[-151.6483,-16.0996],[-152.0363,-16.1788],[-151.9976,-16.567],[-151.6254,-17.0678],[-150.9293,-17.0162],[-150.7777,-16.6516]]],[[[-141.2854,-13.95],[-141.6086,-14.2109],[-140.9829,-14.2692],[-141.2854,-13.95]]],[[[-145.2137,-14.357],[-145.4559,-14.7687],[-145.1333,-14.8817],[-144.7065,-14.5457],[-144.8604,-14.1882],[-145.2137,-14.357]]],[[[-142.5,-17.1152],[-142.6905,-17.128],[-142.8186,-17.739],[-142.5,-17.82],[-142.4976,-17.8191],[-142.3475,-17.3022],[-142.4849,-17.1209],[-142.5,-17.1152]]],[[[-146.1141,-14.6562],[-145.6294,-14.3815],[-145.8285,-14.1305],[-146.4385,-14.265],[-146.5708,-14.6786],[-146.1141,-14.6562]]],[[[-142.4983,-18.2399],[-142.0952,-18.5062],[-141.9007,-18.2726],[-142.1267,-17.7674],[-142.4951,-17.8401],[-142.5,-17.8432],[-142.5,-18.2384],[-142.4983,-18.2399]]],[[[-139.0142,-18.6437],[-139.1087,-18.3779],[-139.4263,-18.5813],[-138.9275,-18.9743],[-138.6138,-18.6554],[-139.0142,-18.6437]]],[[[-142.4984,-16.4476],[-141.9189,-15.769],[-142.1604,-15.5316],[-142.4942,-15.7777],[-142.5,-15.7817],[-142.7323,-16.2122],[-142.5,-16.4475],[-142.4984,-16.4476]]],[[[-138.9436,-22.0862],[-138.9273,-22.4022],[-138.4994,-22.2849],[-138.5795,-21.7769],[-138.9135,-21.5782],[-139.2329,-21.9602],[-138.9436,-22.0862]]],[[[-140.6744,-18.0566],[-140.4451,-17.7806],[-140.7693,-17.5203],[-141.2719,-18.0494],[-140.9622,-18.5455],[-140.4578,-18.4599],[-140.6744,-18.0566]]],[[[-153.0224,-22.7283],[-152.6952,-22.839],[-152.8356,-22.4369],[-153.0224,-22.7283]]],[[[-151.5156,-22.2844],[-151.5285,-22.6319],[-151.2224,-22.692],[-151.1809,-22.3052],[-151.5156,-22.2844]]],[[[-149.5035,-23.1282],[-149.7391,-23.3127],[-149.5367,-23.6017],[-149.2141,-23.4822],[-149.5035,-23.1282]]],[[[-147.7148,-23.6578],[-147.8738,-24.0227],[-147.3681,-23.8247],[-147.7148,-23.6578]]],[[[-143.1025,-20.4944],[-143.4295,-20.2392],[-143.7479,-20.5307],[-143.0746,-20.9124],[-142.8349,-20.7405],[-143.1025,-20.4944]]],[[[-138.5634,-19.2169],[-138.8647,-19.084],[-139.3976,-19.2029],[-139.3961,-19.5057],[-138.991,-19.3799],[-138.753,-19.5912],[-138.5634,-19.2169]]],[[[-145.6845,-15.8518],[-146.0298,-15.5989],[-146.1458,-15.1387],[-146.7585,-15.0015],[-147.0485,-15.1512],[-147.65,-14.7441],[-148.8679,-14.7324],[-148.8778,-15.0169],[-148.2411,-15.3268],[-147.2831,-15.5221],[-146.5833,-16.0538],[-146.4969,-16.3472],[-146.0211,-16.2387],[-145.527,-16.8528],[-144.2731,-17.366],[-143.8735,-16.8023],[-143.1679,-17.3905],[-142.8711,-17.3263],[-142.606,-16.8446],[-142.8607,-16.2427],[-143.269,-16.0857],[-143.5427,-16.4161],[-143.9106,-16.2362],[-144.5679,-16.1961],[-144.4784,-15.5865],[-145.2557,-15.596],[-145.3041,-15.3361],[-145.7548,-15.3716],[-145.6845,-15.8518]],[[-144.4526,-16.6909],[-145.1607,-16.5088],[-144.6715,-16.4039],[-144.4526,-16.6909]]]]},"properties":{"tzid":"Pacific/Tahiti"}},
{"type":"Feature","geometry":{"type":"MultiPolygon","coordinates":[[[[174.3166,-1.125],[174.8127,-1.7269],[175.4599,-2.1242],[175.7438,-2.082],[176.2274,-1.4111],[176.6396,-1.5455],[176.6017,-1.1908],[176.0267,-1.0787],[174.2744,-0.3274],[173.9794,-0.6324],[174.3166,-1.125]]],[[[177.0491,-2.6687],[176.8915,-2.4319],[176.6013,-2.6832],[177.0491,-2.6687]]],[[[169.7494,-0.8565],[169.5337,-0.643],[169.3331,-0.9239],[169.7494,-0.8565]]],[[[172.5117,3.1129],[172.5789,1.8878],[172.7757,0.7669],[173.2491,0.0782],[173.7202,-0.0562],[174.1362,0.4209],[173.3836,1.4154],[173.5056,2.0229],[173.199,3.4606],[172.9229,3.5858],[172.5008,3.3657],[172.4993,3.3624],[172.4988,3.1769],[172.5117,3.1129]]]]},"properties":{"tzid":"Pacific/Tarawa"}},
{"type":"Feature","geometry":{"type":"MultiPolygon","coordinates":[[[[-176.2291,-22.134],[-176.3607,-22.4901],[-176.0449,-22.4847],[-176.2291,-22.134]]],[[[-175.1715,-21.47],[-174.7512,-21.5961],[-174.889,-20.8519],[-175.5498,-21.0068],[-175.1715,-21.47]]],[[[-175.4733,-20.351],[-175.4144,-20.7677],[-175.182,-20.6526],[-175.4733,-20.351]]],[[[-174.3481,-20.1948],[-174.0623,-19.6278],[-174.3727,-19.4065],[-175.0326,-19.4462],[-175.3185,-19.7386],[-175.0099,-19.9846],[-174.9694,-20.5839],[-174.4085,-20.5635],[-174.3481,-20.1948]]],[[[-174.7073,-19.0184],[-174.4091,-18.7914],[-174.8361,-18.672],[-174.9921,-19.366],[-174.7073,-19.0184]]],[[[-174.1064,-18.4328],[-174.2887,-18.9572],[-173.8938,-19.0351],[-173.835,-18.4048],[-174.1064,-18.4328]]],[[[-174.5274,-17.9631],[-174.192,-18.3655],[-173.9974,-18.0536],[-174.2505,-17.8201],[-174.5274,-17.9631]]],[[[-175.8626,-15.5071],[-175.6159,-15.8399],[-175.5784,-15.3713],[-175.8626,-15.5071]]],[[[-173.541,-15.9197],[-173.9188,-15.718],[-173.9439,-16.1157],[-173.541,-15.9197]]],[[[-179.1488,-23.5671],[-179.3649,-24.0477],[-179.114,-24.1598],[-178.6807,-23.7208],[-178.8528,-23.416],[-179.1488,-23.5671]]]]},"properties":{"tzid":"Pacific/Tongatapu"}},
{"type":"Feature","geometry":{"type":"Polygon","coordinates":[[[166.4977,19.1193],[166.825,19.4235],[166.4849,19.4877],[166.4977,19.1193]]]},"properties":{"tzid":"Pacific/Wake"}},
{"type":"Feature","geometry":{"type":"MultiPolygon","coordinates":[[[[-178.3554,-14.3747],[-178.1168,-14.5497],[-177.7954,-14.3439],[-178.0808,-14.0589],[-178.3554,-14.3747]]],[[[-175.9949,-13.1094],[-176.3587,-13.0516],[-176.3008,-13.5727],[-176.0069,-13.5109],[-175.9949,-13.1094]]]]},"properties":{"tzid":"Pacific/Wallis"}},
{"type":"Feature","geometry":{"type":"MultiPolygon","coordinates":[[[[172.5,53.1877],[172.5019,53.1882],[173.1404,53.1918],[174.8119,52.7298],[174.1026,52.5052],[173.8334,52.1644],[173.3243,52.1931],[172.5023,52.6452],[172.5,52.6465],[172.5,3.364],[172.5008,3.3657],[172.9229,3.5858],[173.199,3.4606],[173.5056,2.0229],[173.3836,1.4154],[174.1362,0.4209],[173.7202,-0.0562],[173.2491,0.0782],[172.7757,0.7669],[172.5789,1.8878],[172.5117,3.1129],[172.5,3.171],[172.5,-34.2858],[172.5027,-34.2834],[173.038,-34.1939],[173.2457,-34.5667],[174.1178,-34.8163],[174.9849,-35.4155],[174.8857,-35.7022],[175.5618,-35.8675],[176.157,-36.4956],[176.3133,-37.0668],[176.8087,-37.6231],[177.1063,-37.2768],[177.4283,-37.4377],[177.3489,-37.7661],[177.9381,-37.336],[178.8016,-37.584],[178.4928,-38.6714],[178.1736,-38.8947],[178.1662,-39.3776],[177.8824,-39.5083],[177.2955,-39.3097],[177.1304,-40.1861],[176.0496,-41.4973],[175.1947,-41.8105],[174.5363,-41.5265],[174.5161,-41.8622],[173.5418,-42.9972],[172.9889,-43.4247],[173.4019,-43.7075],[172.9883,-44.0995],[172.5,-44.0452],[172.5,-68.125],[180,-70],[180,-19.8005],[179.6482,-19.4054],[178.0973,-19.3924],[177.7771,-19.2531],[176.8237,-17.7612],[176.6759,-17.2473],[177.1421,-16.6359],[178.0303,-16.2497],[178.9941,-15.9855],[180,-15.5089],[180,-9.5852],[179.6978,-9.5689],[178.9373,-8.7927],[178.1802,-8.1903],[178.4376,-7.7348],[179.3343,-8.3164],[180,-9.2282],[180,51.7941],[179.184,51.8884],[179.4588,52.2164],[180,52.1384],[180,62.5546],[179.0449,62.0763],[177.1887,62.342],[174.5024,61.6078],[172.5031,60.7625],[172.5,60.7609],[172.5,53.1877]],[[177.9391,52.2193],[178.7563,52.1315],[178.861,51.8366],[179.8014,51.408],[179.0256,51.1902],[177.7534,51.7383],[177.3658,51.6077],[176.8709,51.8874],[177.1172,52.2511],[177.9391,52.2193]],[[175.5163,52.4057],[175.779,52.5845],[176.2789,52.2793],[175.7887,52.1471],[175.5163,52.4057]],[[179.2533,-47.9203],[178.7382,-47.8436],[179.2597,-47.6082],[179.2533,-47.9203]],[[178.9405,-49.8867],[178.4334,-49.7739],[178.9131,-49.4482],[178.9405,-49.8867]],[[174.4215,-21.7329],[174.6634,-21.534],[174.7233,-21.9283],[174.4215,-21.7329]],[[177.0098,-12.7221],[176.7296,-12.4806],[176.9539,-12.2644],[177.3516,-12.5372],[177.0098,-12.7221]],[[177.1685,-6.2266],[177.2605,-5.9147],[177.5468,-6.168],[177.1685,-6.2266]],[[176.5282,-6.2754],[176.1719,-6.4392],[176.1714,-6.1364],[176.5282,-6.2754]],[[176.3299,-5.7817],[176.1141,-5.9084],[175.8961,-5.514],[176.2393,-5.4941],[176.3299,-5.7817]],[[177.2523,-7.0141],[177.3187,-7.3837],[176.9644,-7.3432],[177.2523,-7.0141]],[[178.7156,-7.2613],[178.8821,-7.571],[178.4603,-7.4607],[178.7156,-7.2613]],[[174.3166,-1.125],[173.9794,-0.6324],[174.2744,-0.3274],[176.0267,-1.0787],[176.6017,-1.1908],[176.6396,-1.5455],[176.2274,-1.4111],[175.7438,-2.082],[175.4599,-2.1242],[174.8127,-1.7269],[174.3166,-1.125]],[[177.0491,-2.6687],[176.6013,-2.6832],[176.8915,-2.4319],[177.0491,-2.6687]]],[[[172.5,-40.3394],[172.502,-40.3385],[173.1013,-40.3481],[173.4562,-40.8793],[174.0767,-40.4696],[174.6035,-40.8959],[174.9466,-40.2285],[173.7505,-39.6808],[173.4932,-39.3194],[173.8616,-38.884],[174.3488,-38.7318],[174.3174,-37.9382],[174.5621,-37.728],[174.1702,-36.8672],[172.8185,-35.2447],[172.8913,-35.0226],[172.5011,-34.6408],[172.5,-34.6401],[172.5,-40.3394]]],[[[172.5,70.1609],[172.5542,70.1694],[174.636,70.0442],[176.1935,70.0742],[177.1502,69.823],[179.2192,69.5371],[180,69.2895],[180,70.7166],[178.5512,70.6021],[178.0228,71.1096],[180,71.7491],[172.5,90],[172.5,70.1609]]],[[[180,64.7463],[178.9023,64.258],[179.2684,63.5651],[180,62.8759],[180,64.7463]]]]},"properties":{"tzid":"Etc/GMT-12"}},
{"type":"Feature","geometry":{"type":"MultiPolygon","coordinates":[[[[172.5,52.6465],[172.4982,52.6476],[172.1523,52.8144],[172.4965,53.1869],[172.5,53.1877],[172.5,60.7609],[172.4715,60.746],[171.3875,60.378],[170.7982,59.8987],[169.899,59.8075],[169.1166,60.3517],[168.3267,60.3853],[167.1636,60.0737],[164.9201,58.7336],[163.8432,58.337],[163.6934,57.7104],[163.724,56.1357],[163.3509,55.8888],[162.4701,54.6762],[160.2818,52.9511],[158.7995,52.1593],[158.1748,51.5162],[157.5158,51.088],[157.5,51.0805],[157.5,5.9378],[157.5049,5.9309],[157.5002,5.6563],[157.5,5.6561],[157.5,-6.8122],[157.9167,-7.0084],[158.7043,-7.2841],[159.048,-7.5582],[160.5,-7.6587],[160.8172,-7.7841],[161.1804,-8.5124],[162.1325,-9.5746],[162.6612,-10.7536],[162.4113,-11.1003],[161.8109,-10.9845],[159.988,-10.0223],[157.7763,-9.0122],[157.5823,-8.9913],[157.5,-8.9718],[157.5,-65],[160,-65],[172.5,-68.125],[172.5,-44.0452],[172.495,-44.0454],[171.5445,-44.426],[171.1397,-45.3099],[171.0154,-45.9473],[170.4822,-46.1411],[170.0134,-46.6054],[168.5441,-47.015],[167.8691,-47.7215],[167.0852,-47.3468],[167.5334,-46.5128],[167.0668,-46.7473],[166.5785,-46.6185],[166.1631,-45.673],[166.6333,-45.1171],[168.3018,-43.8093],[169.4999,-43.3863],[170.9204,-42.4239],[171.2214,-41.6477],[171.8234,-41.2805],[171.8295,-40.8884],[172.498,-40.3403],[172.5,-40.3394],[172.5,-34.6401],[172.4973,-34.6387],[172.4996,-34.2862],[172.5,-34.2858],[172.5,3.171],[172.4988,3.1769],[172.4993,3.3624],[172.5,3.364],[172.5,52.6465]],[[159.3394,-54.3431],[159.0345,-55.1503],[158.5647,-55.3124],[158.5089,-54.4869],[158.7156,-54.2398],[159.3394,-54.3431]],[[168.2054,54.7789],[168.4455,54.4887],[167.9743,54.308],[167.1584,54.714],[167.6015,55.0574],[168.2054,54.7789]],[[165.733,55.5164],[166.5983,55.4055],[166.9882,54.8978],[166.9091,54.5348],[166.1137,54.6916],[165.4048,55.2712],[165.733,55.5164]],[[159.3625,-31.5772],[159.1446,-31.9515],[158.8012,-31.513],[158.9935,-31.2966],[159.3625,-31.5772]],[[172.3466,-34.2857],[171.8073,-34.2617],[172.281,-33.9533],[172.3466,-34.2857]],[[166.2039,-48.0102],[166.7923,-47.8548],[166.832,-48.1921],[166.2039,-48.0102]],[[168.9424,-52.7867],[168.656,-52.567],[169.2827,-52.2701],[169.5962,-52.5485],[168.9424,-52.7867]],[[166.5247,-50.3398],[166.5516,-50.8851],[165.763,-51.0649],[165.5544,-50.8205],[165.8198,-50.394],[166.5247,-50.3398]],[[159.326,-4.2378],[159.6863,-4.631],[159.4329,-4.8075],[159.1179,-4.6152],[159.326,-4.2378]],[[169.3133,-18.35],[170.3797,-19.3594],[170.4277,-19.6255],[170.0913,-20.2986],[169.5825,-20.3704],[169.0741,-19.6364],[168.8028,-18.9691],[167.977,-17.815],[167.2874,-16.6989],[166.5856,-15.7379],[166.3385,-14.8835],[166.3446,-13.0336],[166.5829,-12.8742],[167.6782,-13.0571],[167.8394,-13.1909],[168.2641,-14.3759],[168.4857,-15.8769],[168.8471,-16.9422],[168.8097,-17.6352],[169.3133,-18.35]],[[162.7612,-8.2097],[163.1338,-8.3205],[162.9939,-8.6146],[162.6653,-8.4536],[162.7612,-8.2097]],[[159.2431,-5.9995],[159.5941,-6.2028],[159.3101,-6.4737],[159.2431,-5.9995]],[[170.0195,-12.0238],[170.1488,-11.7076],[170.3965,-11.911],[170.0195,-12.0238]],[[168.7487,-12.4963],[168.7037,-12.125],[169.0122,-12.1757],[168.7487,-12.4963]],[[169.7853,-11.4172],[170.0511,-11.564],[169.7962,-11.8076],[169.7853,-11.4172]],[[167.2188,-9.6219],[167.3521,-10.1015],[166.8638,-9.8058],[167.2188,-9.6219]],[[166.3771,-9.9914],[166.561,-10.1726],[167.204,-11.5146],[167.189,-11.8311],[166.7003,-11.8853],[165.6201,-10.9841],[165.4919,-10.1092],[165.5822,-9.8768],[166.3771,-9.9914]],[[160.6181,-11.5542],[160.8556,-11.855],[160.8465,-13.0033],[160.3882,-13.1233],[159.8551,-12.3718],[159.5525,-11.3232],[159.9229,-11.1156],[160.6181,-11.5542]],[[159.2457,-5.6756],[158.9824,-5.3288],[159.114,-4.9031],[159.5321,-4.8984],[159.9165,-5.4653],[159.7592,-5.7083],[159.2457,-5.6756]],[[163.2365,5.295],[162.7954,5.1115],[162.7451,5.4394],[163.0533,5.572],[163.2365,5.295]],[[168.136,8.5512],[168.3127,8.3246],[169.071,7.9367],[169.9054,5.9064],[168.9215,4.4765],[168.5527,4.4314],[168.4586,4.7188],[168.9305,5.7246],[169.175,5.9894],[168.5459,7.1506],[168.0961,7.6051],[167.2715,8.137],[166.1761,8.7164],[165.6583,8.7509],[165.332,9.2994],[165.6943,10.175],[164.997,11.5526],[165.4424,11.9144],[167.4856,11.6144],[167.7291,11.4033],[167.4528,11.0711],[166.766,10.9374],[166.885,10.2417],[167.0036,9.5446],[167.4355,9.6044],[167.8957,9.2151],[168.136,8.5512]],[[170.1095,10.8513],[170.1321,10.6455],[170.9131,10.5036],[171.0777,10.3461],[171.4364,8.7524],[171.4086,8.5272],[172.1343,7.1602],[172.3713,5.9226],[172.0878,5.6922],[171.5799,5.9386],[170.8683,7.0211],[170.8108,8.129],[169.9085,8.8638],[169.6413,9.3193],[168.8226,9.8255],[168.8645,10.215],[169.3237,10.2743],[169.3402,11.2046],[169.7759,11.5433],[170.0657,11.251],[170.1095,10.8513]],[[168.3375,5.633],[167.9309,5.4808],[168.0121,5.8338],[168.3375,5.633]],[[169.2257,14.6614],[168.9087,14.3522],[168.6932,14.797],[169.2257,14.6614]],[[170.3521,12.2512],[170.1659,11.987],[169.874,12.3376],[170.3521,12.2512]],[[161.1953,9.7783],[160.9958,9.5647],[160.6681,9.6861],[160.7091,10.047],[161.1953,9.7783]],[[162.6015,11.4673],[162.1775,11.1453],[161.8569,11.4303],[162.2727,11.882],[162.6015,11.4673]],[[166.9053,-0.7507],[166.9273,-0.3035],[167.1594,-0.5111],[166.9053,-0.7507]],[[168.1823,-29.1814],[167.7901,-29.2824],[167.691,-28.9652],[168.138,-28.8691],[168.1823,-29.1814]],[[171.4796,-22.1743],[171.5356,-22.4637],[171.1348,-22.3429],[171.4796,-22.1743]],[[168.7421,-22.6842],[168.9405,-22.3808],[169.1698,-22.635],[168.7421,-22.6842]],[[158.1459,-19.1482],[158.3398,-18.8519],[158.8639,-18.7466],[159.2523,-19.1374],[159.093,-19.5553],[158.6333,-20.1207],[158.1927,-20.0463],[157.9867,-19.6738],[158.1459,-19.1482]],[[164.282,-18.7571],[164.4686,-18.3147],[164.6442,-18.607],[164.282,-18.7571]],[[165.9484,-19.6546],[165.8119,-20.0878],[165.3841,-20.0373],[165.4307,-19.567],[165.9484,-19.6546]],[[165.8987,-20.3464],[166.1809,-20.0881],[167.4256,-20.5658],[168.3292,-21.3611],[168.2965,-21.7359],[167.689,-21.737],[166.8651,-21.0805],[166.2466,-20.8734],[165.8987,-20.3464]],[[164.8698,-21.6214],[164.3191,-21.1663],[162.9616,-19.4646],[162.6287,-18.4776],[162.7855,-17.72],[163.2693,-17.8565],[163.463,-18.5114],[163.9524,-19.0543],[164.2937,-19.7214],[164.9598,-20.3341],[165.3414,-20.4313],[165.8919,-20.986],[167.0327,-21.8029],[167.2965,-22.216],[167.7157,-22.4532],[167.6685,-22.9431],[166.9742,-23.2195],[166.7066,-23.0738],[165.729,-22.1273],[164.8698,-21.6214]],[[159.5053,-21.1947],[159.7257,-21.2713],[159.7054,-22.0126],[159.2005,-21.8581],[158.6428,-21.4813],[158.7403,-21.2376],[159.5053,-21.1947]],[[158.7058,-20.816],[158.8049,-21.0698],[158.4495,-21.1799],[158.2588,-20.8922],[158.4206,-20.6137],[158.7058,-20.816]],[[159.5475,6.6263],[159.7514,6.9022],[159.9241,6.5473],[159.5475,6.6263]],[[160.4883,6.1915],[160.8986,6.3105],[160.8386,6.0436],[160.4883,6.1915]],[[158.5336,6.9846],[158.3026,6.5614],[157.8636,6.5328],[157.5631,7.0797],[157.7133,7.282],[158.3062,7.2513],[158.5336,6.9846]],[[169.7494,-0.8565],[169.3331,-0.9239],[169.5337,-0.643],[169.7494,-0.8565]],[[166.4977,19.1193],[166.4849,19.4877],[166.825,19.4235],[166.4977,19.1193]]],[[[157.5,58.1925],[157.5306,58.2003],[157.963,58.1845],[159.2182,58.8459],[160.1899,59.6807],[161.4118,60.3189],[161.0757,60.3945],[160.2043,60.3724],[159.3905,60.875],[159.1889,61.5464],[157.5178,61.4965],[157.5,61.4915],[157.5,58.1925]]],[[[157.5,71.25],[157.5523,71.2467],[159.823,70.8938],[161.7101,71.1156],[162.8817,70.7976],[162.3683,70.4206],[160.4285,70.6029],[160.6543,69.9227],[162.5311,69.869],[164.1816,69.948],[164.8899,69.7609],[166.8392,69.7074],[167.9322,70.1825],[169.535,70.1046],[170.6618,70.3206],[172.4925,70.1597],[172.5,70.1609],[172.5,90],[157.5,90],[157.5,77.1483],[157.53,77.0945],[157.5178,77.0444],[157.5,77.0297],[157.5,76.957],[157.5434,76.9646],[158.9115,76.889],[157.5447,76.6257],[157.5,76.6343],[157.5,71.25]]]]},"properties":{"tzid":"Etc/GMT-11"}},
{"type":"Feature","geometry":{"type":"MultiPolygon","coordinates":[[[[142.5,90],[142.5,76.2188],[142.5207,76.2123],[145.8234,75.7119],[146.5845,75.787],[151.2416,75.3229],[151.7414,75.1418],[150.9453,74.6797],[149.7312,74.5512],[147.638,74.6391],[145.4903,75.1108],[144.5102,74.7717],[142.6696,74.5328],[142.5,74.4797],[142.5,74.068],[142.5857,74.0493],[144.3081,73.4296],[144.3691,72.9181],[145.2175,72.7612],[147.1992,72.5116],[148.4435,72.518],[150.4841,72.1219],[152.8122,71.0175],[155.7538,71.2665],[157.3817,71.2573],[157.5,71.25],[157.5,76.6343],[157.4754,76.639],[157.4368,76.9458],[157.5,76.957],[157.5,77.0297],[157.4773,77.011],[156.3392,76.8754],[155.6576,77.1707],[157.4984,77.1512],[157.5,77.1483],[157.5,90],[142.5,90]],[[147.7864,76.7587],[150.2408,76.8601],[149.3078,76.4324],[147.7864,76.7587]],[[151.6627,75.7589],[152.1291,76.3407],[153.6597,76.2292],[152.9723,75.5556],[151.6627,75.7589]]],[[[146.9499,59.1511],[145.8359,58.9592],[145.3938,59.186],[143.8912,59.1987],[142.5129,58.9717],[142.5,58.9657],[142.5,54.592],[142.5088,54.5954],[142.9797,54.5551],[143.6635,52.8595],[143.4791,52.0683],[144.1307,50.3008],[144.659,49.1649],[145.0464,48.6124],[144.7615,48.322],[143.8947,49.0768],[143.2649,49.0429],[142.8234,47.796],[143.3611,47.042],[143.7535,46.8899],[143.8987,46.3296],[143.4452,45.8216],[143.0441,46.3982],[142.5129,46.1054],[142.5,46.0759],[142.5,45.8462],[142.5083,45.8205],[142.507,45.758],[142.5,45.7391],[142.5,45.3568],[142.5681,45.2983],[143.6,44.4622],[144.6582,44.119],[145.1756,44.5121],[145.6337,44.3348],[145.8757,44.6104],[146.6601,44.6537],[147.6846,45.5584],[148.5214,45.7154],[149.1135,45.6449],[150.0301,46.3495],[150.4901,46.4243],[150.5485,46.9003],[151.1903,46.6035],[151.0808,46.3293],[149.8614,45.4779],[149.1735,45.4556],[148.9715,45.1582],[147.8385,44.7489],[146.9926,44.2268],[146.2313,44.0235],[145.8295,43.6569],[146.7779,44.087],[147.1232,43.686],[145.916,43.1526],[144.9699,42.7615],[144.2506,42.7885],[143.623,42.3147],[143.3657,41.7325],[142.5009,42.0364],[142.5,42.0369],[142.5,-1.7016],[142.894,-1.3254],[145.224,-0.5731],[145.707,-0.7328],[146.6669,-1.7057],[147.6581,-1.8564],[147.9979,-1.7822],[149.4676,-1.1309],[150.0903,-1.4722],[150.7877,-1.482],[152.0818,-2.4119],[152.7942,-2.6199],[153.3872,-3.151],[154,-3.0048],[154.5466,-2.9361],[154.8661,-3.197],[155.2463,-4.4767],[155.6728,-4.8469],[155.42,-5.0607],[155.6845,-5.9493],[156.1738,-6.4449],[156.74,-6.4542],[157.5,-6.8122],[157.5,5.6561],[157.4963,5.6517],[157.0242,5.6275],[157.0387,5.963],[157.498,5.9407],[157.5,5.9378],[157.5,51.0805],[157.48,51.0711],[156.8029,50.6856],[156.5744,50.4173],[155.46,49.8004],[154.7856,50.0215],[154.7864,50.3731],[155.4766,50.5768],[155.3566,51.0997],[156.3833,51.0593],[156.106,52.245],[155.8146,52.8366],[155.2152,55.2323],[155.2967,55.9797],[155.6648,56.7726],[156.6098,57.4329],[156.4019,57.7353],[157.4989,58.1923],[157.5,58.1925],[157.5,61.4915],[157.2362,61.4176],[156.1488,60.5416],[155.1764,60.1854],[154.9753,59.7011],[155.7793,59.5191],[155.8224,59.063],[153.0516,58.7214],[151.6899,58.6422],[150.9834,58.7659],[147.5069,59.037],[146.9499,59.1511]],[[152.1172,47.357],[152.5025,47.575],[152.9897,48.4119],[153.5068,48.4184],[153.5625,47.9683],[152.5746,47.0999],[152.0035,46.6204],[151.4196,46.8779],[152.1172,47.357]],[[153.6824,48.7965],[153.2634,48.8264],[153.3545,49.175],[154.1488,49.1383],[154.3528,50.0095],[155.17,49.7299],[155.1376,49.2719],[153.9552,48.3419],[153.6824,48.7965]],[[153.7875,24.4042],[154.1692,24.4],[153.9308,24.0815],[153.7875,24.4042]],[[156.9545,-4.4927],[157.2066,-4.6389],[157.0623,-4.9898],[156.7855,-4.9296],[156.9545,-4.4927]],[[147.4435,8.0877],[147.6619,8.3089],[147.7189,7.913],[147.4435,8.0877]],[[146.4889,8.0626],[146.7669,8.2946],[146.7638,7.8653],[146.4889,8.0626]],[[144.2926,8.5818],[144.4474,8.8043],[144.725,8.5433],[144.2926,8.5818]],[[144.2467,7.175],[144.419,7.4613],[144.6643,7.2637],[144.2467,7.175]],[[143.6182,7.3434],[144.094,7.4686],[143.9714,7.1488],[143.6182,7.3434]],[[142.8005,6.6101],[143.1511,6.881],[143.2837,6.6496],[142.8005,6.6101]],[[146.305,7.2587],[145.6893,7.5579],[145.825,7.9017],[146.5821,7.4925],[146.305,7.2587]],[[151.1317,8.5356],[152.2448,8.9881],[152.5438,8.654],[151.7694,8.2283],[151.1317,8.5356]],[[149.0941,6.6717],[149.3813,6.8885],[149.3087,6.4715],[149.0941,6.6717]],[[148.9717,7.3229],[149.4079,7.8458],[149.6308,7.493],[149.1659,7.1455],[148.9717,7.3229]],[[149.8647,8.9093],[150.058,9.1763],[150.4813,8.9037],[150.62,8.5113],[150.383,8.3673],[149.8647,8.9093]],[[151.2456,7.2508],[151.5351,7.7942],[152.1276,7.6891],[152.1858,6.9367],[151.9134,6.792],[151.2456,7.2508]],[[152.3699,6.9758],[152.6425,7.1889],[152.933,6.8189],[152.691,6.63],[152.3699,6.9758]],[[152.9127,5.8961],[153.0129,6.1025],[153.3486,5.8392],[152.9127,5.8961]],[[153.2543,5.4377],[153.5833,5.8286],[154.0235,5.4927],[153.589,5.0895],[153.2543,5.4377]],[[144.6314,13.6684],[145.1144,13.7291],[144.8392,13.0755],[144.5774,13.044],[144.4149,13.4757],[144.6314,13.6684]],[[154.709,3.8243],[155.033,4.0581],[155.0495,3.6454],[154.709,3.8243]],[[154.5158,1.0175],[154.6307,1.274],[154.9723,1.2033],[154.9547,0.9041],[154.5158,1.0175]],[[154.0411,8.0716],[154.2964,8.3485],[154.3781,7.8744],[154.0411,8.0716]],[[154.9482,7.5152],[155.0863,7.8153],[155.6121,7.6113],[155.5368,7.2845],[155.0855,7.2969],[154.9482,7.5152]],[[145.6867,15.4521],[146.0189,15.3581],[145.7208,14.7091],[145.3363,14.7718],[145.6867,15.4521]],[[145.4845,14.115],[145.1747,13.9096],[145.035,14.3292],[145.4845,14.115]],[[145.6813,18.5244],[145.5117,18.9622],[145.7739,18.9871],[145.6813,18.5244]],[[144.6989,20.6439],[145.0552,20.6892],[144.8599,20.3379],[144.6989,20.6439]],[[145.9357,16.1878],[146.2163,16.1642],[146.0374,15.8047],[145.9357,16.1878]],[[146.0591,17.3464],[145.8194,17.0966],[145.612,17.6573],[146.0337,17.7028],[146.0591,17.3464]],[[144.996,20.0316],[145.32,20.2144],[145.6145,19.6122],[145.2906,19.5026],[144.996,20.0316]],[[145.6672,16.1307],[145.4247,16.3382],[145.6492,16.8772],[145.9657,16.8171],[145.9142,16.2696],[145.6672,16.1307]],[[145.5502,18.1992],[145.9816,18.2694],[145.9547,17.9667],[145.5742,17.8904],[145.5502,18.1992]]],[[[154,-5.2742],[152.9276,-5.0658],[152.205,-5.6087],[151.6884,-5.7691],[151.304,-6.1189],[150.5417,-6.4602],[149.4558,-6.5208],[149.305,-6.2781],[148.1327,-6.8731],[148.3169,-7.9483],[149.2526,-8.7379],[150.0011,-8.1324],[150.8192,-8.116],[151.9882,-8.6084],[153.8043,-9.1066],[153.7212,-9.5021],[152.7536,-9.7187],[153.1158,-10.6379],[154.2867,-11.1063],[154.5291,-11.2911],[154.4408,-11.6469],[153.4849,-11.8448],[153.2128,-11.6992],[151.9297,-11.3789],[151.2565,-11.357],[149.0956,-10.4436],[148.0695,-10.4246],[147.6513,-10.2911],[147.2043,-9.7369],[146.6843,-9.4716],[145.9126,-8.2485],[144.9901,-8.0426],[144.1231,-7.9968],[143.9084,-8.2411],[143.9714,-8.6586],[143.3241,-9.3339],[142.8511,-9.3916],[142.5035,-9.4787],[142.5,-9.4761],[142.5,-9.6923],[142.6983,-9.6818],[143.8011,-9.3652],[144.2511,-9.4985],[144.4387,-9.9314],[144.0831,-10.3404],[143.6978,-10.2858],[143.8326,-10.9],[143.4723,-11.0936],[143.5101,-11.3752],[143.9602,-11.0123],[144.2577,-11.1199],[144.3152,-11.7441],[144.0049,-12.5427],[144.1988,-13.2979],[144.5043,-13.7409],[145.6688,-14.3183],[145.928,-15.0137],[145.7563,-15.3589],[145.8124,-15.8461],[146.5458,-16.771],[146.4632,-17.3204],[147.1666,-18.0452],[147.4024,-18.4782],[147.045,-18.9666],[147.4974,-19.1249],[148.0462,-19.6596],[148.4816,-19.5598],[148.6764,-19.8165],[149.109,-19.9117],[149.3577,-20.4552],[150.4448,-20.9634],[150.3949,-21.2555],[150.9162,-21.9247],[151.4755,-23.446],[151.572,-23.1262],[152.0872,-23.0569],[152.6495,-23.9158],[152.7824,-24.3097],[151.8618,-23.7271],[152.2681,-24.4436],[153.2386,-24.4559],[153.5672,-25.0776],[153.2998,-25.6868],[153.3624,-26.6959],[153.6962,-26.8989],[153.7597,-28.0725],[153.866,-28.6482],[153.5415,-29.7647],[153.6206,-29.9644],[153.2655,-30.5509],[153.1677,-31.5153],[152.7779,-32.1193],[152.7772,-32.5271],[152.0171,-33.0077],[151.1949,-34.3488],[151.0917,-35.0371],[150.41,-35.9771],[150.4777,-36.2657],[150.1912,-36.9064],[150.2018,-37.5956],[149.546,-37.9708],[148.2605,-38.0219],[147.6494,-38.2993],[146.9398,-38.8671],[147.2876,-39.1985],[148.2049,-39.5147],[148.5708,-39.8255],[148.754,-40.4993],[148.6178,-40.9665],[148.5972,-42.4148],[148.2644,-43.3128],[147.2686,-43.752],[146.9279,-44.0582],[145.8036,-43.6859],[145.002,-42.6792],[144.9633,-42.0622],[144.6788,-41.8145],[144.34,-41.0248],[144.423,-40.7774],[143.6659,-40.2384],[143.556,-39.6492],[143.9841,-39.3578],[144.3239,-39.557],[144.3545,-40.1047],[145.1241,-40.2385],[145.531,-40.6402],[146.2699,-40.9506],[147.149,-40.6523],[147.7728,-40.5841],[147.4228,-39.9639],[147.0422,-39.9521],[145.9999,-39.1985],[145.6409,-38.8804],[144.5358,-38.4898],[143.6992,-39.0222],[143.0863,-38.9334],[142.5059,-38.6446],[142.5,-38.6406],[142.5,-65],[150,-65],[157.5,-65],[157.5,-8.9718],[157.3364,-8.9329],[156.3847,-8.4571],[155.4182,-7.6034],[155.3362,-7.0975],[154.3664,-5.7524],[154.3203,-5.336],[154,-5.2742]],[[156.0136,-17.5809],[155.6875,-17.5604],[155.9513,-17.1679],[156.0136,-17.5809]],[[153.6506,-22.1189],[153.2988,-21.8376],[153.6434,-21.4907],[153.9814,-21.6046],[153.6506,-22.1189]],[[154.5529,-21.1487],[154.213,-21.1752],[154.2906,-20.7481],[154.5529,-21.1487]],[[155.5952,-21.4496],[155.5613,-20.9804],[156.0074,-21.2037],[155.5952,-21.4496]],[[155.1744,-22.4063],[154.9481,-22.1238],[155.5733,-21.9918],[155.6493,-22.3048],[155.1744,-22.4063]],[[155.6311,-23.4458],[155.3301,-23.3281],[155.603,-23.0448],[155.6311,-23.4458]],[[151.8637,-20.867],[152.1946,-20.7229],[152.8423,-20.9815],[152.7631,-21.6153],[152.967,-22.0662],[152.8037,-22.5482],[152.5149,-22.588],[152.0845,-22.1398],[151.9693,-21.5938],[151.5582,-21.5631],[151.5097,-20.9474],[151.8637,-20.867]],[[151.135,-21.6336],[151.4548,-21.7192],[151.3413,-22.0092],[151.135,-21.6336]],[[152.0402,-19.4034],[152.1742,-18.742],[152.4542,-18.7864],[152.5891,-19.2802],[152.0402,-19.4034]],[[151.285,-17.3479],[151.7369,-16.9404],[152.1387,-16.9099],[152.3582,-17.2091],[152.174,-17.53],[151.4994,-17.8322],[151.1431,-17.6469],[150.742,-17.849],[150.6162,-17.3358],[151.285,-17.3479]],[[150.1667,-16.7303],[149.7732,-16.3883],[149.9854,-15.9079],[150.4065,-16.3423],[150.5041,-16.7385],[150.1667,-16.7303]],[[149.7028,-16.9104],[150.0677,-16.7294],[150.1629,-17.0776],[149.7028,-16.9104]],[[148.9298,-17.0509],[149.2617,-16.727],[149.3186,-17.1581],[148.9298,-17.0509]],[[148.3003,-16.4731],[147.7021,-16.7154],[147.7084,-16.2378],[148.1978,-16.2545],[148.3003,-16.4731]],[[148.7443,-17.8595],[148.5906,-18.0707],[148.1589,-17.8011],[148.2394,-17.3924],[148.6814,-17.3775],[148.7443,-17.8595]],[[149.1006,-19.7565],[149.3128,-19.386],[149.6672,-19.3256],[149.9445,-19.8084],[149.5103,-20.0865],[149.1006,-19.7565]],[[155.8188,-10.5233],[155.9283,-10.963],[155.4511,-10.9979],[155.8188,-10.5233]]],[[[142.5624,-9.3724],[142.5011,-9.3361],[142.5,-9.335],[142.5,-9.3657],[142.5258,-9.3618],[142.5624,-9.3724]]]]},"properties":{"tzid":"Etc/GMT-10"}},
{"type":"Feature","geometry":{"type":"MultiPolygon","coordinates":[[[[127.5,90],[127.5,73.7538],[127.8142,73.7247],[130.2455,73.004],[130.2444,71.7911],[130.7475,71.2022],[131.2347,71.2727],[132.2375,72.0746],[133.9375,71.9494],[134.2318,71.5756],[135.1957,71.7998],[137.2643,71.8121],[138.2916,72.1226],[139.9228,72.9004],[139.709,73.0358],[139.0779,73.4038],[139.5105,73.9806],[138.6615,74.4673],[137.5594,74.6411],[136.2153,75.1958],[134.7004,75.4456],[135.2091,76.027],[136.6889,75.9908],[138.1007,76.3345],[140.3037,76.4958],[142.4609,76.2312],[142.5,76.2188],[142.5,90],[127.5,90]],[[134.7067,74.2595],[136.0424,74.3819],[136.9621,74.0408],[136.3281,73.6836],[134.7067,74.2595]]],[[[142.5,74.4797],[142.3803,74.4423],[142.4843,74.0714],[142.5,74.068],[142.5,74.4797]]],[[[142.5,58.9657],[142.4978,58.9647],[141.0613,58.1641],[140.7932,57.7274],[139.3835,57.0795],[138.4571,56.2692],[137.8375,55.9205],[138.5738,55.2692],[140.0265,54.5077],[140.9358,53.7261],[141.4917,53.5565],[142.3483,53.8816],[141.9179,54.2819],[142.4818,54.5848],[142.5,54.592],[142.5,58.9657]]],[[[141.4157,51.6201],[140.7829,50.7021],[140.9957,50.0669],[140.4379,48.3537],[139.5833,47.7452],[138.829,46.9467],[138.5965,46.4436],[137.8409,45.632],[137.1232,45.1118],[135.2882,43.3345],[134.0252,42.6813],[133.227,42.4931],[130.8861,42.1479],[129.9417,41.5552],[130.0283,40.9518],[129.6687,40.465],[129.4007,40.4782],[128.8174,40.031],[127.8269,39.6497],[128.6538,38.6177],[129.6244,37.271],[129.63,36.2875],[129.8326,35.9927],[129.669,35.4],[129.2666,35.1337],[128.8163,34.3433],[127.9991,34.1233],[127.5757,33.8245],[127.5,33.8185],[127.5,26.7229],[127.5153,26.7546],[127.764,27.1655],[128.2401,27.1934],[128.6755,27.6401],[129.0698,28.4804],[129.8293,28.9534],[130.1521,28.1601],[129.7422,28.1663],[128.6564,27.144],[128.5381,26.6612],[128.142,26.0922],[127.6172,25.8821],[127.5,25.9006],[127.5,3.572],[127.754,3.4076],[128.7188,2.7827],[128.8987,2.4364],[128.9349,1.6281],[129.2749,0.9126],[130.6558,0.7458],[131.1153,1.2268],[131.4498,1.18],[132.2717,-0.1402],[132.6509,-0.1573],[134.1685,1.0935],[134.5051,1.0473],[135.4097,-0.2395],[136.4714,-0.8855],[137.97,-1.2604],[138.808,-1.3967],[140.2441,-2.1429],[141.013,-2.4022],[141.5348,-2.5561],[142.1875,-2],[142.5,-1.7016],[142.5,42.0369],[142.492,42.0414],[141.7837,42.3808],[141.2974,42.2636],[141.4017,41.6826],[140.8731,41.6922],[139.8618,41.1569],[139.0682,41.4981],[139.1336,42.1989],[140.1217,43.4636],[141.0452,43.842],[141.0124,44.3884],[140.6835,45.4012],[140.8401,45.6863],[141.9165,45.5765],[142.4947,45.3613],[142.5,45.3568],[142.5,45.7391],[142.4958,45.7277],[142.2134,45.5954],[141.6382,46.0164],[141.5243,46.6363],[141.7579,47.1309],[141.6751,47.6696],[141.878,48.0525],[141.5775,48.6319],[141.8317,49.5358],[141.7193,50.8147],[141.931,51.0781],[141.4157,51.6201]],[[140.9474,46.3625],[141.5597,46.2751],[141.276,46.0241],[140.9474,46.3625]],[[131.6106,37.2419],[131.8136,37.4442],[132.0647,37.1106],[131.6106,37.2419]],[[131.2059,37.4739],[130.8273,37.2559],[130.5251,37.5734],[131.1003,37.702],[131.2059,37.4739]],[[140.0377,31.6419],[140.2859,31.4097],[139.9129,31.2764],[140.0377,31.6419]],[[140.8366,27.4492],[141.0413,27.1074],[140.7024,27.1153],[140.8366,27.4492]],[[129.731,34.5967],[128.9979,33.9475],[129.2685,34.6795],[129.5995,34.8917],[129.731,34.5967]],[[128.0037,27.9443],[128.4571,27.9093],[128.2794,27.6643],[128.0037,27.9443]],[[141.0657,24.745],[141.3235,25.0127],[141.5036,24.639],[141.0657,24.745]],[[141.0519,25.4295],[141.4934,25.5214],[141.2805,25.2195],[141.0519,25.4295]],[[131.4916,25.8017],[131.1125,25.643],[131.1055,26.0785],[131.437,26.1287],[131.4916,25.8017]],[[139.517,32.4451],[139.801,32.6705],[139.8523,32.2557],[139.517,32.4451]],[[140.0546,30.4718],[140.5242,30.5738],[140.2747,30.2737],[140.0546,30.4718]],[[139.751,32.8578],[139.443,33.0837],[139.871,33.3667],[140.0716,32.9897],[139.751,32.8578]],[[142.0344,27.3398],[141.87,27.6905],[142.2913,27.8669],[142.4566,26.6239],[142.0394,26.3673],[141.8926,26.7025],[142.0344,27.3398]],[[131.1702,24.6718],[131.4083,24.5178],[131.1247,24.27],[131.1702,24.6718]],[[130.3033,30.075],[129.7577,29.2884],[129.2064,28.9266],[129.1468,28.6387],[128.7458,28.7808],[129.0763,29.3305],[129.3577,29.4302],[129.3463,30.0348],[130.0753,30.2596],[131.26,30.9429],[131.1942,30.2824],[130.3033,30.075]],[[128.4733,32.2473],[128.631,31.958],[128.2383,31.8066],[127.8974,32.1477],[128.0438,32.441],[128.4733,32.2473]],[[139.9663,34.7061],[139.5429,34.4982],[139.8657,33.8224],[139.4239,33.4802],[139.3023,33.8559],[138.8876,33.7514],[138.6037,34.0423],[138.9521,34.3724],[137.6632,34.4678],[135.769,33.2334],[135.2047,33.4647],[134.6295,33.4363],[134.235,33.0469],[133.3015,32.8602],[133.0415,32.5218],[131.8517,32.2624],[131.6592,31.494],[130.3403,30.6777],[129.3864,30.6316],[129.1917,31.2307],[129.5195,31.8501],[128.386,32.5228],[128.5877,33.2759],[129.1208,33.5053],[129.8036,34.058],[129.8889,34.3908],[130.9962,34.9659],[132.1415,35.2236],[132.4349,35.562],[133.0047,35.7932],[132.7355,36.1864],[133.2652,36.5556],[133.5512,36.0611],[133.1479,35.8017],[133.7678,35.7006],[135.1102,35.9574],[136.2176,36.5417],[136.5046,36.8865],[136.4274,37.2243],[136.8507,38.0493],[138.0239,38.1952],[138.3837,38.5226],[139.0463,38.6589],[139.4288,40.0022],[139.2538,40.6098],[139.6034,40.9308],[140.8763,41.5994],[141.6175,41.601],[141.6961,40.7218],[142.2377,40.069],[142.31,39.4111],[141.8278,38.2144],[141.2652,37.7566],[141.2248,36.9387],[140.8157,36.2205],[141.1206,35.7555],[140.6411,35.3896],[140.6229,35.1326],[139.9663,34.7061]],[[140.1528,8.0395],[140.4067,8.3514],[140.5348,7.9463],[140.1528,8.0395]],[[140.412,9.5769],[140.3201,9.8338],[140.6902,9.8923],[140.412,9.5769]],[[139.3652,9.9941],[139.7899,10.28],[140.058,9.7968],[139.7025,9.5758],[139.3652,9.9941]],[[137.146,8.3659],[137.2301,8.6511],[137.7345,8.7281],[137.6827,8.2013],[137.43,8.0987],[137.146,8.3659]],[[137.8454,9.5174],[138.0786,9.8431],[138.4141,9.5461],[138.0944,9.2271],[137.8454,9.5174]],[[132.8921,6.4725],[134.4553,8.3342],[134.928,8.06],[134.8159,7.3124],[133.6799,5.4977],[131.9278,2.6889],[131.6991,2.6051],[131.0647,2.8059],[130.9386,3.0998],[132.0437,5.4453],[132.8921,6.4725]]],[[[142.5,-9.335],[142.4992,-9.3343],[142.3082,-9.2469],[142.0594,-9.2612],[141.9823,-9.4024],[140.9152,-9.3047],[139.4114,-8.4878],[138.9083,-8.6364],[137.613,-8.6493],[137.4909,-8.164],[138.1687,-6.4026],[137.5747,-5.5397],[136.1482,-4.8733],[135.0422,-5.6804],[135.1101,-6.371],[134.8445,-7.1484],[134.6085,-7.2854],[134.0788,-7.1152],[132.8944,-6.2872],[131.8619,-7.8115],[130.8604,-8.5396],[129.822,-8.4263],[128.5336,-8.5513],[127.5429,-8.4206],[127.5019,-8.5609],[127.5,-8.5634],[127.5,-13.7484],[127.5008,-13.7487],[128.0498,-14.3328],[129.0532,-14.4383],[129.3309,-13.6708],[129.5494,-13.661],[130.0927,-12.5855],[129.8166,-11.7324],[130.2069,-10.9271],[130.7701,-11.1378],[131.2884,-10.9857],[132.2332,-10.9023],[133.1247,-10.7188],[133.1257,-11.2689],[133.4754,-11.2629],[134.4588,-11.8487],[134.9376,-11.7163],[135.2728,-11.4232],[135.5133,-11.7387],[136.3203,-11.2914],[136.6766,-10.8047],[136.96,-10.952],[137.1662,-12.4556],[136.8972,-13.0101],[137.1772,-13.6265],[137.191,-14.2771],[136.8094,-14.6489],[136.1361,-14.4266],[135.9777,-14.8836],[136.3493,-15.218],[136.9841,-15.2914],[137.3246,-15.8207],[138.1282,-16.3694],[138.8507,-16.6261],[139.2598,-16.0283],[139.93,-16.3078],[140.0831,-16.7449],[139.7635,-17.3285],[140.3133,-17.4731],[140.6886,-17.2385],[141.2,-16.0589],[141.4322,-15.0121],[141.2623,-13.8457],[141.4419,-13.2443],[141.386,-12.5059],[141.916,-11.3051],[141.713,-10.6622],[141.9073,-9.8473],[142.4379,-9.6957],[142.5,-9.6923],[142.5,-9.4761],[142.4991,-9.4754],[142.4958,-9.3663],[142.5,-9.3657],[142.5,-9.335]]],[[[129.0014,-31.9126],[127.5016,-32.4228],[127.5,-32.4232],[127.5,-65],[135,-65],[142.5,-65],[142.5,-38.6406],[142.4967,-38.6384],[141.5064,-38.6311],[140.9637,-38.2742],[140.2262,-38.0755],[139.3561,-37.0185],[139.5731,-36.5882],[138.8832,-35.7956],[137.8471,-36.0703],[137.2066,-36.597],[136.7007,-36.3283],[135.2895,-34.9112],[134.5969,-34.9912],[134.5838,-34.5134],[135,-34.1233],[134.8037,-33.8587],[134.0685,-34.1505],[134.0673,-33.642],[134.3433,-33.5131],[133.7947,-32.8976],[133.0967,-32.8442],[132.8524,-32.3074],[132.0273,-32.3274],[131.6955,-31.9331],[131.1839,-31.6906],[129.0014,-31.9126]]],[[[142.5,46.0759],[142.4937,46.0614],[142.4984,45.851],[142.5,45.8462],[142.5,46.0759]]]]},"properties":{"tzid":"Etc/GMT-9"}},
{"type":"Feature","geometry":{"type":"MultiPolygon","coordinates":[[[[112.5,90],[112.5,76.8359],[112.5151,76.8355],[114.296,76.4235],[114.7116,75.9465],[114.4637,75.2847],[113.5666,74.8938],[114.1505,74.4895],[113.584,74.039],[114.0252,73.787],[115.7557,73.9065],[119.4378,73.6488],[121.1163,73.138],[122.5729,73.3119],[122.3936,73.8244],[123.0215,74.1827],[125.0227,74.1199],[127.4409,73.7592],[127.5,73.7538],[127.5,90],[112.5,90]],[[115.2147,74.3236],[116.2871,74.5593],[116.9273,74.339],[115.7869,74.0869],[115.2147,74.3236]]],[[[124.1303,39.6229],[123.3658,39.506],[123.3822,38.883],[121.5492,38.3848],[121.1136,38.526],[121.1587,37.915],[121.8156,37.661],[122.0261,37.77],[122.8377,37.596],[122.9491,37.3464],[122.665,36.7331],[121.0525,35.7454],[120.2197,34.99],[121.8346,33.1304],[122.4464,31.5361],[123.3104,30.8854],[123.1544,30.0842],[122.4751,28.7908],[121.3212,27.3583],[120.1292,25.3294],[119.6401,24.8408],[118.3886,24.0149],[117.8584,23.4064],[117.311,23.0182],[116.5822,22.7511],[114.0585,21.6271],[112.8485,21.3732],[112.5,21.2887],[112.5,17.0851],[112.8585,16.8369],[112.7985,16.0262],[112.5358,15.8205],[112.5,15.8138],[112.5,9.0685],[112.5009,9.0676],[112.7012,9.0177],[112.7892,8.6694],[112.5001,8.6343],[112.5,8.6343],[112.5,3.3967],[113.0084,3.5419],[113.7785,4.7166],[114.0026,4.7739],[114.9279,5.1521],[115.4633,6.3707],[117.0565,7.6329],[116.7386,7.741],[116.7301,8.1373],[117.3269,9.0346],[118.4496,10.1122],[119.6495,12.3871],[119.8111,13.8888],[119.5771,15.78],[119.5974,16.4142],[120.1358,17.6222],[120.3574,18.5419],[121.029,19.2764],[121.7463,21.1933],[122.1681,21.1488],[122.373,19.9813],[122.5461,18.3355],[122.7363,17.1016],[122.4608,16.3108],[123.1189,14.6626],[124.4704,14.1977],[125.2289,12.8063],[125.7635,12.1583],[126.1614,10.8113],[126.7697,7.7492],[126.7828,7.1973],[126.346,6.1441],[125.6318,5.2682],[125.3204,5.1716],[124.185,5.9628],[122.3191,6.2318],[122.0221,5.8532],[120.805,5.0368],[119.5797,4.3833],[119.1409,4.3833],[118.9115,3.9347],[118.3198,3.9271],[118.823,2.3514],[119.1752,1.9315],[120.2207,1.2341],[120.9083,1.5764],[123.1167,1.2486],[124.2284,1.3482],[124.5541,1.8574],[124.9624,2.7892],[125.1178,4.2559],[125.3346,4.8777],[126.4613,5.7258],[126.7557,5.6788],[127.3066,4.8848],[127.3528,4.5596],[127.0931,3.8355],[127.5,3.572],[127.5,25.9006],[127.4982,25.9009],[126.4882,26.3234],[126.8855,26.7897],[127.4858,26.6935],[127.5,26.7229],[127.5,33.8185],[127.3242,33.8045],[127.0129,33.1683],[126.227,32.9108],[125.9254,33.2318],[126.0591,33.6999],[125.0608,33.8522],[124.8364,34.1092],[125.0057,34.8522],[125.776,35.4497],[125.7509,36.0149],[125.3046,36.6976],[125.8568,37.3992],[125.4263,37.6492],[124.9776,37.6874],[124.4814,37.6572],[124.4183,38.05],[124.5071,38.5716],[125.0388,39.2104],[124.5468,39.1186],[124.1303,39.6229]],[[114.5525,10.1018],[114.7614,9.8582],[114.4501,9.5961],[114.0949,9.6525],[114.1557,9.9874],[114.0613,10.0874],[113.6702,9.9112],[113.6987,10.2209],[114.021,10.2192],[114.2858,10.3504],[114.3465,10.3268],[114.4487,10.5478],[114.1483,10.7202],[113.8742,10.936],[114.1004,11.1443],[114.1796,11.2276],[114.1846,11.5627],[114.4852,11.2996],[114.4039,11.2185],[114.6861,10.5841],[114.5958,10.2112],[114.5525,10.1018]],[[113.0958,8.2277],[113.5532,8.3057],[113.0087,7.7119],[112.7214,7.8664],[113.0958,8.2277]],[[114.203,8.9129],[114.1099,8.5282],[113.5427,8.792],[113.6863,9.1727],[114.203,8.9129]],[[114.2473,7.5352],[113.9615,7.2344],[113.6621,7.2561],[113.7425,8.0677],[114.0658,8.2884],[114.6408,8.3698],[114.9664,8.2347],[114.706,7.889],[114.3351,8.0624],[114.2473,7.5352]],[[115.5984,10.7343],[115.9796,10.9453],[115.8002,10.531],[115.5984,10.7343]],[[114.8179,11.0812],[115.0652,11.2802],[115.1486,10.9214],[114.8179,11.0812]],[[117.5031,15.2103],[117.7959,15.4171],[118.055,15.128],[117.9028,14.9166],[117.5031,15.2103]],[[115.4764,9.6845],[115.5011,10.1336],[115.7602,9.8127],[115.4764,9.6845]],[[113.1585,9.5167],[112.7179,9.413],[113.0808,9.8521],[113.1585,9.5167]],[[113.537,15.5713],[113.9769,16.0299],[114.8206,16.3352],[114.9929,16.1361],[114.7437,15.6845],[114.1784,15.375],[113.537,15.5713]],[[116.3841,9.9924],[116.6628,9.8204],[116.4598,9.5149],[116.3841,9.9924]],[[116.6537,20.9389],[116.9996,20.9455],[117.1237,20.6071],[116.602,20.4545],[116.6537,20.9389]],[[122.1791,24.7943],[121.7348,23.4531],[121.8313,21.9731],[121.665,21.7443],[120.8789,21.5625],[119.2626,23.0518],[119.1269,23.5069],[119.3924,23.9341],[120.8846,25.1806],[121.9502,25.7988],[122.2789,25.7285],[122.1791,24.7943]],[[122.8933,24.2487],[122.7211,24.4992],[123.157,24.6343],[122.8933,24.2487]],[[124.4549,24.7769],[124.9154,24.8113],[125.4802,25.1475],[125.7029,24.7535],[125.2167,24.5154],[124.9493,24.7145],[124.7387,24.4403],[123.8641,23.8564],[123.3538,24.1121],[123.6693,24.6261],[124.4549,24.7769]]],[[[119.4527,5.1403],[119.4789,5.6191],[118.6521,6],[119.455,5.3922],[119.4527,5.1403]]],[[[125.238,-9.6097],[124.6041,-10.2817],[122.972,-11.1858],[121.8378,-10.8399],[121.1904,-11.0134],[120.4011,-10.5198],[119.9923,-10.5043],[118.9509,-9.8677],[118.371,-9.106],[116.9754,-9.3062],[115.57,-9.0204],[114.9325,-9.0301],[113.2645,-8.7058],[112.5,-8.6568],[112.5,-64.6739],[120,-65],[127.5,-65],[127.5,-32.4232],[127.489,-32.4262],[126.0487,-32.4764],[125.5,-32.7773],[124.4484,-33.1454],[124.225,-33.5252],[124.4154,-33.8258],[123.7117,-34.519],[123.286,-34.3628],[122.4546,-34.4026],[121.7852,-34.5839],[121.2537,-34.0679],[120.8423,-34.2764],[120.2128,-34.1495],[119.8094,-34.2562],[119.7253,-34.5626],[119.0212,-34.6831],[118.6221,-35.1091],[117.8311,-35.3894],[117.3309,-35.2443],[116.1272,-35.2021],[115.3749,-34.5718],[114.8061,-34.3919],[114.7852,-33.4445],[115.2869,-33.4342],[115.4488,-33.1127],[115.4691,-31.7894],[114.797,-30.5787],[114.6273,-29.7487],[114.676,-29.2512],[113.9649,-28.1859],[113.7643,-27.3217],[113.0914,-26.4786],[112.7151,-25.4703],[113.2093,-23.9981],[113.5517,-23.3975],[113.408,-22.5967],[113.844,-21.7046],[114.6402,-21.3496],[115.0672,-20.9321],[115.2559,-20.1114],[116.4948,-20.2719],[116.8312,-20.1507],[117.4024,-20.5011],[118.1022,-20.1408],[118.5907,-20.0674],[118.9367,-19.4335],[119.2725,-19.4543],[119.5856,-19.8185],[120.5978,-19.5527],[121.3043,-19.0044],[121.3818,-18.6635],[121.9419,-18.1609],[121.9182,-16.7116],[122.3561,-16.7275],[123.1942,-15.8384],[122.9191,-15.3066],[123.6865,-15.1325],[123.811,-15.264],[124.5512,-14.7235],[124.767,-14.2436],[125.5935,-13.6953],[125.8055,-13.2577],[126.3166,-13.5422],[127.044,-13.5182],[127.4905,-13.7452],[127.5,-13.7484],[127.5,-8.5634],[126.6039,-9.1043],[125.238,-9.6097]],[[123.3629,-14.2185],[123.6237,-13.9135],[123.678,-14.2797],[123.3629,-14.2185]],[[121.581,-14.3091],[121.5368,-14.0118],[121.8963,-13.449],[122.1808,-13.5064],[122.1248,-14.2624],[121.581,-14.3091]],[[118.8819,-17.8558],[118.8288,-17.3303],[119.2696,-17.0558],[119.5635,-17.4645],[119.1832,-17.5229],[118.8819,-17.8558]],[[113.5216,-28.8679],[113.3634,-28.3765],[113.4939,-28.0824],[114.0188,-28.3704],[114.2702,-28.7842],[113.8909,-29.1878],[113.5216,-28.8679]]]]},"properties":{"tzid":"Etc/GMT-8"}},
{"type":"Feature","geometry":{"type":"MultiPolygon","coordinates":[[[[97.5,90],[97.5,81.2282],[97.6081,81.1923],[99.0989,80.8621],[98.7071,80.3034],[101.2897,79.8066],[103.4967,79.5468],[106.4353,78.648],[108.4643,78.2939],[108.481,77.4479],[109.6951,76.9566],[112.4265,76.8382],[112.5,76.8359],[112.5,90],[97.5,90]]],[[[97.5,77.7217],[97.5393,77.7312],[97.5799,78.1095],[97.5,78.1263],[97.5,77.7217]]],[[[112.5,21.2887],[112.4893,21.2861],[111.3961,19.7811],[110.6773,18.5638],[109.81,18.0113],[109.0859,18.0464],[108.4662,18.4904],[108.4951,19.4943],[109.0439,19.9958],[108.999,20.8141],[108.2086,21.2097],[108.1827,21.0592],[107.3321,20.4461],[106.1569,19.3015],[106.195,18.8603],[107.2961,17.527],[109.3553,15.4112],[109.5539,13.9259],[109.6662,12.6022],[109.284,9.9385],[109.1806,9.7905],[106.7998,8.4861],[104.9024,8.1811],[103.2944,9.1217],[103.0522,9.4111],[102.7306,9.797],[102.5895,11.1556],[102.757,11.4017],[102.2156,11.6656],[102.04,12.1307],[101.1644,12.4359],[100.2159,12.3843],[100.2231,12.1357],[99.8163,11.4033],[99.6294,10.5877],[100.1521,10.0691],[100.894,8.5275],[102.1901,7.4349],[102.1589,6.4363],[103.1039,5.996],[103.8399,4.969],[103.8619,3.3557],[104.3336,3.0204],[104.7496,2.4122],[104.6491,1.6182],[104.4877,1.5143],[104.5712,1.4441],[104.7754,1.3412],[105.3681,2.3106],[105.2067,2.8427],[105.4747,3.2611],[107.2953,4.22],[107.5521,4.6269],[108.0329,4.9966],[108.2007,4.8869],[109.0877,3.1321],[109.7135,2.3149],[109.8318,2.1592],[110.4303,1.9957],[111.2736,3.0462],[112.5,3.3967],[112.5,8.6343],[112.4987,8.6347],[111.6044,8.4822],[111.559,8.834],[111.9943,8.8305],[112.4999,9.0686],[112.5,9.0685],[112.5,15.8138],[111.251,15.5792],[110.9883,15.8345],[111.2502,17.1533],[111.4588,17.3084],[112.4688,17.1067],[112.5,17.0851],[112.5,21.2887]],[[107.5651,20.2718],[107.9303,20.0377],[107.5563,19.9933],[107.5651,20.2718]]],[[[100.8231,3.0157],[99.9304,3.8633],[98.7714,5.5714],[98.7916,5.8228],[99.225,6.2847],[98.9603,6.5482],[99.3089,6.7676],[98.8846,7.0898],[98.5714,7.5484],[98.3997,7.2819],[98.1233,7.4019],[98.0009,8.7375],[97.766,8.3036],[97.5013,8.3417],[97.5,8.3433],[97.5,5.4509],[97.5018,5.4508],[98.0698,5.018],[98.4171,4.5837],[99.5901,3.9562],[100.8231,3.0157]]],[[[112.5,-8.6568],[111.6956,-8.6052],[110.6384,-8.3874],[109.4011,-7.9774],[108.2723,-8.0152],[106.3555,-7.5825],[105.0849,-6.968],[103.8333,-5.4564],[102.2238,-5.715],[101.9269,-5.4827],[100.8791,-4.1514],[99.8447,-2.9645],[98.7059,-1.7818],[97.6636,-0.1693],[97.5,0.1082],[97.5,-64.0217],[112.5,-64.6739],[112.5,-8.6568]],[[105.4281,-10.2821],[105.8732,-10.3048],[105.5765,-10.7582],[105.4281,-10.2821]]],[[[97.5,8.8066],[97.5034,8.8109],[97.7163,9.6059],[97.5013,10.3592],[97.5,10.3633],[97.5,8.8066]]],[[[97.5,12.2859],[97.5001,12.2862],[97.5743,14.1146],[97.5007,14.2867],[97.5,14.287],[97.5,12.2859]]]]},"properties":{"tzid":"Etc/GMT-7"}},
{"type":"Feature","geometry":{"type":"MultiPolygon","coordinates":[[[[82.5,90],[82.5,77.7216],[82.6119,77.7163],[82.6172,77.2655],[82.5,77.2691],[82.5,76.1846],[82.584,76.1867],[84.0864,75.9643],[82.7129,75.6763],[83.1381,75.2987],[82.5685,74.9005],[82.5,74.8919],[82.5,74.3649],[82.5647,74.3778],[85.6118,75.4297],[88.0114,75.903],[88.9549,75.8944],[91.6742,76.2592],[97.2425,77.659],[97.5,77.7217],[97.5,78.1263],[97.4063,78.146],[96.8667,78.6496],[91.4215,79.0116],[89.499,79.4973],[90.4382,80.494],[91.5405,80.8493],[89.6225,80.9101],[89.3476,81.3308],[92.6204,81.2878],[94.8738,81.4464],[97.3376,81.2821],[97.5,81.2282],[97.5,90],[82.5,90]],[[87.8273,77.1248],[89.1045,77.487],[91.1039,77.5036],[91.721,77.8547],[92.9662,77.6958],[89.9117,76.7698],[88.1386,76.8734],[87.8273,77.1248]],[[92.6892,78.218],[94.6667,78.3135],[94.4803,78.001],[92.6892,78.218]]],[[[97.5,14.287],[97.4922,14.2898],[96.0725,14.8072],[94.1213,15.5184],[93.9945,15.6952],[94.0082,16.9655],[94.1113,17.4408],[93.7609,18.2366],[93.2832,18.7264],[92.8611,19.679],[92.4052,20.0406],[92.4031,20.3823],[92.168,20.4396],[91.8332,21.2491],[90.77,21.4365],[89.1853,21.4362],[88.8167,21.1968],[87.239,20.5779],[86.4935,19.7833],[84.7027,18.6447],[84.2685,18.1621],[83.363,17.4466],[82.505,16.4681],[82.5,16.4624],[82.5,-66.2353],[86,-65],[97,-64],[97.5,-64.0217],[97.5,0.1082],[97.1868,0.6395],[96.8682,1.3131],[95.1844,2.9802],[95.1626,4.8362],[94.789,5.7121],[94.9326,6.1633],[95.2482,6.2283],[95.9736,5.6874],[96.8563,5.4744],[97.5,5.4509],[97.5,8.3433],[97.4875,8.3581],[97.4704,8.7692],[97.5,8.8066],[97.5,10.3633],[97.4986,10.3677],[97.2293,11.7914],[97.4971,12.2777],[97.5,12.2859],[97.5,14.287]],[[94.1476,13.6177],[94.4784,13.4109],[94.1383,13.2705],[94.1476,13.6177]],[[93.8646,12.4892],[94.0781,12.3181],[93.8221,12.0679],[93.8646,12.4892]],[[93.2271,13.778],[93.3045,13.4738],[93.1584,12.8153],[93.2888,11.8127],[92.9604,11.6157],[92.9381,11.1348],[92.6402,10.3483],[93.1448,8.6474],[93.3901,8.3947],[93.6781,8.771],[93.8489,8.3278],[93.7319,7.799],[94.1389,7.0663],[94.0762,6.7122],[93.7545,6.5644],[93.4758,6.9215],[92.5267,9.0859],[92.0066,10.9724],[92.0142,11.6736],[92.4625,12.5743],[92.4929,13.1541],[92.7082,13.6934],[93.047,13.8747],[93.2525,14.3663],[93.5727,14.2387],[93.2271,13.778]],[[93.8586,14.9359],[93.4567,14.6045],[93.4209,15.0125],[93.8586,14.9359]],[[97.0124,-11.7362],[97.013,-12.3807],[96.6276,-12.2571],[96.6116,-11.8344],[97.0124,-11.7362]]]]},"properties":{"tzid":"Etc/GMT-6"}},
{"type":"Feature","geometry":{"type":"MultiPolygon","coordinates":[[[[67.5,90],[67.5,77.2346],[67.5451,77.2373],[69.2424,77.0921],[69.9397,76.6624],[69.0466,76.155],[67.563,75.9115],[67.5,75.9034],[67.5,71.6601],[67.5242,71.6679],[68.321,72.6832],[69.3768,73.4642],[71.4698,73.6173],[72.2103,73.3381],[74.3857,73.309],[75.0506,73.6336],[77.7299,73.6395],[80.2042,73.7593],[82.3295,74.3309],[82.5,74.3649],[82.5,74.8919],[82.4258,74.8825],[80.851,75.2186],[81.741,75.6828],[80.9553,76.0202],[82.4313,76.1828],[82.5,76.1846],[82.5,77.2691],[82.442,77.2709],[82.435,77.7247],[82.5,77.7216],[82.5,90],[67.5,90]],[[77.589,80.7559],[78.1892,81.0136],[80.9211,81.0114],[81.1545,80.6941],[78.4504,80.5684],[77.589,80.7559]],[[74.9999,79.677],[75.9044,79.8704],[78.4789,79.6181],[77.7484,79.2849],[76.2753,79.3111],[74.9999,79.677]],[[80.1004,74.7367],[79.5054,74.3142],[78.47,74.5472],[80.1004,74.7367]]],[[[82.5,16.4624],[82.4991,16.4613],[81.3022,15.8176],[81.1334,15.5872],[80.4172,15.3486],[80.4049,14.5679],[80.5487,13.2415],[80.3376,12.3741],[79.9942,11.684],[80.0844,10.2541],[79.4564,10.111],[79.1237,9.5049],[79.4624,9.475],[79.7633,9.936],[80.1882,10.034],[80.9846,9.398],[81.5416,8.569],[81.9923,7.62],[82.0784,6.992],[81.8655,6.381],[81.4285,6.029],[80.5707,5.72],[79.883,6.101],[79.6425,6.897],[79.4907,8.213],[79.7153,8.855],[79.4925,8.8979],[78.6789,8.914],[78.181,8.2047],[77.6527,7.8965],[77.2494,7.9311],[76.3713,8.8023],[75.7272,10.7015],[75.0243,11.905],[74.1405,13.917],[74.1767,14.2739],[73.2575,15.8259],[72.9334,17.5107],[72.6061,18.6623],[72.4523,19.7038],[70.3409,20.6737],[69.9508,20.9605],[68.7746,22.1313],[68.4226,23.0682],[67.9544,23.4747],[67.5008,23.6087],[67.5,23.6091],[67.5,-66.2222],[77.5,-68],[82.5,-66.2353],[82.5,16.4624]],[[72.1977,12.4055],[73.133,11.6513],[73.8224,10.9788],[73.8679,10.1264],[73.2528,8.2068],[72.8256,8.1944],[72.0345,9.9768],[71.8004,11.1218],[71.5281,12.0258],[71.8461,12.599],[72.1977,12.4055]],[[71.6829,-5.3073],[71.9505,-5.1904],[71.9928,-5.421],[71.6829,-5.3073]],[[68.4599,-49.1738],[68.3429,-48.5334],[68.7327,-48.2571],[69.5956,-48.4776],[70.0005,-48.7868],[70.8085,-49.0312],[70.7888,-49.5663],[69.6887,-50.1083],[68.6243,-50.1522],[68.1236,-49.5643],[68.4599,-49.1738]],[[77.2507,-38.7366],[77.6728,-38.5438],[77.6298,-38.9253],[77.2507,-38.7366]],[[77.2653,-37.8767],[77.6019,-37.5952],[77.802,-37.9725],[77.2653,-37.8767]],[[73.4756,6.7918],[73.8587,5.3822],[73.9701,3.4671],[73.7859,2.1206],[73.788,0.431],[73.6395,-0.3459],[73.1284,-0.9062],[72.8768,-0.6074],[72.686,2.3963],[72.4992,3.5974],[72.5354,4.2395],[72.3554,6.2183],[72.6027,7.121],[72.8972,7.3106],[73.3865,7.0738],[73.4756,6.7918]]],[[[70.5162,39.9555],[70.514,39.9571],[70.5137,39.9568],[70.5159,39.9553],[70.5162,39.9555]]]]},"properties":{"tzid":"Etc/GMT-5"}},
{"type":"Feature","geometry":{"type":"MultiPolygon","coordinates":[[[[52.5,90],[52.5,80.8813],[52.5236,80.8777],[52.8746,81.3942],[55.4442,81.577],[57.3564,81.9988],[64.0285,81.8848],[64.2632,81.4164],[66.3838,81.2151],[66.5552,80.8509],[62.673,80.3998],[60.6575,79.7369],[58.7546,79.5724],[54.5396,79.9974],[52.5385,79.8531],[52.5,79.8394],[52.5,73.1944],[52.5154,73.2016],[53.2953,73.5596],[53.1453,73.9182],[54.2946,74.2362],[55.1671,75.2445],[57.9082,75.9231],[58.4404,76.1889],[60.6262,76.4593],[62.699,76.4639],[64.5723,76.6637],[67.4912,77.234],[67.5,77.2346],[67.5,90],[52.5,90]]],[[[67.5,75.9034],[67.4367,75.8952],[62.6437,75.2373],[59.3091,74.0835],[57.3325,73.1329],[56.1089,72.0265],[56.6873,71.3374],[57.4979,71.0074],[59.4265,70.6252],[60.6697,70.1229],[63.2891,69.8736],[64.965,69.5639],[66.3865,70.11],[65.8951,70.5157],[66.3737,71.3574],[67.4962,71.6588],[67.5,71.6601],[67.5,75.9034]]],[[[52.5,68.9101],[52.5302,68.9183],[54.7218,69.1833],[57.2181,68.9293],[58.5185,69.138],[57.9086,69.4952],[58.7717,69.6639],[57.2086,70.2199],[55.289,70.2862],[53.2954,70.5222],[52.5627,70.7962],[52.5,70.8194],[52.5,68.9101]]],[[[52.6754,45.8113],[52.6521,46.7067],[52.5,46.6634],[52.5,45.653],[52.5415,45.7197],[52.6754,45.8113]]],[[[67.5,23.6091],[67.4962,23.6109],[66.5311,24.655],[65.185,25.0929],[64.6014,24.9497],[61.5821,24.8353],[60.5761,25.0724],[59.0661,25.2023],[58.051,25.3578],[57.1718,25.6269],[56.6693,26.9088],[56.5462,26.7027],[56.7705,26.1529],[56.5492,25.6927],[56.5941,25.0088],[57.2774,24.1161],[58.2205,24.0462],[58.9086,23.6639],[59.6185,22.7645],[59.9806,22.643],[59.9891,22.115],[59.5131,21.309],[59.0403,20.96],[59.1864,20.4635],[58.713,19.967],[58.0473,20.1229],[57.9218,19.5599],[58.0501,18.9455],[56.8418,18.4889],[56.475,17.317],[55.4722,17.2354],[55.0937,16.8125],[54.1778,16.8078],[53.1888,16.465],[52.5,16.197],[52.5,12.3678],[52.5,11.9957],[52.5,-46.2634],[52.5,-46.6107],[52.5,-64.3333],[55,-64],[67.5,-66.2222],[67.5,23.6091]],[[53.6174,12.9004],[54.1467,12.8968],[54.6792,12.6921],[54.673,12.3956],[54.2361,12.1752],[53.5114,12.1432],[53.3667,11.9179],[52.8056,12.0588],[53.0561,12.3783],[52.9977,12.7627],[53.6174,12.9004]],[[56.0966,-4.4488],[56.0185,-4.781],[55.4444,-4.9936],[55.0351,-4.5905],[55.0508,-4.3144],[55.7084,-4.0136],[56.0966,-4.4488]],[[53.5041,-5.848],[53.046,-6.4391],[52.6398,-6.0296],[53.0298,-5.6843],[53.2105,-4.7707],[53.5932,-4.8842],[53.5588,-5.5198],[53.8803,-5.5961],[53.5041,-5.848]],[[52.5218,-6.9744],[52.9445,-6.9194],[52.9508,-7.249],[52.5891,-7.3122],[52.5218,-6.9744]],[[56.0777,-7.0756],[56.3707,-6.9064],[56.3766,-7.3491],[56.0777,-7.0756]],[[55.2233,-5.6782],[55.5882,-5.8048],[55.4744,-6.0606],[55.2233,-5.6782]],[[59.2636,-16.7922],[59.4055,-16.1381],[59.7944,-16.1729],[59.8779,-16.7623],[59.5579,-17.0269],[59.2636,-16.7922]],[[56.3838,-10.321],[56.7077,-10.172],[56.9078,-10.4568],[56.716,-10.6934],[56.3838,-10.321]],[[63.0783,-19.7207],[63.2697,-19.4617],[63.7032,-19.62],[63.3006,-20.0312],[63.0783,-19.7207]],[[57.1452,-20.2924],[57.5242,-19.7057],[58.0204,-19.8115],[58.0339,-20.3643],[57.5226,-20.7283],[57.2064,-20.6597],[57.1452,-20.2924]],[[55.9275,-20.9674],[55.8403,-21.5566],[55.222,-21.4496],[55.019,-21.1495],[55.1182,-20.7993],[55.4761,-20.6738],[55.9275,-20.9674]]],[[[56.2981,26.6034],[55.152,26.0577],[55.1788,25.7174],[54.8087,25.8996],[54.3571,25.7439],[53.9644,26.2944],[53.1298,26.6053],[52.5028,26.9759],[52.5,26.9776],[52.5,25.8652],[52.5155,25.8594],[52.5267,25.4962],[52.5,25.4839],[52.5,24.9954],[52.5211,25.0006],[52.8039,25.3547],[53.5748,24.5934],[54.0142,24.5548],[54.9044,25.2261],[55.0679,25.5006],[55.7682,25.926],[55.8884,26.1517],[56.2981,26.6034]],[[53.9783,25.2381],[54.357,25.4123],[54.453,25.1577],[53.9783,25.2381]]],[[[52.5,36.8975],[52.5044,36.8983],[53.7295,37.0931],[53.6649,37.3561],[53.561,37.9152],[53.6867,38.8449],[53.3764,39.0754],[53.2796,38.6782],[52.7804,38.8741],[52.8993,39.5767],[52.5012,39.9913],[52.5,39.9935],[52.5,36.8975]]],[[[52.5,40.5872],[52.5012,40.5899],[52.5027,41.3048],[52.5,41.308],[52.5,40.5872]]]]},"properties":{"tzid":"Etc/GMT-4"}},
{"type":"Feature","geometry":{"type":"MultiPolygon","coordinates":[[[[37.5,19.5283],[37.5009,19.5249],[37.5447,19.2444],[37.9538,19.581],[38.451,19.0528],[38.9287,18.9561],[39.0576,18.6276],[38.7881,18.071],[39.322,16.8216],[39.5654,16.6562],[40.2585,16.7355],[40.4823,16.0922],[41.0494,15.7271],[41.0621,15.41],[40.685,15.1805],[41.2862,14.801],[41.8758,14.1367],[42.4638,13.6685],[42.5967,13.7411],[42.4775,14.0608],[42.8302,14.2802],[42.6681,14.9827],[42.2476,14.8298],[41.8921,15.1608],[42.2139,15.3707],[42.0669,16.1182],[41.7557,16.29],[41.3151,16.6563],[40.6289,17.9083],[40.4606,18.4279],[39.9345,18.9605],[39.7241,19.6404],[39.2761,20.2136],[38.8246,21.0377],[38.5303,21.868],[38.6358,22.3612],[38.3891,22.9783],[37.5,24.0242],[37.5,21.1729],[37.5048,20.9615],[37.5,20.9525],[37.5,20.921],[37.5215,20.8947],[37.503,20.6564],[37.5,20.6532],[37.5,19.5283]],[[41.8983,15.3357],[41.6083,15.5425],[42.0224,15.6635],[41.8983,15.3357]]],[[[48.6694,28.6727],[49.5222,27.8471],[49.9834,27.8818],[50.2249,28.1893],[50.3669,27.8871],[50.0131,27.5449],[50.3948,27.1098],[50.4886,26.5843],[50.9234,26.2672],[51.3014,26.4257],[51.7597,26.1251],[51.8329,24.7685],[52.0918,24.6104],[52.3473,24.8742],[52.45,24.983],[52.488,24.9925],[52.5,24.9954],[52.5,25.4839],[52.4957,25.4819],[52.1855,25.6414],[52.4783,25.8734],[52.5,25.8652],[52.5,26.9776],[52.4851,26.9865],[51.3029,27.6854],[49.4643,29.7896],[49.0974,29.8059],[48.6716,29.3641],[49.0035,28.7988],[48.6694,28.6727]]],[[[37.5,41.2878],[37.505,41.286],[38.4586,41.13],[39.449,41.305],[40.1516,41.14],[41.2994,41.612],[41.5077,41.8928],[41.2912,42.4072],[40.7396,42.8927],[39.8845,43.2244],[38.6239,44.1188],[37.5084,44.4902],[37.5,44.4926],[37.5,41.2878]]],[[[37.5,45.8357],[37.508,45.8383],[37.7651,46.1453],[37.5024,46.5736],[37.5,46.5756],[37.5,45.8357]]],[[[37.5,69.0235],[39.7597,68.3746],[43.07,68.8475],[45.7375,68.7029],[46.7074,68.4978],[47.1113,68.033],[49.0204,68.0516],[51.0578,68.6829],[52.3107,68.8584],[52.5,68.9101],[52.5,70.8194],[52.334,70.8809],[50.7962,71.6343],[50.993,72.1722],[52.4355,73.1645],[52.5,73.1944],[52.5,79.8394],[52.4637,79.8265],[51.4323,79.7144],[47.3903,79.8556],[43.6894,80.6178],[46.5791,81.0223],[48.6783,81.0064],[49.8988,81.3568],[51.999,81.2766],[52.4272,80.8925],[52.5,80.8813],[52.5,90],[37.5,90],[37.5,80.3173],[37.5474,80.3102],[37.5,79.9774],[37.5,69.0235]],[[49.0566,68.4616],[47.7107,68.7342],[47.8452,69.3687],[48.843,69.6905],[50.6106,69.3655],[50.8019,68.9974],[50.0792,68.5776],[49.0566,68.4616]]],[[[47.8268,45.2623],[47.1648,44.6053],[47.6907,44.6582],[47.6636,44.2104],[48.1434,43.9928],[47.7773,43.1377],[48.809,41.9613],[49.8147,40.7795],[50.4357,40.7246],[51.118,40.3597],[50.9372,40.0076],[49.8861,40.0877],[49.894,39.4747],[49.6523,39.4234],[49.5191,38.8739],[49.1369,38.4516],[49.2334,37.8187],[50.4128,37.4874],[50.6088,37.1842],[51.1554,36.9276],[52.0136,36.7834],[52.4991,36.8973],[52.5,36.8975],[52.5,39.9935],[52.4991,39.9951],[52.4998,40.5867],[52.5,40.5872],[52.5,41.308],[52.4996,41.3085],[52.267,41.6143],[52.3928,42.6018],[51.767,42.7302],[51.071,43.1607],[51.0968,43.4508],[50.5488,44.1438],[50.1227,44.2645],[49.8225,44.901],[50.0741,45.1936],[50.8716,45.1156],[51.3424,45.507],[52.4719,45.6078],[52.5,45.653],[52.5,46.6634],[52.4352,46.645],[51.5666,46.6102],[51.3854,46.8393],[50.0861,46.4326],[49.8861,46.0458],[48.8959,45.4548],[47.8268,45.2623]]],[[[52.5,16.197],[52.4175,15.5583],[51.7743,15.1706],[49.6448,14.5503],[48.8369,13.9045],[48.4245,13.7311],[48.0186,13.8416],[47.4372,13.4572],[46.7415,13.2312],[45.743,13.1586],[45.1522,12.5858],[43.9356,12.394],[43.6365,12.518],[43.4253,11.7114],[43.6403,11.6202],[43.8353,11.0873],[44.3891,10.6069],[44.8666,10.611],[45.8721,11.0585],[46.4278,10.8919],[47.1292,11.3923],[48.0739,11.3296],[48.688,11.524],[48.9396,11.4427],[50.012,11.7062],[50.7694,12.1889],[51.475,11.913],[51.2977,11.3149],[51.3489,10.6831],[51.6118,10.3912],[51.1074,10.2028],[51.0463,9.4291],[50.2838,8.0676],[49.3954,6.6619],[49.2363,6.1311],[48.1561,4.4067],[46.9392,3.0599],[46.1599,2.294],[44.6932,1.4112],[43.5275,0.4017],[42.7813,-0.3897],[41.7182,-1.8032],[41.3267,-2.2708],[40.4187,-3.0857],[39.6471,-4.6811],[39.9872,-4.727],[40.0504,-5.2537],[39.7985,-6.3197],[40.1295,-6.908],[40.1146,-7.7051],[39.7928,-8.5998],[39.9944,-9.7001],[40.6472,-10.3252],[40.9334,-11.0365],[40.7606,-13.1039],[40.8218,-13.9215],[41.0546,-14.4689],[40.9937,-15.0997],[40.2258,-16.4615],[39.6554,-16.9792],[38.9016,-17.4492],[38.06,-17.5344],[37.5,-17.8183],[37.5,-46.6783],[38.2376,-46.5263],[38.1878,-46.9713],[37.5,-47.1502],[37.5,-66.3333],[52.5,-64.3333],[52.5,-46.6107],[51.5265,-46.6148],[51.6573,-46.1486],[52.5,-46.2634],[52.5,11.9957],[52.0033,12.0296],[51.9543,12.537],[52.5,12.3678],[52.5,16.197]],[[48.566,-21.2609],[48.1048,-22.5291],[47.8072,-23.8198],[47.3004,-25.0832],[46.7937,-25.3713],[45.5921,-25.772],[45.0481,-25.7686],[44.1303,-25.418],[43.4478,-24.3395],[43.4174,-23.415],[43.1544,-22.9027],[42.9737,-22.0375],[43.5585,-20.7446],[43.9312,-20.3747],[44.1477,-19.7849],[44.0145,-18.9518],[43.5398,-18.3126],[43.5602,-17.4671],[43.8473,-16.1688],[46.3586,-15.3407],[47.3992,-14.4252],[47.687,-13.4426],[48.4595,-12.671],[48.55,-12.0919],[49.1498,-11.7588],[49.4184,-11.8208],[50.0184,-12.687],[50.216,-13.3057],[50.6674,-15.2215],[50.3415,-16.1706],[50.1153,-16.3045],[50.2201,-16.7877],[49.7211,-17.7713],[49.5321,-18.4857],[49.0712,-19.6664],[48.566,-21.2609]],[[44.548,-12.8142],[44.4375,-12.9854],[43.5606,-12.5841],[42.887,-11.9467],[42.8548,-11.7009],[43.2231,-11.1846],[43.5037,-11.2015],[44.9731,-12.1975],[44.548,-12.8142]],[[50.1348,-45.8679],[50.6872,-45.8322],[50.7139,-46.4097],[50.3776,-46.6279],[49.9044,-46.1835],[50.1348,-45.8679]],[[50.6516,-9.1389],[51.1807,-9.07],[51.3318,-9.3619],[51.3964,-10.1149],[51.1589,-10.4449],[50.8715,-10.339],[50.5305,-9.4032],[50.6516,-9.1389]],[[46.7254,-9.4207],[46.6134,-9.9277],[46.3452,-9.8942],[46.0056,-9.4563],[46.2075,-9.17],[46.7254,-9.4207]],[[47.8183,-9.5904],[47.9176,-10.2192],[47.6736,-10.2956],[47.3344,-9.8407],[47.5969,-9.4562],[47.8183,-9.5904]],[[45.0599,-12.38],[45.4348,-12.5912],[45.407,-13.1345],[44.8132,-13.0936],[44.8071,-12.5095],[45.0599,-12.38]]],[[[43.0788,13.1337],[43.0781,13.6571],[42.8339,13.4275],[43.0788,13.1337]]]]},"properties":{"tzid":"Etc/GMT-3"}},
{"type":"Feature","geometry":{"type":"MultiPolygon","coordinates":[[[[37.5,-17.8183],[36.3545,-19.072],[35.9077,-19.2037],[34.9709,-20.0351],[34.9316,-20.4183],[35.3414,-20.9074],[35.3326,-21.3344],[35.6201,-21.3608],[35.8112,-22.9929],[35.6407,-23.5418],[35.7056,-24.1753],[35.2988,-24.728],[33.4919,-25.4353],[33.1832,-26.0887],[33.1024,-26.9209],[32.7757,-28.1864],[32.5423,-28.6961],[31.901,-29.1321],[31.3334,-29.7431],[30.7471,-30.7277],[29.9995,-31.589],[28.097,-33.167],[27.2456,-33.6911],[25.7877,-34.2172],[24.818,-34.4134],[22.99,-34.2944],[22.5,-34.3507],[22.5,-68],[25,-68],[37.5,-66.3333],[37.5,-47.1502],[37.5,-46.6783],[37.5,-17.8183]]],[[[22.5,33.05],[23.22,32.8114],[23.4791,32.3864],[24.7158,32.2236],[25.2493,32.0197],[25.3771,31.7218],[26.2949,31.7999],[27.973,31.4222],[29.0461,31.0816],[30.2244,31.6713],[30.9606,31.7919],[31.9485,31.7317],[32.6542,31.2928],[33.1411,31.4372],[33.6791,31.3269],[34.0547,31.4668],[34.2956,31.7054],[34.8826,33.172],[35.6745,34.686],[35.6757,35.315],[35.4744,35.6171],[35.6922,36.0338],[34.7155,36.593],[34.0927,36.062],[32.8683,35.824],[32.2232,36.016],[31.9207,36.335],[30.8322,36.647],[30.5898,36.02],[29.6528,36.028],[29.3871,36.1612],[28.5124,36.708],[28.195,36.5358],[28.1906,36.0004],[27.7906,35.7989],[27.1822,36.4771],[26.8935,36.4375],[26.7873,37.0325],[25.9935,37.6834],[26.7417,37.8922],[27.1365,37.8355],[26.2008,38.1913],[25.763,38.2466],[25.8314,38.6565],[26.2548,38.6121],[26.6947,38.9782],[26.3914,38.8849],[25.7335,39.1613],[26.0681,39.3879],[26.0094,40.0543],[25.5969,40.2043],[26.459,40.53],[25.9498,40.6887],[25.0754,40.8928],[24.6233,40.4792],[24.4779,40.8019],[24.0751,40.6424],[24.4974,40.1275],[24.0999,40.2092],[24.0761,39.9069],[23.2571,39.9413],[22.8344,40.3087],[22.6508,40.145],[23.4074,39.2793],[23.7595,39.2191],[24.2017,39.5834],[24.4009,39.2804],[24.0818,38.9564],[23.5472,38.8953],[24.3426,38.6981],[24.3583,38.2615],[25.6404,37.4855],[24.8713,37.2831],[24.5993,37.877],[24.1415,37.935],[24.8602,36.9759],[25.0264,37.2693],[26.002,37.1818],[25.7813,36.9127],[26.4436,37.1026],[26.5737,36.9469],[24.951,36.5123],[25.3365,36.8931],[24.8582,36.9199],[24.5907,36.6085],[24.0952,36.4767],[24.369,37.0505],[24.1646,37.581],[23.6601,37.7395],[23.4935,37.1797],[22.9988,37.2368],[23.2982,36.4721],[23.1683,36.0515],[22.5,36.1852],[22.5,33.05]],[[34.2305,35.1766],[34.2978,34.8531],[33.2677,34.4993],[32.7442,34.439],[32.2214,34.6191],[32.0263,35.0095],[32.5103,35.3774],[32.5926,35.3948],[32.6712,35.3991],[32.9012,35.605],[33.5535,35.562],[34.5134,35.8987],[34.8536,35.7345],[34.2305,35.1766]],[[25.1812,36.15],[25.2665,36.5144],[25.5526,36.3002],[25.1812,36.15]],[[27.0193,35.3192],[26.8021,35.275],[27.2136,35.9861],[27.3422,35.4901],[27.0193,35.3192]],[[24.9407,35.5089],[25.8613,35.2794],[26.4525,35.2667],[26.1514,34.8371],[25.8323,34.9191],[24.7163,34.8412],[24.3315,35.1019],[23.4595,35.2039],[23.3987,35.6406],[23.7695,35.7725],[24.3604,35.4426],[24.9407,35.5089]],[[24.6211,39.0045],[24.7788,38.7506],[24.2602,38.7884],[24.6211,39.0045]],[[25.051,40.0713],[25.5341,40.0724],[25.4329,39.7344],[24.9504,39.8031],[25.051,40.0713]]],[[[28.8556,43.7386],[28.6467,43.2101],[28.2878,43.1845],[28.0732,42.3174],[28.3238,41.9813],[28.416,41.67],[29.0279,41.4564],[31.1268,41.297],[31.2404,41.475],[32.4845,42.013],[33.2841,42.215],[34.6822,42.146],[35.2973,42.224],[35.5913,41.837],[35.9337,41.934],[36.4326,41.508],[36.6846,41.583],[37.4995,41.288],[37.5,41.2878],[37.5,44.4926],[37.4922,44.4948],[36.6097,44.9407],[35.6322,44.8491],[34.8085,44.6039],[34.2724,44.2459],[33.716,44.188],[33.093,44.6036],[33.2952,44.9405],[32.3141,45.1957],[32.223,45.4788],[32.7727,45.8266],[31.3934,46.1072],[31.2373,46.4032],[30.0663,45.5059],[30.4805,45.3078],[30.0454,45.0867],[29.6717,44.6051],[29.2239,44.5413],[28.8556,43.7386]]],[[[35.2334,45.7917],[36.6685,45.6266],[37.292,45.515],[37.4923,45.8333],[37.5,45.8357],[37.5,46.5756],[37.4914,46.5828],[37.4376,46.7158],[36.2775,46.3441],[35.8444,46.41],[35.2334,45.7917]]],[[[22.5,59.2889],[24.4817,59.7033],[26.44,59.9383],[27.293,60.2002],[26.0173,59.9768],[22.5,59.5544],[22.5,59.2889]]],[[[23.9744,57.8992],[23.2133,57.5875],[24.0017,57.3004],[23.9744,57.8992]]],[[[22.5,71.032],[23.7231,71.2793],[25.5435,71.3803],[28.5556,71.2623],[31.5488,70.5453],[31.4448,70.0997],[32.3722,70.1148],[34.2746,69.5803],[35.964,69.3967],[37.5,69.0235],[37.5,79.9774],[35.6201,80.2765],[37.4633,80.3227],[37.5,80.3173],[37.5,90],[22.5,90],[22.5,80.8041],[23.004,80.74],[25.4452,80.8492],[29.3958,80.0234],[25.9541,79.2001],[22.6367,78.8381],[24.0373,78.2696],[25.8879,77.9502],[22.5,76.7489],[22.5,71.032]],[[25.393,76.276],[24.1138,76.5535],[25.5617,76.9136],[26.3303,76.77],[25.393,76.276]],[[34.1926,80],[31.3816,79.8377],[30.3136,80.0277],[31.8858,80.4684],[34.6504,80.2817],[34.1926,80]],[[27.7774,78.5501],[26.0491,78.4934],[25.8087,78.9837],[30.24,79.2182],[30.9409,78.8214],[27.7774,78.5501]]],[[[27.0673,37.5413],[26.9474,37.5823],[27.1339,37.1416],[27.2014,37.2641],[27.0673,37.5413]]],[[[27.3032,36.6207],[27.5471,36.3239],[28.1546,36.5182],[27.9578,36.4752],[27.6482,36.5808],[27.3032,36.6207]]],[[[22.5,64.1088],[23.8358,64.6655],[24.1328,65.5154],[22.5,65.0863],[22.5,64.1088]]],[[[37.5,24.0242],[36.987,24.268],[36.6546,25.1241],[36.2739,25.5678],[36.2778,25.9645],[34.9727,27.636],[34.519,27.7135],[34.253,27.3735],[34.2276,26.9223],[34.497,26.1934],[35.0597,25.444],[35.41,24.7153],[35.9847,24.027],[36.5627,23.5672],[36.5543,22.9578],[37.0188,22.3398],[37.0905,22],[37.1892,21.5469],[37.5,21.1729],[37.5,24.0242]],[[34.7327,26.4887],[35.0862,26.3139],[34.6618,26.1973],[34.7327,26.4887]]],[[[37.5,20.9525],[37.4898,20.9335],[37.5,20.921],[37.5,20.9525]]],[[[37.5,20.6532],[37.4935,20.6463],[37.4958,19.5441],[37.5,19.5283],[37.5,20.6532]]]]},"properties":{"tzid":"Etc/GMT-2"}},
{"type":"Feature","geometry":{"type":"MultiPolygon","coordinates":[[[[7.5,37.269],[8.5905,37.143],[8.802,37.7204],[9.1847,37.4395],[10.147,37.5579],[11.1298,37.2741],[11.384,36.9002],[10.8172,35.9891],[11.2521,35.9087],[11.2939,35.4025],[11.8775,34.8874],[11.7436,34.6028],[11.2726,34.4443],[11.1598,34.0067],[11.3696,33.4754],[11.6642,33.3488],[12.6839,32.9965],[13.2437,33.12],[14.3335,32.8791],[14.6309,32.7005],[17.4116,32.7005],[20.4222,32.7005],[21.6672,33.138],[22.5,33.05],[22.5,36.1852],[22.0701,36.5504],[21.4665,36.6508],[21.4199,37.3572],[20.7316,37.4597],[20.0882,38.1448],[20.4462,38.9573],[19.9671,39.0514],[19.1838,39.7059],[19.3057,40.0606],[19.0011,40.4966],[19.2103,41.685],[18.4196,42.2096],[17.2837,42.5716],[16.4796,42.5486],[16.5749,42.2814],[16.0675,42.2438],[16.3383,42.5829],[15.3254,42.9168],[15.3815,43.2844],[15.9202,43.2334],[15.0626,43.6597],[13.701,44.5987],[13.2125,45.4584],[12.8604,45.3517],[12.6273,44.3294],[13.8665,43.6516],[14.306,42.7122],[15.0564,42.2341],[15.6089,42.3994],[16.4399,41.9613],[16.5385,41.4673],[18.146,40.8258],[18.6406,40.4118],[18.7699,40.0404],[18.4686,39.6047],[17.4139,39.2622],[17.3674,38.8215],[16.1253,37.7267],[15.5471,37.7781],[15.5671,36.9144],[15.0929,36.44],[14.3621,36.6132],[11.9268,37.7761],[11.8562,38.1394],[12.6423,38.3791],[14.2979,38.3327],[14.2304,38.7359],[14.8761,38.7865],[15.2367,39.0224],[15.5258,38.5048],[15.831,39.04],[15.5384,39.6951],[13.7834,40.5033],[12.6745,40.7638],[12.377,41.3684],[11.6052,41.9214],[9.8282,42.2612],[9.631,41.4337],[10.0335,40.938],[10.0948,40.5382],[9.8675,39.1171],[8.8738,38.6728],[8.2147,38.7238],[7.9799,39.0497],[8.1652,39.686],[7.9049,40.4913],[8.0953,41.2548],[8.8312,41.2611],[8.3172,41.8476],[8.2757,42.4287],[8.5602,42.7439],[9.559,43.193],[9.9428,43.7038],[8.7508,44.1878],[8.399,43.8318],[7.631,43.5786],[7.533,43.5368],[7.5002,43.5165],[7.5,43.5164],[7.5,37.269]],[[21.2718,37.2635],[20.8661,37.0746],[20.7998,37.3838],[21.2718,37.2635]],[[14.234,36.2825],[14.8184,35.902],[14.4348,35.5863],[13.9732,35.9348],[14.234,36.2825]],[[12.8975,38.7239],[13.4571,38.6865],[13.0763,38.4991],[12.8975,38.7239]],[[12.2829,36.6749],[11.68,36.7596],[11.9331,37.0385],[12.2829,36.6749]],[[13.0743,35.7289],[12.7159,35.3016],[12.1425,35.4048],[12.2341,35.7361],[12.6835,35.7129],[12.8012,36.0719],[13.0743,35.7289]]],[[[14.0783,54.4411],[14.2375,54.1258],[15.9432,54.4527],[17.1189,54.9175],[18.3807,55.0328],[19.4042,54.6039],[19.6058,54.9796],[20.6557,55.3842],[20.7097,56.0454],[20.6903,56.8494],[21.7181,57.7864],[21.3826,58.3015],[21.85,59.0567],[22.5,59.2889],[22.5,59.5544],[20.8132,59.4727],[19.9406,59.5951],[19.7971,59.2824],[18.8339,58.8032],[17.5693,58.399],[17.2347,57.8256],[17.5031,57.2503],[16.7885,56.1313],[15.7118,55.7468],[15.1583,55.8982],[14.1685,55.1777],[12.923,55.1484],[12.6408,55.3367],[12.8378,54.8556],[11.795,54.4517],[10.8281,54.7468],[10.1694,54.7382],[11.6444,54.3308],[13.1792,54.8629],[13.6498,54.839],[14.0783,54.4411]],[[14.3444,55.1476],[14.8503,55.4916],[15.5458,55.3599],[15.3183,54.8366],[14.858,54.8095],[14.3444,55.1476]],[[19.6688,58.1155],[19.2807,57.3096],[18.6981,56.8781],[17.8678,56.7641],[17.6064,57.3516],[18.4681,58.0817],[18.9887,58.1784],[18.8654,58.5148],[19.599,58.5044],[19.6688,58.1155]]],[[[12.3678,56.214],[12.2988,56.637],[11.2026,57.6747],[10.5935,58.7622],[9.7884,58.6723],[8.5059,57.961],[7.5,57.7595],[7.5,54.0815],[7.5,54.0198],[7.5,53.9598],[7.6518,54.3517],[8.1614,54.3333],[8.0444,55.0992],[7.7264,55.5098],[7.749,56.5458],[8.3334,57.2707],[9.2659,57.364],[9.7407,57.7597],[10.7263,57.941],[11.5068,57.1916],[10.7558,57.0448],[11.1552,56.6746],[11.7121,56.936],[11.9083,56.6014],[11.2719,56.5523],[12.3678,56.214]]],[[[22.5,65.0863],[21.8168,64.8361],[22.0612,64.5121],[21.3674,63.6336],[22.5,64.1088],[22.5,65.0863]]],[[[20.1636,63.1664],[19.4284,63.0761],[18.288,62.4175],[17.7665,61.1711],[17.8838,60.9347],[19.2079,60.5891],[20.3775,60.8767],[20.9032,61.6462],[20.1636,63.1664]]],[[[7.5,63.6787],[7.5269,63.695],[9.997,64.8698],[11.0933,66.1997],[11.8588,66.8154],[11.3045,67.4464],[12.1285,67.8228],[14.7337,69.2314],[17.0555,69.745],[18.163,70.3405],[22.5,71.032],[22.5,76.7489],[20.8881,76.7685],[19.7331,77.3785],[18.3967,77.2649],[17.8887,76.5172],[16.7743,76.2465],[15.7777,76.3625],[13.0169,77.3444],[12.5135,78.0005],[10.2529,78.3323],[9.4711,78.7707],[10.0064,79.143],[9.5817,79.8655],[16.7692,80.2931],[20.2979,81.0279],[22.0842,80.8569],[22.5,80.8041],[22.5,90],[7.5,90],[7.5,63.6787]],[[20.0119,74.4771],[18.6331,74.1716],[17.9989,74.4887],[18.7395,74.7021],[20.0119,74.4771]]],[[[8.388,4.3673],[7.5,4.2472],[7.5,1.8912],[7.667,1.7234],[7.5,1.2105],[7.5,-68],[22.5,-68],[22.5,-34.3507],[21.994,-34.545],[20.9163,-34.6686],[20.1251,-35.0092],[19.6253,-34.9852],[18.746,-34.5813],[18.3656,-34.5365],[18.0881,-34.2021],[17.6372,-33.0245],[17.6953,-32.6048],[18.0877,-32.2337],[17.9975,-31.8174],[17.0572,-30.4044],[16.7562,-29.5164],[16.3335,-28.8004],[15.5475,-28.1318],[15.0936,-27.4118],[14.7144,-26.3121],[14.5615,-24.838],[14.2334,-23.997],[14.2036,-22.3857],[13.7802,-21.8959],[13.2355,-20.9845],[12.396,-19.2083],[11.838,-18.5743],[11.5974,-18.0077],[11.5421,-17.25],[11.4617,-16.5311],[11.5384,-15.8022],[11.8152,-15.5089],[12.0662,-14.7055],[12.3167,-13.4343],[13.0359,-12.4684],[13.2806,-12.3823],[13.5913,-11.7609],[13.6544,-11.0088],[13.1352,-10.0781],[12.8059,-8.9657],[13.1637,-8.3834],[12.0807,-6.1955],[12.1146,-5.9902],[12.0391,-5.8896],[11.8477,-5.1491],[11.5838,-4.6339],[11.0174,-4.1108],[10.2742,-3.2347],[9.7648,-2.8539],[9.1352,-2.0407],[8.5108,-0.7357],[8.5154,-0.5656],[9.1031,0.367],[9.1493,0.7534],[9.1457,1.2156],[9.5934,1.9776],[9.5893,2.3969],[9.6988,3.2264],[9.1253,3.7709],[8.7589,3.027],[8.382,3.083],[8.2545,3.517],[8.6224,3.969],[8.8313,3.9604],[8.388,4.3673]]]]},"properties":{"tzid":"Etc/GMT-1"}},
{"type":"Feature","geometry":{"type":"MultiPolygon","coordinates":[[[[2.7379,6.1778],[1.673,6.0399],[1.2733,5.9265],[0.9958,5.5997],[0.3349,5.5808],[-0.8073,5.0125],[-1.4859,4.8444],[-1.9223,4.5646],[-3.1483,4.8959],[-4.0266,5.0434],[-5.7978,4.8422],[-7.5,4.1623],[-7.5,-69.3478],[-5.5,-69],[0,-68],[7.5,-68],[7.5,1.2105],[6.935,0.1426],[6.5408,-0.2122],[6.3182,-0.0595],[6.3232,0.4239],[7.2108,1.8325],[7.5,1.8912],[7.5,4.2472],[6.0882,4.0691],[5.5566,4.3775],[4.8158,5.7763],[4.3423,6.1671],[3.8957,6.2378],[2.7379,6.1778]],[[5.634,-1.6732],[5.4274,-1.35],[5.8262,-1.2976],[5.634,-1.6732]],[[-5.7569,-16.23],[-5.9885,-15.939],[-5.5391,-15.747],[-5.4619,-16.097],[-5.7569,-16.23]]],[[[-7.5,33.8977],[-7.002,34.1762],[-6.5812,34.8423],[-6.0567,35.9595],[-6.9116,36.9374],[-7.3863,36.9747],[-7.5,36.9418],[-7.5,33.8977]]],[[[-7.5,43.9539],[-6.8948,43.7779],[-5.7525,43.852],[-4.3567,43.611],[-3.8455,43.6948],[-1.804,43.5949],[-1.5893,44.172],[-1.444,45.4494],[-1.7298,46.0449],[-2.5572,46.5391],[-2.6701,47.0091],[-3.2969,47.0975],[-3.6677,47.4439],[-4.1773,47.4923],[-5.2653,47.9374],[-5.4468,48.4084],[-5.2465,48.6668],[-2.9332,49.3034],[-2.4675,49.9147],[-2.0547,49.9201],[-1.0424,49.8396],[-0.8597,49.5892],[-0.2433,49.5363],[0.0136,49.8728],[1.1644,50.2213],[1.2635,50.8244],[0.3512,50.546],[-0.2347,50.626],[-1.3323,50.376],[-2.3368,50.328],[-3.1557,50.453],[-3.4195,50.08],[-4.5235,50.124],[-5.0438,49.785],[-5.9395,49.909],[-6.4027,49.675],[-6.6568,50.054],[-6.0463,50.114],[-5.3559,50.6191],[-5.3803,51.5024],[-5.8055,51.754],[-5.5279,52.054],[-4.4426,52.413],[-5.1324,52.749],[-4.8119,53.085],[-4.8147,53.581],[-3.4402,53.547],[-3.3917,53.8697],[-4.0344,54.479],[-4.4316,53.889],[-5.1706,54.048],[-4.8686,54.434],[-5.826,53.8702],[-5.6657,52.971],[-6.0126,52.042],[-7.5,51.7886],[-7.5,43.9539]]],[[[1.8876,51.1994],[2.3889,51.2683],[3.0808,51.5505],[4.2088,52.4341],[4.5393,53.3208],[5.0141,53.5682],[6.3672,53.7428],[7.5,53.9598],[7.5,54.0198],[7.5,54.0815],[7.5,57.7595],[6.344,57.9357],[5.623,58.2737],[4.4754,59.2125],[4.6721,59.665],[4.1041,60.9762],[4.1778,61.7264],[4.9491,62.4719],[6.8389,63.2598],[7.5,63.6787],[7.5,90],[-7.5,90],[-7.5,71.2955],[-7.5,70.9005],[-7.5,62.4568],[-7.4989,62.4572],[-6.5023,62.5941],[-5.8293,62.3112],[-6.2665,61.2964],[-7.0133,61.2221],[-7.5,61.5744],[-7.5,58.4857],[-6.3281,58.7162],[-3.7995,58.808],[-3.6576,59.253],[-3.0775,59.56],[-1.6736,59.7529],[-2.4373,60.263],[-1.0125,61.049],[-0.3722,60.885],[-0.346,60.3565],[-1.2938,59.403],[-1.9788,59.397],[-2.3322,58.799],[-3.1579,57.9136],[-1.9303,57.896],[-1.4323,57.39],[-2.1289,56.5731],[-2.1642,56.2758],[-1.2586,55.684],[-0.8636,54.784],[0.1885,54.244],[0.689,53.189],[1.8876,52.903],[2.0917,52.475],[1.8545,51.979],[1.2853,51.584],[1.8876,51.1994]],[[-6.0609,59.295],[-5.4717,59.015],[-6.2454,58.893],[-6.0609,59.295]],[[-4.759,59.179],[-4.038,59.015],[-4.4207,58.828],[-4.759,59.179]]],[[[7.5,43.5164],[6.6148,42.8469],[6.1374,42.7872],[3.9963,43.3031],[3.3388,42.9795],[3.448,42.4353],[3.3632,41.7181],[2.2199,41.1021],[1.3777,40.9224],[0.0544,39.58],[0.0471,39.2542],[0.4418,38.6065],[-0.1776,38.2276],[-0.6047,37.4224],[-1.3546,37.2467],[-1.8792,36.6364],[-2.8163,36.4817],[-4.0425,36.5238],[-5.2768,36.1495],[-5.3706,36.0651],[-5.3378,36.0115],[-5.0213,35.8258],[-4.8432,35.5527],[-4.298,35.3911],[-2.7073,35.5019],[-2.6051,35.4402],[-2.2064,35.3372],[-1.6621,35.4634],[-1.3488,35.8368],[-0.0132,36.2126],[0.8448,36.6339],[2.3926,36.8459],[3.8707,37.1265],[5.1731,36.9803],[5.9934,37.061],[6.3767,37.2889],[6.7562,37.179],[7.5,37.269],[7.5,43.5164]],[[-3.1067,36.1325],[-2.7847,35.9302],[-3.1793,35.7749],[-3.1067,36.1325]],[[0.9006,39.007],[1.5188,39.3205],[1.9101,39.0019],[1.6946,38.4707],[1.2526,38.4655],[0.9006,39.007]],[[2.0514,39.6326],[2.6249,40.0205],[3.2054,40.1647],[3.5293,39.9942],[4.1718,40.2819],[4.5891,39.9047],[4.1978,39.6065],[3.741,39.7281],[3.1544,38.9906],[2.7412,38.9771],[2.0514,39.6326]]],[[[-6.7443,55.415],[-6.9678,56.0198],[-7.5,56.2069],[-7.5,55.5721],[-6.7443,55.415]]]]},"properties":{"tzid":"Etc/GMT"}},
{"type":"Feature","geometry":{"type":"Polygon","coordinates":[[[-7.5,4.1623],[-7.527,4.1622],[-7.7825,4.1732],[-9.1091,4.7942],[-10.5182,5.9759],[-11.4667,6.537],[-11.6081,6.755],[-13.2448,7.52],[-13.4306,8.004],[-13.4958,8.966],[-13.634,9.279],[-13.9572,9.292],[-13.9392,9.667],[-14.5756,10.048],[-14.9144,10.573],[-15.3767,10.4148],[-15.5618,10.6667],[-16.2562,10.8393],[-16.6126,11.1191],[-16.8975,12.2403],[-16.9486,13.0575],[-16.8672,13.5933],[-17.3182,14.4769],[-17.627,14.5167],[-17.6457,14.9186],[-17.2845,15.0564],[-16.7341,15.8601],[-16.7171,16.0672],[-16.6258,16.7217],[-16.2549,17.7317],[-16.3898,18.8707],[-16.726,19.2761],[-17.236,20.6673],[-17.318,20.8231],[-17.0283,22.2492],[-16.6649,22.497],[-16.0799,23.938],[-15.0986,24.8049],[-15.0633,25.2404],[-14.6674,26.2802],[-13.7536,26.8533],[-13.4282,27.6273],[-13.0078,28.1458],[-11.6191,28.4912],[-11.2837,28.8641],[-10.3601,29.5198],[-9.8178,30.2844],[-10.1198,30.6516],[-10.0727,31.3842],[-9.5517,32.1514],[-9.5228,32.5553],[-8.7106,33.3888],[-7.5,33.8977],[-7.5,36.9418],[-7.8845,36.7633],[-8.9489,36.7129],[-9.2649,37.0634],[-9.1665,37.8998],[-9.7128,38.5979],[-9.8271,39.5259],[-9.1698,40.2757],[-9.0398,40.6728],[-9.1567,41.8726],[-9.5374,42.8047],[-9.4167,43.3008],[-7.9462,43.9736],[-7.5,43.9539],[-7.5,51.7886],[-8.4102,51.419],[-9.413,51.232],[-10.4109,51.398],[-10.8159,51.661],[-10.9288,52.195],[-10.2496,52.498],[-9.8247,52.91],[-10.5485,53.326],[-10.6593,54.04],[-10.3649,54.405],[-9.7921,54.567],[-9.0256,54.497],[-9.1573,54.737],[-8.3584,55.465],[-7.5,55.5721],[-7.5,56.2069],[-8.0296,56.787],[-7.8443,57.2105],[-8.0202,57.8079],[-7.64,58.0748],[-8.0191,58.338],[-7.5,58.4857],[-7.5,61.5744],[-7.5069,61.5796],[-8.1062,62.1449],[-7.5,62.4567],[-7.5,62.4568],[-7.5,70.9005],[-8.8198,70.6346],[-9.5594,70.9916],[-8.6263,71.2886],[-7.5032,71.2966],[-7.5,71.2955],[-7.5,90],[-22.5,90],[-22.5,83.2785],[-20.4647,83.0091],[-16.7904,82.284],[-11.6653,81.7986],[-10.0827,81.4271],[-12.5263,80.5416],[-14.7765,80.2774],[-16.7723,79.5337],[-15.1911,79.4983],[-16.5788,79.2039],[-16.907,78.7433],[-16.545,77.7278],[-17.8755,76.4776],[-17.4898,75.8154],[-16.5391,75.1771],[-16.733,74.8986],[-18.7124,74.1745],[-20.5718,73.0376],[-21.2244,71.9987],[-20.7849,70.6944],[-21.2706,70.2224],[-21.8957,69.8579],[-22.5,69.6435],[-22.5,66.6642],[-20.1192,66.3368],[-18.3171,66.3769],[-18.2524,66.7432],[-17.3761,66.4565],[-15.8898,66.7267],[-14.063,66.4484],[-13.1572,65.5785],[-13.2196,64.7833],[-12.8218,64.6401],[-14.77,64.0538],[-16.5809,63.5876],[-18.5781,63.193],[-20.774,63.1019],[-22.5,63.4173],[-22.5,16.3032],[-22.5,16.3031],[-22.5,15.9702],[-22.5,15.9701],[-22.5,-72.2222],[-17,-71],[-7.5,-69.3478],[-7.5,4.1623]],[[-14.7247,28.1233],[-14.389,28.4547],[-13.7406,29.7804],[-13.4067,29.885],[-13.1058,29.3151],[-13.8103,28.0597],[-14.3123,27.8404],[-14.7247,28.1233]],[[-16.0629,27.9361],[-15.8987,28.2767],[-15.4276,28.3822],[-15.1713,28.1989],[-15.3165,27.6251],[-15.82,27.5853],[-16.0629,27.9361]],[[-17.5765,28.1178],[-17.4857,28.3394],[-16.3987,28.7682],[-15.9208,28.4342],[-16.4404,27.8411],[-17.2652,27.8133],[-17.5765,28.1178]],[[-18.2359,28.7925],[-17.9338,29.0586],[-17.4919,28.7452],[-17.7444,28.2631],[-18.0621,28.3587],[-18.2359,28.7925]],[[-18.3924,27.7347],[-18.0308,28.0325],[-17.7295,27.9666],[-18.0095,27.4343],[-18.3924,27.7347]],[[-17.5034,32.8333],[-17.2482,33.0709],[-16.6258,32.9489],[-16.4779,33.2806],[-16.0431,33.0018],[-16.4152,32.7936],[-16.2307,32.3668],[-16.5743,32.2215],[-17.2079,32.4917],[-17.5034,32.8333]],[[-16.0507,29.8282],[-16.2289,30.1805],[-15.8298,30.3573],[-15.6879,30],[-16.0507,29.8282]],[[-14.5192,-8.153],[-14.4218,-7.694],[-14.0955,-7.917],[-14.5192,-8.153]],[[-9.9974,-40.561],[-10.2771,-40.277],[-9.6974,-40.168],[-9.9974,-40.561]],[[-12.0874,-37.304],[-12.6277,-37.599],[-12.9277,-37.201],[-12.1244,-36.895],[-12.0874,-37.304]],[[-8.7614,58.025],[-8.1047,57.845],[-8.6766,57.605],[-8.7614,58.025]]]},"properties":{"tzid":"Etc/GMT+1"}},
{"type":"Feature","geometry":{"type":"MultiPolygon","coordinates":[[[[-37.5,90],[-37.5,83.7922],[-37.4456,83.794],[-30.1162,83.866],[-23.1416,83.3633],[-22.5,83.2785],[-22.5,90],[-37.5,90]]],[[[-22.5,69.6435],[-25.3611,68.721],[-27.4295,68.313],[-30.2833,67.901],[-32.1144,67.4587],[-33.4251,66.6184],[-35.7986,65.6076],[-37.5,65.1926],[-37.5,-4.4227],[-37.0767,-4.7199],[-36.4403,-4.8628],[-36.1993,-4.6791],[-35.2754,-5.0757],[-35.0799,-5.3948],[-34.6402,-6.834],[-34.5774,-7.5875],[-34.6251,-8.0307],[-34.9545,-8.9929],[-36.28,-10.6975],[-36.6517,-10.8411],[-37.1772,-11.576],[-37.4999,-12.1923],[-37.5,-12.1926],[-37.5,-53.766],[-37.4979,-53.766],[-36.1148,-54.0935],[-35.3889,-54.6822],[-35.5941,-54.9935],[-36.3357,-55.0823],[-37.3838,-54.6419],[-37.5,-54.5759],[-37.5,-74.8913],[-35,-75],[-22.5,-72.2222],[-22.5,15.9701],[-22.5954,15.7636],[-22.9934,14.9828],[-23.4953,14.6974],[-24.7791,14.6172],[-24.9653,14.8359],[-24.5752,16.3754],[-25.3865,16.7234],[-25.5608,17.1246],[-24.9018,17.3383],[-24.2864,16.8907],[-22.9538,17.0551],[-22.5505,16.4539],[-22.5,16.3032],[-22.5,63.4173],[-22.9863,63.5055],[-23.7161,63.6161],[-24.9887,65.4379],[-23.5396,66.5349],[-22.5442,66.6629],[-22.5,66.6642],[-22.5,69.6435]],[[-33.7118,-3.6728],[-33.6546,-4.0132],[-33.9881,-3.9813],[-33.7118,-3.6728]],[[-29.3174,1.1174],[-29.175,0.8104],[-29.5453,0.8963],[-29.3174,1.1174]],[[-32.2647,-3.6391],[-32.3525,-4.0674],[-32.6162,-3.7313],[-32.2647,-3.6391]],[[-29.3174,-20.2843],[-29.1379,-20.6568],[-29.4926,-20.6532],[-29.3174,-20.2843]],[[-31.5429,39.5091],[-31.3504,39.8176],[-30.927,39.8641],[-30.9771,39.2145],[-31.3529,39.1637],[-31.5429,39.5091]],[[-29.094,38.6198],[-28.2955,38.9592],[-28.0874,39.3032],[-27.7473,39.1846],[-27.8781,38.8106],[-26.9617,38.9467],[-26.7598,38.6947],[-27.0944,38.409],[-27.5081,38.5166],[-27.9288,38.2237],[-28.5719,38.2104],[-29.094,38.6198]],[[-25.0421,36.7274],[-25.3735,36.821],[-26.0595,37.721],[-25.9456,38.0689],[-25.1486,38.0596],[-24.5513,37.3567],[-25.0421,36.7274]],[[-27.2325,-59.2212],[-26.6986,-59.5488],[-27.7618,-59.535],[-27.2325,-59.2212]],[[-26.7048,-59.2415],[-27.1201,-59.0232],[-26.4758,-58.7709],[-26.0658,-59.0687],[-26.7048,-59.2415]],[[-26.3553,-58.1824],[-25.8946,-58.5499],[-26.7878,-58.5779],[-26.3553,-58.1824]],[[-26.392,-58.0248],[-26.8658,-57.9114],[-26.5462,-57.5647],[-26.0226,-57.8581],[-26.392,-58.0248]],[[-26.6702,-56.8776],[-26.3205,-57.1247],[-27.1936,-57.1851],[-26.6702,-56.8776]],[[-27.6144,-56.7518],[-27.1951,-56.4824],[-26.8472,-56.8366],[-27.6144,-56.7518]],[[-27.9656,-56.2995],[-27.4805,-56.0865],[-27.4864,-56.513],[-27.9656,-56.2995]],[[-34.2916,-55.073],[-34.965,-55.1893],[-35.0288,-54.9244],[-34.2916,-55.073]]]]},"properties":{"tzid":"Etc/GMT+2"}},
{"type":"Feature","geometry":{"type":"MultiPolygon","coordinates":[[[[-52.5,90],[-52.5,82.8436],[-51.7814,82.9119],[-37.5004,83.7922],[-37.5,83.7922],[-37.5,90],[-52.5,90]]],[[[-37.5,65.1926],[-39.3391,64.8492],[-40.0713,63.6486],[-41.1484,62.7875],[-41.6546,61.7698],[-42.6529,59.9782],[-42.8937,59.7805],[-44.1233,59.5223],[-45.0903,59.6507],[-48.837,60.6455],[-49.7143,61.4054],[-51.7767,63.3057],[-52.5,63.8368],[-52.5,48.1927],[-52.3281,47.5575],[-52.5,47.1731],[-52.5,5.4815],[-51.5045,4.6587],[-50.8708,4.0318],[-50.7561,2.9636],[-50.2883,2.3044],[-49.7881,1.8496],[-47.6152,-0.3452],[-45.9434,-0.7582],[-44.8356,-1.086],[-43.2978,-2.1231],[-42.7105,-2.3472],[-41.7926,-2.5208],[-41.4982,-2.6917],[-40.5515,-2.5901],[-39.837,-2.673],[-38.3086,-3.5733],[-37.5,-4.4227],[-37.5,65.1926]]],[[[-39.461,-18.3935],[-39.4763,-19.2917],[-39.8412,-19.8851],[-40.1885,-20.7917],[-40.8093,-21.6939],[-40.8736,-22.1793],[-41.5095,-22.5469],[-41.9911,-23.2167],[-43.1834,-23.283],[-44.0681,-23.4168],[-45.114,-24.1256],[-46.5724,-24.6708],[-47.8561,-25.4896],[-48.2665,-26.2405],[-48.3511,-26.7529],[-48.1032,-27.2898],[-48.3799,-28.4049],[-48.6527,-28.7498],[-49.4589,-29.3521],[-49.8471,-29.918],[-50.1695,-30.6577],[-51.0809,-31.7067],[-52.1108,-32.471],[-52.5,-33.3125],[-52.5,-33.3126],[-52.5,-74.2391],[-37.5,-74.8913],[-37.5,-54.5759],[-38.629,-54.061],[-38.512,-53.8339],[-37.5,-53.766],[-37.5,-12.1926],[-38.2076,-13.1032],[-38.6128,-13.2766],[-38.8158,-14.8676],[-38.6448,-15.8822],[-39.0046,-17.2429],[-38.426,-18.0344],[-39.3614,-18.1874],[-39.461,-18.3935]],[[-45,-60],[-43.5,-60],[-43.5,-61],[-46,-61.5],[-47.5,-60.5],[-45,-60]],[[-41.9145,-53.3573],[-41.5735,-53.7951],[-42.2096,-53.7165],[-41.9145,-53.3573]]]]},"properties":{"tzid":"Etc/GMT+3"}},
{"type":"Feature","geometry":{"type":"MultiPolygon","coordinates":[[[[-67.5,90],[-67.5,83.2147],[-62.2532,82.9473],[-59.6263,82.2996],[-55.9524,82.5156],[-52.5,82.8436],[-52.5,90],[-67.5,90]]],[[[-52.5,63.8368],[-54.4127,66.3999],[-54.6387,67.0071],[-54.3048,68.2804],[-54.763,69.2821],[-55.5428,69.6718],[-56.1141,71.4086],[-58.5377,73.9735],[-58.6989,74.5951],[-60.7341,75.3276],[-64.385,75.679],[-66.7636,75.7173],[-67.5,75.7744],[-67.5,70.4982],[-67.4973,70.4965],[-66.7892,70.1296],[-66.1,69.2456],[-66.093,68.6415],[-62.7848,67.4995],[-61.6905,67.2431],[-60.7789,66.5632],[-61.6854,65.5679],[-62.9223,64.7353],[-63.9623,64.2537],[-63.2478,62.9294],[-64.0544,62.192],[-64.334,61.2816],[-64.0261,60.477],[-63.1516,59.7288],[-62.2377,58.6032],[-61.3346,58.0183],[-60.9354,57.2515],[-60.1229,56.3269],[-59.1203,55.4843],[-57.1142,54.8875],[-56.6192,54.851],[-56.2814,54.1364],[-55.4993,53.7013],[-55.2754,53.4023],[-55.4528,52.8822],[-54.952,52.0061],[-55.3355,51.1479],[-55.1486,50.7381],[-55.3395,50.2638],[-53.9742,50.019],[-53.0728,49.2436],[-52.5,48.1927],[-52.5,63.8368]],[[-52.8704,49.7606],[-53.1676,49.5544],[-53.3058,49.9444],[-52.8704,49.7606]]],[[[-52.5,47.1731],[-52.8295,46.548],[-53.5991,46.4122],[-54.2961,46.6243],[-55.9066,46.6544],[-56.6862,46.7717],[-56.4005,47.3416],[-57.0782,47.185],[-58.2427,47.438],[-59.2887,47.3734],[-60.0488,46.9597],[-59.9124,46.4294],[-59.4069,46.13],[-59.4866,45.8579],[-60.4938,45.4028],[-60.7637,45.1143],[-61.9577,44.7132],[-63.9951,44.1469],[-64.6238,43.648],[-65.6224,43.1882],[-66.1479,43.2162],[-66.6807,44.3074],[-67.0917,44.2998],[-67.3012,44.3597],[-67.4957,44.2559],[-67.5,44.2547],[-67.5,18.5912],[-67.1152,18.7171],[-65.2116,18.547],[-64.956,18.6114],[-64.4655,18.9405],[-64.1772,18.8983],[-64.144,18.3935],[-64.6401,18.1063],[-65.0628,18.0852],[-65.2072,17.9381],[-66.5265,17.6804],[-67.2767,17.7468],[-67.5,18.178],[-67.5,12.1772],[-67.2183,11.8884],[-67.4865,11.7441],[-67.5,11.7472],[-67.5,10.7358],[-67.495,10.7366],[-65.9304,10.9402],[-65.8457,10.5398],[-65.1362,10.288],[-64.4902,10.5731],[-64.4848,11.2168],[-63.5437,11.5041],[-63.3944,11.2095],[-63.6291,10.8431],[-62.7384,10.9638],[-61.7306,10.9062],[-60.7446,11.5085],[-60.3315,11.4508],[-60.3052,11.2182],[-60.7952,10.0611],[-61.2074,9.8745],[-60.8537,9.7176],[-60.5154,9.2431],[-60.4042,8.7813],[-59.7707,8.6039],[-58.9894,8.179],[-58.3137,7.452],[-58.2684,7.144],[-57.8827,6.946],[-57.024,6.2065],[-56.0584,6.033],[-55.7796,6.166],[-54.6793,6.178],[-53.8641,5.9839],[-52.5,5.4815],[-52.5,47.1731]],[[-62.7674,18.1629],[-62.7644,18.1376],[-62.6053,17.7941],[-62.8472,17.674],[-62.7847,17.6171],[-62.3762,17.2996],[-62.073,17.8128],[-61.6921,17.8922],[-61.4478,17.0609],[-61.9426,16.774],[-62.2554,16.4843],[-62.4475,16.7557],[-62.5548,16.8974],[-63.0491,17.2767],[-63.4458,17.529],[-63.1954,17.846],[-63.2678,17.8964],[-63.3606,18.0615],[-63.6247,18.5082],[-63.4674,18.7906],[-63.2422,18.487],[-62.8695,18.4875],[-62.7674,18.1629]],[[-59.53,12.845],[-59.8321,13.056],[-59.8314,13.402],[-59.5038,13.505],[-59.2359,13.056],[-59.53,12.845]],[[-63.3981,15.6882],[-63.7212,15.4839],[-63.647,15.9148],[-63.3981,15.6882]],[[-63.1281,11.1434],[-63.3143,11.4957],[-62.839,11.4175],[-63.1281,11.1434]],[[-64.841,11.9132],[-64.608,12.0993],[-64.187,11.725],[-64.3475,11.5153],[-64.841,11.9132]],[[-65.318,10.6897],[-65.5914,11.0978],[-65.1429,11.1476],[-65.0479,10.7727],[-65.318,10.6897]],[[-67.0014,11.5549],[-67.1017,12.0033],[-66.6649,12.1687],[-66.3957,11.8815],[-65.9389,11.999],[-65.9756,11.6294],[-67.0014,11.5549]],[[-61.6798,15.6444],[-61.975,16.025],[-61.9555,16.48],[-61.4226,16.71],[-60.852,16.482],[-60.8138,16.245],[-61.1383,15.7017],[-61.1589,15.0792],[-60.7477,14.9617],[-60.6056,14.4246],[-60.7532,14.2217],[-60.7831,13.5775],[-60.9827,13.5093],[-60.9212,12.9401],[-61.2105,12.3984],[-61.4587,11.9425],[-61.9949,11.9326],[-61.6631,12.6097],[-61.4769,13.2929],[-61.1373,13.5821],[-61.2847,13.893],[-61.0969,14.2487],[-61.4237,14.7409],[-61.349,15.0075],[-61.6798,15.6444]],[[-59.8092,44.2096],[-59.4393,43.9118],[-59.9011,43.7254],[-60.4251,43.9079],[-59.8092,44.2096]],[[-64.7082,17.984],[-64.4236,17.6041],[-65.0785,17.5676],[-64.7082,17.984]],[[-65.1188,32.319],[-64.7297,32.586],[-64.4179,32.3055],[-64.9664,32.0683],[-65.1188,32.319]]],[[[-63.0655,17.7828],[-63.0544,17.8062],[-63.0992,17.8113],[-63.0655,17.7828]]],[[[-62.0286,10.1801],[-61.9219,10.4427],[-62.3716,10.3345],[-62.0286,10.1801]]],[[[-52.5,-33.3126],[-52.504,-33.3173],[-53.1776,-33.8694],[-53.6187,-34.5749],[-54.6249,-35.0413],[-55.705,-35.7825],[-56.4672,-36.3311],[-56.4182,-36.8871],[-57.3483,-38.2254],[-57.7527,-38.4808],[-58.9381,-38.871],[-60.8573,-39.1813],[-61.4029,-39.192],[-61.8392,-39.6067],[-61.713,-40.5385],[-62.0996,-40.9906],[-62.6039,-41.2318],[-62.8825,-41.3103],[-63.3979,-41.992],[-63.444,-42.91],[-64.7685,-43.392],[-64.9962,-43.6796],[-64.8327,-44.4653],[-65.2201,-44.9187],[-65.0932,-45.1545],[-65.3007,-46],[-65.5567,-47.0442],[-65.6252,-48.2062],[-67.2908,-49.1247],[-67.5,-49.9541],[-67.5,-53.584],[-66.2492,-54.3033],[-64.7973,-54.5814],[-64.2229,-54.4499],[-63.4598,-54.7852],[-64.0779,-55.0731],[-66.0783,-55.1833],[-66.7554,-56.0815],[-67.3806,-56.1687],[-67.5,-56.1459],[-67.5,-66],[-65.5,-65.25],[-65,-64.5],[-64,-64],[-63,-62.7],[-59,-61.8],[-57,-61.6],[-54,-63],[-58,-74],[-52.5,-74.2391],[-52.5,-33.3126]],[[-57.6553,-51.2511],[-57.5278,-51.8767],[-58.9009,-52.65],[-60.7313,-52.453],[-61.6692,-51.8223],[-61.529,-50.8027],[-59.4822,-51.0714],[-58.9051,-51.0376],[-57.6553,-51.2511]]]]},"properties":{"tzid":"Etc/GMT+4"}},
{"type":"Feature","geometry":{"type":"MultiPolygon","coordinates":[[[[-82.5,90],[-82.5,82.9749],[-77.4613,83.2767],[-67.5,83.2147],[-67.5,90],[-82.5,90]]],[[[-67.5,75.7744],[-69.2716,75.9318],[-71.6408,76.6759],[-73.3538,76.4908],[-73.9995,76.8462],[-72.1115,76.9007],[-73.6738,77.4263],[-73.8873,78.3837],[-75.2518,77.8077],[-77.2705,77.347],[-76.9489,76.6275],[-78.697,75.3499],[-78.5595,74.912],[-79.4522,74.5294],[-79.3351,73.8567],[-76.7075,73.6574],[-75.0261,72.6943],[-73.143,71.9231],[-71.1944,71.6606],[-70.5754,71.3445],[-68.0526,70.7571],[-67.5,70.4982],[-67.5,75.7744]]],[[[-73.5015,78.5553],[-71.0979,78.8743],[-69.1076,79.3191],[-68.6469,80.2245],[-70.2717,79.6447],[-73.449,79.1355],[-73.5015,78.5553]]],[[[-67.5,44.2547],[-67.9586,44.1299],[-67.9531,43.8124],[-68.3796,43.8812],[-70.0125,43.4112],[-70.398,42.8301],[-70.4758,42.3018],[-69.8684,42.1834],[-69.6654,41.8055],[-69.733,41.1571],[-71.3288,41.038],[-73.1689,40.4312],[-73.7109,40.3825],[-73.8529,39.6823],[-74.8198,38.7338],[-74.846,38.2553],[-75.7393,36.9234],[-75.2176,35.6277],[-75.3616,35.0685],[-75.7956,34.951],[-76.3413,34.4398],[-77.1125,34.4164],[-77.5726,34.1238],[-77.8815,33.6291],[-78.6649,33.5848],[-78.9741,33.0439],[-80.5763,32],[-80.8884,31.6219],[-81.1965,30.8044],[-81.0322,29.831],[-80.3705,28.6717],[-80.3799,28.2987],[-79.8108,26.8339],[-80.0331,25.1014],[-80.9987,24.4553],[-81.8894,24.2523],[-82.305,24.3946],[-82.262,24.7638],[-81.3353,25.0616],[-81.5635,25.6195],[-81.8471,25.6968],[-82.0453,26.2235],[-82.3528,26.3488],[-82.4996,26.7475],[-82.5,26.7481],[-82.5,23.3298],[-82.4215,23.3457],[-80.8762,23.4814],[-80.2246,23.4039],[-79.6721,23.1308],[-78.773,22.8683],[-79.5959,23.301],[-80.4371,23.4907],[-80.6969,23.8718],[-80.4824,24.1559],[-80.0036,24.248],[-79.3632,25.0045],[-79.5241,25.7554],[-79.3161,26.0916],[-79.3291,26.9489],[-78.5394,27.444],[-77.4614,27.1404],[-76.7933,26.6917],[-75.9488,25.2765],[-75.4971,24.8056],[-74.3854,24.344],[-73.4414,23.2178],[-72.5267,22.4702],[-72.5499,21.9487],[-71.9918,22.1631],[-71.0123,21.6802],[-70.9791,21.1489],[-70.4547,21.2855],[-69.3874,20.8349],[-68.5971,20.0514],[-68.1201,18.6993],[-68.4905,17.9258],[-70.1123,18.0231],[-71.5375,17.2957],[-71.8123,17.3504],[-71.9005,17.8811],[-72.3645,18.0302],[-73.3682,18.0163],[-73.9522,17.8333],[-74.6831,18.3615],[-74.616,18.7015],[-74.1589,18.8736],[-73.4769,18.768],[-73.4845,19.0304],[-73.0243,19.1235],[-72.9844,19.3627],[-73.6533,19.6187],[-73.6134,19.9159],[-72.8124,20.2912],[-72.0696,19.9463],[-71.18,20.9794],[-71.9368,21.0166],[-72.6773,21.5401],[-73.159,20.7406],[-73.6294,20.706],[-75.8345,21.5315],[-77.2148,22.033],[-76.2801,21.4577],[-75.667,21.322],[-74.0707,20.4636],[-73.919,20.2161],[-74.1468,19.9015],[-75.3786,19.6759],[-76.194,19.7785],[-77.7026,19.6275],[-78.4604,20.3496],[-79.5993,20.9693],[-79.956,21.4113],[-81.1025,21.428],[-82.2028,21.2728],[-82.5,21.2586],[-82.5,16.0464],[-82.4987,16.0472],[-82.1825,15.8514],[-82.4982,15.6945],[-82.5,15.6955],[-82.5,15.4076],[-82.499,15.4068],[-82.2424,15.0036],[-82.4882,14.8872],[-82.4999,14.6112],[-82.5,14.6107],[-82.5,9.7971],[-82.4965,9.7947],[-82.4299,9.722],[-81.3412,9.3324],[-79.6904,9.8362],[-78.6553,9.7925],[-78.0789,9.5138],[-77.2999,8.8879],[-76.345,9.5365],[-75.9846,10.2587],[-75.5039,10.8807],[-74.9423,11.2937],[-74.2889,11.525],[-71.6566,12.6654],[-71.1469,12.5234],[-70.8501,12.7042],[-70.6615,12.4539],[-70.9239,12.1565],[-71.115,12.4586],[-71.324,11.8483],[-71.1405,11.7455],[-71.7555,11.4473],[-71.36,11.1645],[-70.408,11.5158],[-70.4892,11.9523],[-70.1629,12.3489],[-70.2144,12.75],[-69.6939,12.55],[-69.7356,12.2578],[-69.5436,11.7048],[-68.7644,11.6337],[-68.067,11.0741],[-68.0043,10.7169],[-67.5,10.7358],[-67.5,11.7472],[-67.7748,11.8049],[-67.8504,12.1852],[-67.5037,12.1757],[-67.5,12.1772],[-67.5,18.178],[-67.5027,18.1782],[-67.5013,18.5911],[-67.5,18.5912],[-67.5,44.2547]],[[-78.4306,15.8072],[-78.7773,15.7062],[-78.7214,16.0307],[-78.4306,15.8072]],[[-80.0653,15.7667],[-79.8395,15.9941],[-79.7846,15.6094],[-80.0653,15.7667]],[[-82,12.0277],[-81.869,12.7518],[-81.3659,12.6419],[-81.2662,12.3248],[-82,12.0277]],[[-80.0946,13.7718],[-79.8302,13.5013],[-80.0112,13.2826],[-80.2998,13.5683],[-80.0946,13.7718]],[[-81.6218,13.3441],[-81.485,13.6751],[-81.1362,13.6265],[-81.142,13.2862],[-81.4464,13.1052],[-81.6218,13.3441]],[[-81.3603,14.2575],[-81.2373,14.6251],[-80.9256,14.6126],[-80.9279,14.0521],[-81.1298,13.9255],[-81.3603,14.2575]],[[-80.4452,14.4816],[-79.9661,14.5443],[-80.1351,14.1176],[-80.4843,14.19],[-80.4452,14.4816]],[[-80.2684,19.7955],[-79.7002,19.9543],[-79.5232,19.6831],[-80.0655,19.4583],[-80.2684,19.7955]],[[-81.3375,19.0678],[-81.5375,19.5493],[-81.0398,19.5467],[-80.8807,19.2717],[-81.3375,19.0678]],[[-68.6211,12.217],[-68.4456,12.504],[-68.0163,12.315],[-68.0933,11.885],[-68.4413,11.9331],[-68.6835,11.781],[-69.3604,12.281],[-69.096,12.585],[-68.6211,12.217]],[[-78.5782,18.2691],[-78.2554,18.6522],[-77.7944,18.7234],[-76.8084,18.5934],[-76.2698,18.3493],[-75.7696,17.4868],[-75.953,17.1879],[-77.4562,16.849],[-78.1164,16.6035],[-78.3985,16.7678],[-78.5782,18.2691]],[[-75.2288,18.3521],[-75.0546,18.6121],[-74.8481,18.2551],[-75.2288,18.3521]],[[-67.8153,18.3178],[-67.6373,18.051],[-67.9445,17.8567],[-68.1536,18.2144],[-67.8153,18.3178]]],[[[-78.0364,7.0509],[-80.6002,7.0038],[-81.7993,7.0042],[-82.5,7.4228],[-82.5,-3.3921],[-81.3443,-3.3921],[-81.2125,-2.1855],[-81.2607,-1.1692],[-80.1739,0.985],[-79.5598,1.4696],[-79.1739,1.4696],[-79.2115,1.7301],[-78.3264,3.1327],[-77.7299,4.2571],[-77.6967,6.168],[-78.0364,7.0509]]],[[[-75.1325,-43.8115],[-74.701,-43.1771],[-74.3361,-41.7683],[-73.9614,-39.963],[-73.4872,-39.272],[-73.7585,-38.611],[-74.2123,-38.289],[-73.709,-38.086],[-73.9353,-37.373],[-73.7726,-36.883],[-73.0636,-36.245],[-72.8427,-35.48],[-72.4319,-34.997],[-72.2303,-34.054],[-71.868,-33.581],[-71.9828,-33.085],[-71.6878,-32.424],[-71.9472,-30.722],[-71.8336,-30.144],[-71.5552,-29.84],[-71.8209,-29.044],[-71.4251,-28.313],[-71.1907,-27.118],[-70.9303,-26.565],[-70.9542,-25.718],[-70.6694,-25.246],[-70.8,-24.737],[-70.6995,-23.709],[-70.7732,-22.995],[-70.5311,-22.826],[-70.2993,-21.496],[-70.4136,-20.536],[-70.3438,-20.017],[-70.5908,-18.3501],[-71.7823,-18.3501],[-72.9275,-19.4023],[-73.7533,-19.9734],[-75.1648,-19.2853],[-77.0563,-18.2022],[-77.4242,-17.9334],[-78.6413,-16.7278],[-79.5449,-15.3356],[-79.8051,-14.6136],[-80.6335,-13.7074],[-80.9313,-13.0912],[-81.2291,-11.5566],[-81.4662,-10.944],[-82.0047,-10.0315],[-82.5,-9.7732],[-82.5,-9.7731],[-82.5,-86],[-80,-86],[-80,-66],[-67.5,-66],[-67.5,-56.1459],[-68.2195,-55.9275],[-69.4108,-55.9444],[-69.9117,-55.6397],[-71.183,-55.3527],[-72.209,-54.9146],[-73.4034,-54.7039],[-73.7695,-54.16],[-75.4318,-52.4125],[-75.6771,-51.6421],[-75.5872,-51.2016],[-75.8345,-50.6684],[-76.0314,-48.7841],[-75.9984,-48.1004],[-75.7085,-47.6706],[-75.8549,-46.5294],[-75.2452,-45.606],[-75.4851,-44.8335],[-75.0864,-44.4647],[-75.1325,-43.8115]],[[-68.7149,-56.725],[-69.086,-56.569],[-68.6612,-56.253],[-68.7149,-56.725]],[[-78.9269,-33.915],[-78.9507,-33.416],[-78.5326,-33.703],[-78.9269,-33.915]],[[-80.7806,-34.016],[-81.0783,-33.751],[-80.5955,-33.589],[-80.7806,-34.016]],[[-79.9031,-26.55],[-80.3103,-26.392],[-80.1379,-26.09],[-79.7052,-26.205],[-79.9031,-26.55]]],[[[-68.2165,-52.6034],[-67.507,-53.5809],[-67.5,-53.584],[-67.5,-49.9541],[-67.5014,-49.9565],[-68.6161,-50.4689],[-68.8232,-50.7499],[-68.5736,-51.6743],[-68.0565,-52.2383],[-68.2165,-52.6034]]]]},"properties":{"tzid":"Etc/GMT+5"}},
{"type":"Feature","geometry":{"type":"MultiPolygon","coordinates":[[[[-97.5,90],[-97.5,80.5431],[-95.5204,81.4158],[-91.2054,82.125],[-87.9622,82.3562],[-85.0005,82.7718],[-82.5,82.9749],[-82.5,90],[-97.5,90]]],[[[-82.5,26.7481],[-82.9783,27.5163],[-83.076,28.2388],[-82.9899,28.8742],[-83.2991,29.0022],[-83.8282,29.7538],[-84.055,29.8628],[-84.9997,29.3904],[-85.2691,29.4667],[-86.0525,30.0704],[-86.6438,30.196],[-88.0641,30.0083],[-88.6014,30.02],[-88.9048,29.4031],[-88.7776,29.0431],[-89.4847,28.7099],[-89.635,29.0437],[-90.8048,28.8362],[-92.143,29.362],[-93.2235,29.5728],[-94.4542,29.3049],[-95.2513,28.6991],[-96.1251,28.3056],[-96.7114,27.9025],[-97.1532,26.9871],[-96.924,25.9757],[-97.3053,24.9794],[-97.487,24.3145],[-97.5,24.1768],[-97.5,22.0499],[-97.3963,21.9046],[-96.9947,21.5195],[-97.2057,21.2411],[-96.961,20.7331],[-96.26,19.9538],[-96.1031,19.4362],[-95.581,18.9275],[-95.0874,18.8967],[-94.4246,18.3594],[-93.5224,18.6353],[-92.9916,18.6371],[-92.5111,18.852],[-91.8383,18.8739],[-91.0252,19.3516],[-90.7322,19.9678],[-90.5539,21.0632],[-89.7148,21.4895],[-88.1089,21.8287],[-87.511,21.6904],[-87.0453,21.8037],[-86.6114,21.6251],[-86.4966,21.1656],[-86.5772,20.4132],[-86.9557,20.0703],[-87.2631,20.0667],[-87.2034,19.5921],[-87.3852,18.9522],[-87.1171,18.552],[-87.5386,18.4789],[-87.6268,18.187],[-87.7436,17.872],[-87.3784,17.6364],[-87.3435,17.1142],[-88.0738,16.028],[-87.3037,16.2145],[-85.8968,16.7132],[-84.94,16.1712],[-84.1939,15.9844],[-83.2798,15.4225],[-83.4847,16.1867],[-82.7281,15.8475],[-82.7962,15.4098],[-82.5,15.4076],[-82.5,15.6955],[-82.5,16.0464],[-82.5,21.2586],[-83.1681,21.2867],[-84.0465,21.689],[-84.5551,21.5574],[-85.168,21.8665],[-84.8192,22.4481],[-83.707,23.0818],[-82.5,23.3298],[-82.5,26.7481]],[[-89.4402,22.3789],[-89.9514,22.3695],[-89.8823,22.7615],[-89.4402,22.3789]],[[-91.1686,22.1304],[-91.4454,21.9278],[-91.3868,22.3341],[-91.1686,22.1304]],[[-92.0012,20.9197],[-92.1986,20.6998],[-92.5173,21.0286],[-92.2913,21.1804],[-92.0012,20.9197]],[[-92.1863,20.2122],[-92.0031,20.4188],[-91.7616,20.1411],[-92.1863,20.2122]],[[-82.9248,24.8379],[-82.6728,24.4886],[-83.1248,24.5066],[-82.9248,24.8379]],[[-83.8647,17.6095],[-83.6945,17.383],[-84.0036,17.2131],[-83.8647,17.6095]]],[[[-92.3649,14.3812],[-93.2559,15.246],[-93.9512,15.7765],[-94.5731,15.9943],[-95.1254,15.9647],[-96.1675,15.4731],[-96.6099,15.4493],[-97.5,15.7285],[-97.5,-86],[-90,-86],[-82.5,-86],[-82.5,-9.7731],[-82.5287,-9.7549],[-83.1183,-9.271],[-83.7006,-8.4532],[-84.2938,-7.0482],[-84.4427,-6.386],[-84.6318,-4.5254],[-84.4394,-3.3921],[-84.1198,-3.3921],[-82.5,-3.3921],[-82.5,7.4228],[-82.9817,7.8539],[-83.6769,8.2715],[-85.8341,9.7833],[-86.0362,10.1501],[-86.1787,10.9],[-86.0223,11.0971],[-86.652,11.6248],[-86.9522,12.0835],[-87.8651,12.8054],[-87.8916,12.9522],[-88.8815,13.0607],[-89.8582,13.3295],[-90.2209,13.5634],[-90.6674,13.725],[-91.3536,13.7553],[-92.3649,14.3812]],[[-91.9498,1.8751],[-90.6622,0.8176],[-89.8646,0.5279],[-89.0725,-0.6043],[-89.4533,-1.5101],[-89.6637,-1.6103],[-90.522,-1.5494],[-91.5587,-1.1737],[-91.8482,-0.4311],[-92.1987,1.6153],[-91.9498,1.8751]]],[[[-82.5,14.6107],[-82.5,14.6106],[-82.6224,14.0577],[-83.1186,13.0489],[-82.7614,12.2645],[-83.2752,11.2506],[-83.6082,11.1249],[-83.2451,10.5009],[-82.5,9.7971],[-82.5,14.6107]]]]},"properties":{"tzid":"Etc/GMT+6"}},
{"type":"Feature","geometry":{"type":"MultiPolygon","coordinates":[[[[-112.5,90],[-112.5,78.8228],[-110.0027,79.13],[-106.1456,79.5459],[-102.001,80.123],[-97.5,80.5431],[-97.5,90],[-112.5,90]]],[[[-97.5,24.1768],[-97.5104,24.0666],[-97.5745,22.3136],[-97.5327,22.0957],[-97.5,22.0499],[-97.5,24.1768]]],[[[-97.5,15.7285],[-97.9067,15.787],[-98.8736,16.3352],[-99.7337,16.5063],[-100.1075,16.7339],[-101.15,17.0803],[-101.9987,17.7536],[-102.3264,17.7538],[-103.4506,18.0699],[-103.9326,18.584],[-105.1261,19.1781],[-105.8973,20.3334],[-105.8833,20.6855],[-105.5178,21.1016],[-105.4598,21.3879],[-106.0883,21.997],[-105.8693,22.0902],[-105.9926,22.5268],[-107.269,23.8942],[-108.1306,24.486],[-108.6019,25.1045],[-109.6139,25.5747],[-109.4901,26.3631],[-110.8096,27.2381],[-110.858,27.6393],[-111.4616,27.7705],[-111.5674,28.1118],[-112.1008,28.5959],[-112.2627,28.1741],[-112.4996,28.22],[-112.5,28.2204],[-112.5,27.8666],[-112.4986,27.8656],[-112.1091,27.557],[-111.8073,27.645],[-111.8148,27.2457],[-111.1866,26.6508],[-111.1589,26.2977],[-110.6047,25.7693],[-110.3411,24.7964],[-109.7955,24.5425],[-109.5891,23.9825],[-109.2827,23.6605],[-109.2286,23.1861],[-109.823,22.6851],[-110.2441,22.8343],[-110.4978,23.4265],[-111.5636,24.1516],[-111.7846,24.1134],[-112.5,24.7012],[-112.5,-25.2405],[-111.4424,-24.2812],[-110.228,-23.802],[-109.1458,-23.7178],[-107.8419,-23.9984],[-106.9664,-23.4613],[-106.0392,-23.1832],[-104.6549,-23.1896],[-103.4283,-23.6281],[-102.6665,-24.1937],[-101.904,-25.2867],[-101.6482,-26.3772],[-101.6998,-27.0931],[-102.1748,-28.2303],[-102.7589,-28.8849],[-103.4009,-29.328],[-104.2861,-29.6782],[-104.9414,-29.7964],[-105.8965,-29.7838],[-106.701,-29.5996],[-107.5077,-30.0947],[-108.5638,-30.4512],[-109.1151,-30.5308],[-110.2659,-30.4663],[-111.5383,-29.9915],[-112.5,-29.173],[-112.5,-86],[-105,-86],[-97.5,-86],[-97.5,15.7285]],[[-110.6891,18.7736],[-110.9017,18.5142],[-111.2789,18.8298],[-111.0317,19.0796],[-110.6891,18.7736]],[[-111.044,19.3035],[-110.6812,19.493],[-110.8657,19.0971],[-111.044,19.3035]],[[-106.925,21.7433],[-106.7311,21.9729],[-106.022,21.4013],[-106.3802,21.119],[-106.925,21.7433]]],[[[-112.5,24.9003],[-112.3245,25.4643],[-112.5,25.9671],[-112.5,24.9003]]]]},"properties":{"tzid":"Etc/GMT+7"}},
{"type":"Feature","geometry":{"type":"MultiPolygon","coordinates":[[[[-127.5,90],[-127.5,71.5355],[-126.4457,72.1277],[-125.0203,73.5221],[-125.8052,74.2838],[-123.6001,75.8644],[-123.7626,76.4271],[-122.7178,76.6094],[-120,77.4183],[-116.8756,77.7898],[-115.0199,78.4535],[-112.5,78.8228],[-112.5,90],[-127.5,90]]],[[[-125.0036,48.4952],[-126.7234,49.2117],[-127.4959,49.7806],[-127.5,49.7828],[-127.5,-86],[-120,-86],[-112.5,-86],[-112.5,-29.173],[-112.9943,-28.3219],[-113.1742,-27.5886],[-113.0972,-26.4926],[-112.5003,-25.2409],[-112.5,-25.2405],[-112.5,24.7012],[-112.5006,24.7022],[-112.5,24.9003],[-112.5,25.9671],[-113.4206,26.5558],[-114.5858,27.0272],[-114.7146,27.2926],[-115.451,27.9154],[-115.7857,28.4326],[-115.0587,28.5116],[-114.9497,28.037],[-114.3893,28.1188],[-114.2986,28.4094],[-115.0924,29.1974],[-115.9338,29.5841],[-116.2663,30.652],[-116.9004,31.4589],[-117.4649,32.5904],[-117.544,33.0323],[-118.1537,33.4976],[-118.3388,33.0965],[-118.1535,32.7051],[-118.3987,32.5994],[-118.8477,32.9958],[-118.6771,33.2276],[-119.203,33.3094],[-119.4368,33.016],[-119.9347,33.3585],[-119.3387,33.4293],[-119.145,33.667],[-118.6419,33.6775],[-119.1619,33.8973],[-120.1117,33.6935],[-120.5469,33.8434],[-120.8714,34.4914],[-120.8995,34.9892],[-122.1328,36.2303],[-122.2327,36.7818],[-122.6136,37.0779],[-122.7767,37.603],[-123.3601,37.7753],[-123.2193,38.1359],[-123.9928,38.9037],[-124.0516,39.6137],[-124.7236,40.4],[-124.399,40.9642],[-124.4015,41.5926],[-124.9075,42.7717],[-124.4617,43.7642],[-124.2346,45.6516],[-124.4935,47.156],[-125.0133,47.9287],[-125.0036,48.4952]],[[-114.4734,18.382],[-114.7989,18.1442],[-114.9808,18.3158],[-114.6591,18.5836],[-114.4734,18.382]],[[-115.9177,24.8214],[-115.7259,25.1531],[-115.599,24.8054],[-115.9177,24.8214]],[[-118.03,29.1724],[-118.0946,28.7343],[-118.4997,28.7687],[-118.5518,29.2853],[-118.03,29.1724]],[[-124.552,-24.6719],[-124.954,-24.8235],[-124.9459,-24.5284],[-124.552,-24.6719]]],[[[-112.5455,28.4672],[-112.5428,28.0461],[-112.5,27.8666],[-112.5,28.2204],[-112.5455,28.4672]]]]},"properties":{"tzid":"Etc/GMT+8"}},
{"type":"Feature","geometry":{"type":"MultiPolygon","coordinates":[[[[-142.5,90],[-142.5,70.2243],[-140.7557,69.829],[-138.6574,69.7906],[-137.9996,69.4796],[-136.588,69.4031],[-135.8317,69.7985],[-134.3547,69.9869],[-133.452,69.787],[-130.0302,70.4518],[-128.7404,70.7711],[-127.5,71.5355],[-127.5,90],[-142.5,90]]],[[[-127.5,49.7828],[-128.0787,49.9297],[-128.5848,50.506],[-129.2411,50.6753],[-131.2466,51.788],[-132.794,52.9222],[-133.5411,53.9434],[-133.1028,54.5518],[-133.6252,54.5593],[-134.1408,55.6374],[-134.87,55.7426],[-135.3977,56.4553],[-136.1822,56.9014],[-136.2935,57.3634],[-136.8096,57.7508],[-136.9561,58.0654],[-138.294,58.7137],[-138.4757,58.878],[-140.4386,59.503],[-141.6462,59.7148],[-142.4999,59.8539],[-142.5,59.8539],[-142.5,-15.7817],[-142.4942,-15.7777],[-142.1604,-15.5316],[-141.9189,-15.769],[-142.4984,-16.4476],[-142.5,-16.4475],[-142.5,-17.1152],[-142.4849,-17.1209],[-142.3475,-17.3022],[-142.4976,-17.8191],[-142.5,-17.82],[-142.5,-17.8432],[-142.4951,-17.8401],[-142.1267,-17.7674],[-141.9007,-18.2726],[-142.0952,-18.5062],[-142.4983,-18.2399],[-142.5,-18.2384],[-142.5,-86],[-135,-86],[-127.5,-86],[-127.5,49.7828]],[[-137.0421,-23.3647],[-137.3579,-23.1856],[-137.0154,-22.9594],[-137.0421,-23.3647]],[[-136.2144,-22.2371],[-136.2663,-21.8078],[-135.9749,-21.945],[-136.2144,-22.2371]],[[-135.8486,-21.5186],[-135.6972,-21.2844],[-135.2787,-21.4178],[-135.4798,-21.7633],[-135.8486,-21.5186]],[[-134.7087,-23.3532],[-135.2415,-23.34],[-135.0739,-22.8351],[-134.7576,-22.8881],[-134.248,-23.3878],[-134.7087,-23.3532]],[[-136.5679,-21.1309],[-136.1844,-21.3852],[-136.4664,-21.6858],[-136.9509,-21.3794],[-136.5679,-21.1309]],[[-138.554,-10.727],[-138.8884,-10.3873],[-138.4159,-10.1575],[-138.2252,-10.433],[-138.554,-10.727]],[[-139.3238,-9.9078],[-139.0524,-9.273],[-138.8291,-9.2557],[-138.5977,-10.0589],[-139.2402,-10.1853],[-139.3238,-9.9078]],[[-140.377,-8.064],[-140.8909,-8.1467],[-140.7828,-7.7861],[-140.3919,-7.6597],[-140.377,-8.064]],[[-140.2625,-9.2237],[-140.7805,-8.5534],[-139.9459,-8.6043],[-139.2984,-8.8374],[-139.3382,-9.074],[-140.0482,-9.1351],[-139.8452,-9.513],[-140.1919,-9.6263],[-140.2625,-9.2237]],[[-128.0814,-24.3285],[-128.3097,-24.6236],[-128.5759,-24.3847],[-128.3078,-24.13],[-128.0814,-24.3285]],[[-130.5012,-23.9066],[-130.8301,-24.131],[-130.7514,-23.7073],[-130.5012,-23.9066]],[[-129.8685,-25.0554],[-130.1086,-25.2802],[-130.2186,-24.8832],[-129.8685,-25.0554]],[[-139.037,-20.9696],[-139.3587,-20.7606],[-139.0989,-20.5713],[-139.037,-20.9696]],[[-141.4589,-19.2583],[-141.3544,-19.003],[-141.0187,-19.1892],[-141.4589,-19.2583]],[[-142.127,-16.9054],[-142.0122,-16.6413],[-141.7072,-16.8961],[-142.127,-16.9054]],[[-141.7118,-17.4717],[-141.3056,-17.2784],[-141.4716,-17.5973],[-141.7118,-17.4717]],[[-140.6147,-19.5292],[-140.1734,-19.6672],[-140.3841,-19.8618],[-140.6147,-19.5292]],[[-140.8697,-19.2731],[-140.5868,-18.9379],[-140.4543,-19.171],[-140.8697,-19.2731]],[[-140.0528,-16.1955],[-140.3168,-15.8377],[-140.0566,-15.7704],[-140.0528,-16.1955]],[[-138.97,-14.6504],[-138.5834,-14.8531],[-138.8639,-15.0337],[-138.97,-14.6504]],[[-141.0884,-15.9141],[-140.8612,-15.6023],[-140.6887,-15.9677],[-141.0884,-15.9141]],[[-138.6064,-17.4933],[-138.4411,-17.1299],[-138.1784,-17.4731],[-138.6064,-17.4933]],[[-137.2318,-18.403],[-137.029,-18.0643],[-136.8282,-18.5142],[-137.2318,-18.403]],[[-141.7469,-19.0016],[-142.077,-18.7226],[-141.6008,-18.618],[-141.7469,-19.0016]],[[-138.784,-20.8438],[-138.323,-20.7091],[-138.3811,-21.0404],[-138.784,-20.8438]],[[-140.8807,-21.7543],[-140.6309,-21.4241],[-140.5124,-21.9072],[-140.8807,-21.7543]],[[-136.3613,-18.7752],[-136.6357,-18.3514],[-136.3489,-18.2841],[-136.098,-18.6472],[-136.3613,-18.7752]],[[-141.2854,-13.95],[-140.9829,-14.2692],[-141.6086,-14.2109],[-141.2854,-13.95]],[[-139.0142,-18.6437],[-138.6138,-18.6554],[-138.9275,-18.9743],[-139.4263,-18.5813],[-139.1087,-18.3779],[-139.0142,-18.6437]],[[-138.9436,-22.0862],[-139.2329,-21.9602],[-138.9135,-21.5782],[-138.5795,-21.7769],[-138.4994,-22.2849],[-138.9273,-22.4022],[-138.9436,-22.0862]],[[-140.6744,-18.0566],[-140.4578,-18.4599],[-140.9622,-18.5455],[-141.2719,-18.0494],[-140.7693,-17.5203],[-140.4451,-17.7806],[-140.6744,-18.0566]],[[-138.5634,-19.2169],[-138.753,-19.5912],[-138.991,-19.3799],[-139.3961,-19.5057],[-139.3976,-19.2029],[-138.8647,-19.084],[-138.5634,-19.2169]]]]},"properties":{"tzid":"Etc/GMT+9"}},
{"type":"Feature","geometry":{"type":"MultiPolygon","coordinates":[[[[-157.5,90],[-157.5,71.3114],[-157.4965,71.3132],[-156.357,71.5853],[-153.8239,71.0906],[-151.914,71.0001],[-151.0163,70.6759],[-147.9851,70.6962],[-144.7751,70.2022],[-143.5881,70.3473],[-142.5,70.2243],[-142.5,90],[-157.5,90]]],[[[-142.5,59.8539],[-144.1063,59.7679],[-144.7693,59.5832],[-144.8388,59.9991],[-145.9885,60.1761],[-147.7789,59.5655],[-148.9731,59.7308],[-149.505,59.3266],[-151.5675,58.9012],[-151.9355,58.6844],[-151.4325,58.4],[-151.9536,57.9632],[-151.9871,57.2385],[-153.4194,56.71],[-153.6336,56.3852],[-154.8181,56.2025],[-155.1555,56.3965],[-154.6649,56.7911],[-155.1826,57.5046],[-155.9402,57.2367],[-156.627,56.5996],[-156.2802,55.9967],[-157.0932,55.9412],[-157.4957,56.1178],[-157.5,56.1158],[-157.5,55.9702],[-157.4948,55.9709],[-157.5,55.5829],[-157.5,21.4704],[-157.4991,21.4684],[-156.683,21.3668],[-155.8106,20.8971],[-155.9821,20.4565],[-156.672,20.3001],[-157.4989,21.0046],[-157.5,21.0067],[-157.5,2.2472],[-157.4866,2.248],[-157.1901,2.145],[-156.9708,1.655],[-157.4984,1.599],[-157.5,1.5996],[-157.5,-19.7462],[-157.4989,-19.7479],[-157.4997,-19.9854],[-157.5,-19.9859],[-157.5,-19.9865],[-157.4985,-19.9852],[-157.193,-19.9873],[-157.4977,-20.3284],[-157.5,-20.3263],[-157.5,-75],[-150,-75],[-150,-86],[-142.5,-86],[-142.5,-18.2384],[-142.5,-17.8432],[-142.5,-17.82],[-142.8186,-17.739],[-142.6905,-17.128],[-142.5,-17.1152],[-142.5,-16.4475],[-142.7323,-16.2122],[-142.5,-15.7817],[-142.5,59.8539]],[[-146.7299,59.5112],[-146.2934,59.7361],[-145.9274,59.3141],[-146.6502,59.2325],[-146.7299,59.5112]],[[-155.7755,55.5738],[-156.1168,55.7344],[-155.7812,56.0876],[-155.2865,56.0304],[-155.2918,55.6493],[-155.7755,55.5738]],[[-155.2647,20.2349],[-154.5958,19.498],[-154.8694,19.1738],[-155.5825,18.7302],[-156.0445,18.907],[-156.2723,19.698],[-156.0711,20.3558],[-155.8627,20.4692],[-155.2647,20.2349]],[[-152.1065,-10.0676],[-152.4051,-10.2454],[-152.4973,-9.9705],[-152.1065,-10.0676]],[[-150.2279,-10.21],[-150.4366,-10.023],[-150.2735,-9.714],[-150.0133,-10.047],[-150.2279,-10.21]],[[-155.8809,-5.863],[-156.0929,-5.509],[-155.7831,-5.438],[-155.8809,-5.863]],[[-154.9262,-4.252],[-155.1701,-4.034],[-154.7771,-3.824],[-154.9262,-4.252]],[[-143.2725,-27.8093],[-143.4427,-28.0948],[-143.7049,-27.7866],[-143.2725,-27.8093]],[[-148.2787,-17.9211],[-147.9212,-17.7197],[-147.9462,-18.0496],[-148.2787,-17.9211]],[[-154.602,-16.0187],[-154.7414,-15.7558],[-154.3117,-15.7409],[-154.602,-16.0187]],[[-154.7974,-22.001],[-154.9192,-21.7356],[-154.5815,-21.6293],[-154.7974,-22.001]],[[-150.8578,-17.6286],[-150.604,-17.4339],[-150.5335,-17.8608],[-150.8578,-17.6286]],[[-143.0889,-18.08],[-143.1544,-17.6499],[-142.8526,-17.8586],[-143.0889,-18.08]],[[-148.4792,-15.7717],[-148.1962,-15.6153],[-148.2276,-16.0725],[-148.4792,-15.7717]],[[-143.6683,-17.5386],[-143.366,-17.2622],[-143.2166,-17.5263],[-143.6683,-17.5386]],[[-152.028,-16.3953],[-152.3533,-16.662],[-152.4575,-16.3083],[-152.028,-16.3953]],[[-149.3278,-16.982],[-149.7668,-17.1391],[-149.7047,-16.8254],[-149.3278,-16.982]],[[-144.681,-15.1247],[-144.4652,-14.7558],[-144.3243,-14.96],[-144.681,-15.1247]],[[-154.1519,-16.6768],[-153.8258,-16.6092],[-153.7858,-16.992],[-154.1519,-16.6768]],[[-144.6061,-27.6078],[-144.1451,-27.4454],[-144.2896,-27.8498],[-144.6061,-27.6078]],[[-145.1101,-20.0438],[-145.0699,-19.6585],[-144.7497,-19.7641],[-145.1101,-20.0438]],[[-154.8357,-16.3347],[-154.411,-16.5315],[-154.8418,-16.7488],[-154.8357,-16.3347]],[[-145.8144,-17.377],[-145.416,-17.1622],[-145.1967,-17.4054],[-145.3704,-17.6971],[-145.8144,-17.377]],[[-149.6231,-17.3326],[-149.1899,-17.403],[-148.923,-17.7383],[-149.2287,-18.0754],[-149.9811,-17.7428],[-150.0598,-17.34],[-149.6231,-17.3326]],[[-150.7777,-16.6516],[-150.9293,-17.0162],[-151.6254,-17.0678],[-151.9976,-16.567],[-152.0363,-16.1788],[-151.6483,-16.0996],[-151.2061,-16.5797],[-150.7777,-16.6516]],[[-145.2137,-14.357],[-144.8604,-14.1882],[-144.7065,-14.5457],[-145.1333,-14.8817],[-145.4559,-14.7687],[-145.2137,-14.357]],[[-146.1141,-14.6562],[-146.5708,-14.6786],[-146.4385,-14.265],[-145.8285,-14.1305],[-145.6294,-14.3815],[-146.1141,-14.6562]],[[-153.0224,-22.7283],[-152.8356,-22.4369],[-152.6952,-22.839],[-153.0224,-22.7283]],[[-151.5156,-22.2844],[-151.1809,-22.3052],[-151.2224,-22.692],[-151.5285,-22.6319],[-151.5156,-22.2844]],[[-149.5035,-23.1282],[-149.2141,-23.4822],[-149.5367,-23.6017],[-149.7391,-23.3127],[-149.5035,-23.1282]],[[-147.7148,-23.6578],[-147.3681,-23.8247],[-147.8738,-24.0227],[-147.7148,-23.6578]],[[-143.1025,-20.4944],[-142.8349,-20.7405],[-143.0746,-20.9124],[-143.7479,-20.5307],[-143.4295,-20.2392],[-143.1025,-20.4944]],[[-145.6845,-15.8518],[-145.7548,-15.3716],[-145.3041,-15.3361],[-145.2557,-15.596],[-144.4784,-15.5865],[-144.5679,-16.1961],[-143.9106,-16.2362],[-143.5427,-16.4161],[-143.269,-16.0857],[-142.8607,-16.2427],[-142.606,-16.8446],[-142.8711,-17.3263],[-143.1679,-17.3905],[-143.8735,-16.8023],[-144.2731,-17.366],[-145.527,-16.8528],[-146.0211,-16.2387],[-146.4969,-16.3472],[-146.5833,-16.0538],[-147.2831,-15.5221],[-148.2411,-15.3268],[-148.8778,-15.0169],[-148.8679,-14.7324],[-147.65,-14.7441],[-147.0485,-15.1512],[-146.7585,-15.0015],[-146.1458,-15.1387],[-146.0298,-15.5989],[-145.6845,-15.8518]]],[[[-144.4526,-16.6909],[-144.6715,-16.4039],[-145.1607,-16.5088],[-144.4526,-16.6909]]]]},"properties":{"tzid":"Etc/GMT+10"}},
{"type":"Feature","geometry":{"type":"MultiPolygon","coordinates":[[[[-172.5,52.5905],[-172.499,52.5906],[-172.0172,52.4451],[-172.4971,52.0484],[-172.5,52.0482],[-172.5,-8.3307],[-172.4973,-8.3307],[-172.2654,-8.5215],[-172.4995,-8.7879],[-172.5,-8.7879],[-172.5,-13.2619],[-172.4923,-13.2609],[-171.9783,-13.6098],[-171.2078,-13.937],[-171.3975,-14.2771],[-172.4894,-14.0006],[-172.5,-14.0014],[-172.5,-75],[-157.5,-75],[-157.5,-20.3263],[-157.5002,-20.3261],[-157.539,-20.0324],[-158.2824,-20.1577],[-158.4961,-19.7326],[-157.9346,-19.8514],[-157.5006,-19.7452],[-157.5,-19.7462],[-157.5,1.5996],[-157.7605,1.895],[-157.5,2.2472],[-157.5,21.0067],[-158.1401,21.0965],[-158.4968,21.5828],[-157.861,21.8867],[-157.5,21.4705],[-157.5,21.4704],[-157.5,55.5829],[-157.5054,55.5838],[-157.5,55.9702],[-157.5,56.1158],[-159.3056,55.4519],[-158.8704,54.9865],[-159.6078,54.5554],[-161.1064,54.9554],[-162,54.42],[-162.788,54.0996],[-163.2546,54.4624],[-164.0091,54.4244],[-164.8289,53.8872],[-165.7028,53.8436],[-166.5396,53.2864],[-169.1684,52.5688],[-169.497,52.6188],[-171.4176,52.2602],[-171.5071,52.6704],[-169.9209,53.2616],[-169.3487,53.0829],[-168.21,53.7545],[-168.3269,54.0589],[-167.7333,54.026],[-167.538,53.6527],[-167.1935,54.1303],[-166.4242,54.2109],[-165.2947,54.5782],[-164.6589,55.098],[-163.4658,55.3021],[-162,56.065],[-160.7852,56.2287],[-160.6591,56.399],[-159.0204,57.073],[-158.0753,57.7476],[-158.1969,58.3825],[-158.8537,58.191],[-159.7516,58.4293],[-162,58.3918],[-162.5346,58.5792],[-162.1693,58.8685],[-162.7156,59.6425],[-164.1044,59.4834],[-164.8212,59.9983],[-166.318,59.557],[-167.6621,59.9492],[-167.8227,60.2733],[-165.5457,60.8572],[-166.3728,61.2711],[-166.5945,61.6395],[-166.3396,62.173],[-165.33,62.8294],[-165.4201,63.1563],[-163.8788,63.4512],[-163.2385,63.287],[-162.6285,63.8337],[-162,63.7744],[-161.3145,63.9144],[-162,64.28],[-162.6696,64.1321],[-164.2152,64.3651],[-165.1102,64.2408],[-166.5684,64.3488],[-167.4191,65.2022],[-169.0486,65.469],[-169.8773,65.787],[-170.2235,65.4711],[-171.6798,65.1975],[-171.804,64.3277],[-172.3797,64.1918],[-172.5,64.154],[-172.5,60.603],[-172.4956,60.6005],[-171.8589,60.2278],[-172.4995,60.0435],[-172.5,60.0433],[-172.5,52.5905]],[[-172.2627,63.3971],[-172.0668,63.9214],[-171.0276,63.7897],[-170.3186,63.8985],[-168.4741,63.4722],[-168.3843,63.0122],[-169.5485,62.742],[-170.9634,63.2166],[-171.3666,63.1102],[-172.2627,63.3971]],[[-168.4732,65.0881],[-167.634,65.0747],[-167.8613,64.778],[-168.4732,65.0881]],[[-169.9315,56.4152],[-169.8348,56.8117],[-169.1401,56.6833],[-169.5132,56.3354],[-169.9315,56.4152]],[[-170.7675,57.0931],[-170.165,57.4475],[-169.6599,57.0508],[-170.2827,56.8529],[-170.7675,57.0931]],[[-172.0654,-9.1004],[-171.7006,-8.9168],[-171.5681,-9.2618],[-171.9448,-9.3886],[-172.0654,-9.1004]],[[-171.4376,-9.2577],[-171.1732,-9.1262],[-170.9975,-9.4809],[-171.2453,-9.6423],[-171.4376,-9.2577]],[[-169.6395,16.9301],[-169.2629,16.8444],[-169.6864,16.5487],[-169.6395,16.9301]],[[-164.7867,23.3897],[-164.8932,23.6796],[-164.4762,23.5828],[-164.7867,23.3897]],[[-165.8428,23.685],[-166.3213,23.4943],[-166.5394,23.8959],[-166.2044,24.0754],[-165.8428,23.685]],[[-167.9266,25.1894],[-167.7887,24.9373],[-168.2142,24.9518],[-167.9266,25.1894]],[[-170.842,25.4512],[-170.6416,25.7073],[-170.429,25.4201],[-170.842,25.4512]],[[-171.9395,25.6643],[-171.5504,25.9143],[-171.6522,25.5684],[-171.9395,25.6643]],[[-160.4641,21.8481],[-160.1827,22.2153],[-159.6024,22.4268],[-159.0835,22.1938],[-159.3425,21.6912],[-159.8781,21.8122],[-160.5211,21.4491],[-160.4641,21.8481]],[[-172.1959,-4.742],[-172.3842,-4.393],[-172.0147,-4.334],[-172.1959,-4.742]],[[-171.2469,-4.668],[-171.4465,-4.372],[-171.2063,-4.242],[-171.2469,-4.668]],[[-170.7149,-3.926],[-170.9181,-3.706],[-170.5644,-3.581],[-170.7149,-3.926]],[[-171.5187,-3.79],[-171.6931,-3.479],[-171.3301,-3.504],[-171.5187,-3.79]],[[-171.0917,-3.347],[-171.1534,-2.915],[-170.8767,-3.113],[-171.0917,-3.347]],[[-171.6234,-3.07],[-171.895,-2.905],[-171.7581,-2.569],[-171.415,-2.854],[-171.6234,-3.07]],[[-159.3059,3.606],[-159.5784,3.817],[-159.3388,4.14],[-159.051,3.779],[-159.3059,3.606]],[[-160.3554,4.47],[-160.5867,4.596],[-160.3967,4.9],[-160.1498,4.661],[-160.3554,4.47]],[[-170.1281,-18.9699],[-169.69,-18.7981],[-169.7187,-19.307],[-170.1046,-19.235],[-170.1281,-18.9699]],[[-168.2502,-14.3526],[-168.0106,-14.7078],[-168.2776,-14.7243],[-168.2502,-14.3526]],[[-169.6604,-14.389],[-169.8928,-14.1473],[-169.6167,-13.9545],[-169.2609,-14.0896],[-169.3469,-14.4444],[-169.6604,-14.389]],[[-170.5734,-14.4903],[-170.8619,-14.5484],[-171.0365,-14.2419],[-170.4806,-14.0605],[-170.5734,-14.4903]],[[-159.5132,-21.2023],[-159.995,-21.3759],[-159.8194,-20.9954],[-159.5132,-21.2023]],[[-157.7081,-21.8072],[-157.8442,-22.1547],[-158.1752,-21.9605],[-157.7081,-21.8072]],[[-159.9928,-18.7536],[-159.6463,-18.6593],[-159.5905,-19.1034],[-159.9656,-19.0819],[-159.9928,-18.7536]],[[-158.9442,-19.0476],[-158.8063,-19.4541],[-159.1706,-19.3406],[-158.9442,-19.0476]],[[-163.3721,-17.9333],[-162.9129,-17.9739],[-163.1588,-18.2961],[-163.3721,-17.9333]],[[-163.3561,-13.1281],[-162.8678,-13.1741],[-163.2771,-13.4983],[-163.3561,-13.1281]],[[-165.5885,-11.6763],[-165.4101,-11.353],[-165.205,-11.5423],[-165.5885,-11.6763]],[[-165.9614,-10.6762],[-165.6697,-10.7209],[-165.7104,-11.08],[-166.114,-10.9741],[-165.9614,-10.6762]],[[-160.9428,-10.1788],[-160.7527,-10.3974],[-161.1903,-10.5748],[-161.2284,-9.8427],[-160.9428,-10.1788]],[[-158.2538,-8.8936],[-158.0876,-8.72],[-157.6789,-9.0003],[-157.8615,-9.2782],[-158.2538,-8.8936]]],[[[-157.5,-19.9859],[-157.5008,-19.9872],[-157.5,-19.9865],[-157.5,-19.9859]]],[[[-172.5,67.2182],[-172.485,67.2147],[-171.4942,67.1292],[-170.8273,66.7455],[-169.227,66.2153],[-168.9769,65.9672],[-168.4393,65.829],[-166.1147,66.4964],[-164.571,66.7721],[-163.0792,66.6342],[-164.37,67.0586],[-164.5277,67.4791],[-167.3536,68.2723],[-166.3199,69.0775],[-164.4388,69.1199],[-163.7207,69.4299],[-163.4673,69.9385],[-162,70.5261],[-160.9139,70.6036],[-160.1016,70.9281],[-157.5023,71.3102],[-157.5,71.3114],[-157.5,90],[-172.5,90],[-172.5,67.2182]]]]},"properties":{"tzid":"Etc/GMT+11"}},
{"type":"Feature","geometry":{"type":"MultiPolygon","coordinates":[[[[-180,52.1385],[-180,51.7941],[-180,-9.2282],[-180,-9.5852],[-180,-15.5089],[-178.945,-16.0319],[-178.7432,-16.6548],[-178.045,-17.8368],[-178.1329,-18.8795],[-178.0136,-19.771],[-178.6083,-21.1551],[-179.0155,-21.1512],[-179.094,-20.8188],[-180,-19.8005],[-180,-75],[-172.5,-75],[-172.5,-14.0014],[-172.5314,-14.0036],[-172.9947,-13.5904],[-172.5249,-13.2652],[-172.5,-13.2619],[-172.5,-8.7879],[-172.5027,-8.788],[-172.7236,-8.5439],[-172.5005,-8.3307],[-172.5,-8.3307],[-172.5,52.0482],[-172.5027,52.048],[-173.0612,51.8159],[-175.2603,51.8075],[-176.9345,51.3911],[-177.3929,51.4921],[-178.5829,51.343],[-179.0679,51.0121],[-179.4335,51.1316],[-179.3309,51.7075],[-179.0024,52.0053],[-176.976,52.1215],[-175.5474,52.3848],[-174.852,52.3318],[-174.0249,52.6028],[-173.67,52.3493],[-172.9626,52.2995],[-172.5046,52.59],[-172.5,52.5905],[-172.5,60.0433],[-172.5049,60.0413],[-173.1784,60.1435],[-173.5208,60.6627],[-172.7719,60.8402],[-172.5002,60.6031],[-172.5,60.603],[-172.5,64.154],[-172.6178,64.1169],[-173.9011,64.1583],[-176.1559,64.8216],[-176.3941,65.2622],[-178.7278,65.2626],[-180,64.7463],[-180,62.8759],[-180,62.5546],[-180,52.1385]],[[-178.9898,-31.2119],[-178.5889,-31.3602],[-178.9297,-31.5352],[-178.9898,-31.2119]],[[-178.671,-30.2364],[-178.2007,-30.1504],[-178.4735,-30.7326],[-178.7397,-30.6739],[-178.671,-30.2364]],[[-177.8478,-29.4878],[-178.1978,-29.3114],[-178.0354,-29.0443],[-177.6248,-29.2374],[-177.8478,-29.4878]],[[-176.0933,-44.6057],[-176.386,-44.6063],[-177.2447,-43.9009],[-177.0304,-43.3259],[-176.1696,-43.5266],[-175.574,-43.8687],[-175.5933,-44.3894],[-176.0933,-44.6057]],[[-174.216,26.1173],[-173.7827,26.1864],[-173.8311,25.8927],[-174.216,26.1173]],[[-176.2082,27.8748],[-175.7004,28.1527],[-175.6671,27.6141],[-176.083,27.5875],[-176.2082,27.8748]],[[-174.4991,-4.896],[-174.7356,-4.602],[-174.5036,-4.458],[-174.4991,-4.896]],[[-174.1266,-3.799],[-174.2311,-3.422],[-173.9449,-3.495],[-174.1266,-3.799]],[[-178.5628,28.3051],[-178.239,28.6438],[-178.0584,28.373],[-178.5628,28.3051]],[[-177.3205,28.0019],[-177.6018,28.3587],[-177.0887,28.2424],[-177.3205,28.0019]],[[-176.2291,-22.134],[-176.0449,-22.4847],[-176.3607,-22.4901],[-176.2291,-22.134]],[[-175.1715,-21.47],[-175.5498,-21.0068],[-174.889,-20.8519],[-174.7512,-21.5961],[-175.1715,-21.47]],[[-175.4733,-20.351],[-175.182,-20.6526],[-175.4144,-20.7677],[-175.4733,-20.351]],[[-174.3481,-20.1948],[-174.4085,-20.5635],[-174.9694,-20.5839],[-175.0099,-19.9846],[-175.3185,-19.7386],[-175.0326,-19.4462],[-174.3727,-19.4065],[-174.0623,-19.6278],[-174.3481,-20.1948]],[[-174.7073,-19.0184],[-174.9921,-19.366],[-174.8361,-18.672],[-174.4091,-18.7914],[-174.7073,-19.0184]],[[-174.1064,-18.4328],[-173.835,-18.4048],[-173.8938,-19.0351],[-174.2887,-18.9572],[-174.1064,-18.4328]],[[-174.5274,-17.9631],[-174.2505,-17.8201],[-173.9974,-18.0536],[-174.192,-18.3655],[-174.5274,-17.9631]],[[-175.8626,-15.5071],[-175.5784,-15.3713],[-175.6159,-15.8399],[-175.8626,-15.5071]],[[-173.541,-15.9197],[-173.9439,-16.1157],[-173.9188,-15.718],[-173.541,-15.9197]],[[-179.1488,-23.5671],[-178.8528,-23.416],[-178.6807,-23.7208],[-179.114,-24.1598],[-179.3649,-24.0477],[-179.1488,-23.5671]],[[-178.3554,-14.3747],[-178.0808,-14.0589],[-177.7954,-14.3439],[-178.1168,-14.5497],[-178.3554,-14.3747]],[[-175.9949,-13.1094],[-176.0069,-13.5109],[-176.3008,-13.5727],[-176.3587,-13.0516],[-175.9949,-13.1094]]],[[[-180,69.2895],[-177.2223,68.4499],[-173.3566,67.2807],[-172.528,67.2247],[-172.5,67.2182],[-172.5,90],[-180,71.7491],[-178.0285,71.714],[-176.8928,71.3269],[-177.1366,70.9643],[-180,70.7166],[-180,69.2895]],[[-175.5768,71.1568],[-176.0279,71.606],[-175.141,71.5392],[-175.5768,71.1568]]]]},"properties":{"tzid":"Etc/GMT+12"}}
]}